p21003_i0,p31,p54_i0,storage_time,p1558_i0,p20116_i0,p23099_i0,p22189,p6138_i0,p884_i0,p1438_i0,p1458_i0,p1329_i0,grip_strength,p1349_i0,p1359_i0,p1389_i0,p1309_i0,p1319_i0
,0.01983353374446808,0.028402220833256508,-0.03375476557759774,-0.05742380438614312,0.15176611576141727,0.12243072645340626,-0.05735364975014201,0.13119304767200488,0.0594463522375807,0.029141649383751505,0.10533819125923082,-0.02356379341730743,-0.19350838287173752,0.01696567346832004,0.07953914896988185,0.03763851144413325,0.0862353518894127,0.09176384024652057
0.019833533744468078,,0.25391688935762785,0.002333262984045452,0.31387002952919224,0.2511795309316159,-0.6542560367379406,0.011452753973793231,0.2257670345117664,-0.0010579837547687206,0.3035686201978672,-0.013263168314067745,0.2681274538727534,0.7363017991231908,0.3301892202266231,0.3581469099137561,0.20442594700583774,-0.12146163022683323,-0.06755783077827679
0.028402220833256504,0.25391688935762785,,0.05717519209263106,0.3458584945414069,0.30509067671012435,0.006552826402690851,-0.1170998105292863,0.25024189590337836,0.010422558733914003,0.03629241199124352,0.02676185780882482,0.3239900874652137,0.0012111591970296884,0.3404739422513051,0.36847104416364196,0.29462775933551666,0.003810103236498612,0.002421189872389791
-0.03375476557759774,0.002333262984045451,0.057175192092631055,,0.004271008963625235,-0.023662704039349666,0.006318996014059405,-0.021394004921840397,0.01957346965309168,-0.024579120790772842,0.01839427509416519,0.004092489238013086,-0.0022888414575147854,0.0715766235771262,0.008312854421859375,0.00946063797289042,0.004136817895522537,0.026434766249419005,0.005817398879958517
-0.057423804386143106,0.31387002952919224,0.3458584945414069,0.004271008963625232,,0.34000719219834696,0.042926896143676736,-0.015868103571624638,0.29096966804501806,-0.009607252252158064,-0.0030952613624091845,0.05073029909781644,0.3406835382829422,-0.03340625020632963,0.3669104624980407,0.41421241536751835,0.3031381840751728,0.05079347831827063,0.006165055466831153
0.15176611576141727,0.2511795309316159,0.30509067671012435,-0.023662704039349673,0.34000719219834696,,0.036437880934102405,-0.028546253673202352,0.2450695241553605,0.005158212679044961,-0.005349426158338104,0.030345783504851644,0.30164214832880265,0.021305800343070194,0.33225209789417265,0.38291718545533276,0.24310133141669973,0.054299300468009196,0.02738730112018719
0.12243072645340626,-0.6542560367379406,0.006552826402690855,0.006318996014059406,0.042926896143676736,0.03643788093410241,,0.043098845217422806,0.12765822506499622,-0.09367603337812112,-0.2224142521162919,-0.035306552069143744,0.009503883745707039,-0.5399299130841703,0.061219423797794395,-0.03476764087880749,0.017478265904857675,0.06789444213149061,-0.012662353474875168
-0.05735364975014201,0.011452753973793228,-0.11709981052928631,-0.021394004921840397,-0.015868103571624638,-0.02854625367320235,0.043098845217422806,,0.06482506567397453,0.03283153585548125,0.033047694525532655,-0.10482579178661387,-0.007535094558429543,-0.05422576021248152,-0.026348150190636657,0.026575938975957197,0.016422501757606473,-0.019430538378393165,-0.04324997936291138
0.1311930476720049,0.2257670345117664,0.25024189590337836,0.01957346965309168,0.29096966804501806,0.2450695241553605,0.1276582250649962,0.06482506567397453,,0.03412690985447595,0.023051133093640902,-0.023898653216686595,0.25746727652209195,-0.09097491077270013,0.3027360455649503,0.3587948054410785,0.18645422611038848,-0.03795525828944426,-0.06383050539189257
0.0594463522375807,-0.0010579837547687295,0.01042255873391399,-0.024579120790772842,-0.009607252252158055,0.005158212679044952,-0.0936760333781211,0.03283153585548125,0.034126909854475945,,0.050281227431957225,0.023201817800140113,-0.03522018602482983,0.019480995144066093,0.004647482612937305,0.008399824176218883,0.01564624681418822,0.08396645820110633,0.07933332930483937
0.029141649383751505,0.3035686201978672,0.03629241199124352,0.018394275094165195,-0.003095261362409193,-0.005349426158338097,-0.2224142521162919,0.03304769452553265,0.023051133093640902,0.05028122743195722,,-0.03674546949946188,-0.006902308089451872,0.21443887670576142,-0.09645665946336483,0.01763420390694691,0.005034262303624278,-0.09091054312379089,-0.05646990153478162
0.10533819125923082,-0.01326316831406775,0.026761857808824806,0.004092489238013085,0.05073029909781644,0.03034578350485167,-0.035306552069143744,-0.10482579178661387,-0.0238986532166866,0.023201817800140113,-0.03674546949946188,,-0.0036016922879490805,-0.0175055216257446,0.03405246014835655,-0.0012287310021799926,-0.0017817400163414492,0.12578804464854443,0.12338057464415647
-0.023563793417307445,0.2681274538727534,0.3239900874652137,-0.0022888414575147837,0.3406835382829422,0.30164214832880265,0.009503883745707039,-0.007535094558429539,0.25746727652209195,-0.035220186024829805,-0.006902308089451885,-0.003601692287949076,,-0.012457482502644059,0.34341901846238426,0.3793976125980965,0.25830674679399446,-0.057107116652897826,-0.04645005900478682
-0.19350838287173752,0.7363017991231908,0.001211159197029691,0.0715766235771262,-0.03340625020632964,0.021305800343070187,-0.5399299130841703,-0.05422576021248152,-0.09097491077270013,0.019480995144066086,0.21443887670576142,-0.017505521625744595,-0.012457482502644064,,-0.10160831991420952,-0.02514535282768269,-0.031124609172642082,-0.09966964641001476,-0.05081910861040555
0.01696567346832004,0.3301892202266231,0.3404739422513051,0.008312854421859375,0.3669104624980407,0.33225209789417265,0.061219423797794395,-0.026348150190636657,0.3027360455649503,0.004647482612937284,-0.0964566594633648,0.03405246014835654,0.34341901846238426,-0.10160831991420952,,0.40137098255062986,0.29242615812379896,0.06036442609236748,0.04129510045454419
0.07953914896988189,0.3581469099137561,0.36847104416364196,0.009460637972890422,0.41421241536751835,0.38291718545533276,-0.03476764087880749,0.026575938975957197,0.3587948054410785,0.008399824176218871,0.017634203906946904,-0.0012287310021800268,0.3793976125980965,-0.025145352827682686,0.40137098255062986,,0.3438538033413158,-0.027762019650540783,0.005876199954081994
0.03763851144413326,0.20442594700583774,0.29462775933551666,0.004136817895522537,0.3031381840751728,0.24310133141669973,0.017478265904857668,0.016422501757606477,0.18645422611038848,0.01564624681418825,0.005034262303624287,-0.0017817400163414414,0.25830674679399446,-0.03112460917264208,0.29242615812379896,0.3438538033413158,,-0.0010333113878140865,0.00331175643523344
0.0862353518894127,-0.12146163022683322,0.00381010323649861,0.026434766249419005,0.05079347831827061,0.05429930046800918,0.06789444213149061,-0.019430538378393165,-0.037955258289444266,0.08396645820110633,-0.0909105431237909,0.12578804464854443,-0.05710711665289781,-0.09966964641001477,0.06036442609236751,-0.027762019650540783,-0.0010333113878140982,,0.1888361863986531
0.09176384024652058,-0.06755783077827682,0.0024211898723897965,0.005817398879958522,0.006165055466831158,0.02738730112018717,-0.012662353474875168,-0.043249979362911375,-0.06383050539189258,0.07933332930483937,-0.05646990153478161,0.1233805746441565,-0.046450059004786805,-0.05081910861040555,0.041295100454544174,0.005876199954081993,0.0033117564352334486,0.18883618639865313,
