coding	meaning
0010	A00
0011	A00
0019	A00
0020	A01
0021	A01
0022	A01
0023	A01
0029	A01
0031	A02
0032	A02
0038	A02
0039	A02
0040	A03
0041	A03
0042	A03
0043	A03
0048	A03
0049	A03
0050	A05
0051	A05
0052	A05
0054	A05
0059	A05
0060	A06
0061	A06
0062	A06
0063	A06
0064	A06
0065	A06
0066	A06
0068	A06
0069	A06
0070	A07
0071	A07
0072	A07
0073	A07
0078	A07
0079	A07
0080	A04
0086	A08
0088	A08
0130	A17
0131	A17
0138	A17
0139	A17
014	A18
0150	A18
0151	A18
0152	A18
0157	A18
0158	A18
0159	A18
0160	A18
0161	A18
0162	A18
0163	A18
0164	A18
0169	A18
0170	A18
0171	A18
0172	A18
0173	A18
0174	A18
0175	A18
0176	A18
0177	A18
0178	A18
0180	A19
0188	A19
0189	A19
0200	A20
0201	A20
0202	A20
0203	A20
0204	A20
0205	A20
0208	A20
0209	A20
021	A21
0220	A22
0221	A22
0222	A22
0223	A22
0228	A22
0229	A22
0231	A23
0232	A23
0233	A23
0238	A23
0239	A23
0260	A25
0261	A25
0269	A25
0270	A32
0271	A26
0272	A28
0279	A28
0300	A30
0301	A30
0302	A30
0303	A30
0308	A30
0309	A30
0310	A31
0311	A31
0318	A31
0319	A31
0320	A36
0321	A36
0322	A36
0323	A36
0328	A36
0329	A36
0330	A37
0331	A37
0338	A37
0339	A37
0341	A38
035	A46
0360	A39
0361	A39
0362	A39
0364	A39
0368	A39
0369	A39
037	A35
0381	A41
0383	A41
0400	A48
0419	A49
0459	A80
0460	A81
0461	A81
0462	A81
0463	A81
0468	A81
0469	A81
0478	A87
0490	A87
0491	A87
0500	B03
0501	B03
0502	B03
0509	B03
0510	B08
0511	B08
0512	B08
0519	B08
052	B01
0530	B02
0531	B02
0532	B02
0537	B02
0538	B02
0539	B02
0540	B00
0543	B00
0544	B00
0545	B00
0550	B05
0551	B05
0552	B05
0557	B05
0558	B05
0559	B05
0560	B06
0567	B06
0568	B06
0569	B06
0570	B08
0579	B09
0600	A95
0601	A95
0609	A95
0620	A83
0621	A83
0622	A83
0623	A83
0624	A83
0628	A83
0629	A83
0630	A84
0631	A84
0632	A84
0638	A84
0639	A84
064	A85
0650	A98
0651	A98
0652	A98
0662	A92
0700	B15
0701	B15
0706	B19
0709	B19
071	A82
0720	B26
0721	B26
0722	B26
0723	B26
0727	B26
0728	B26
0729	B26
073	A70
0740	B08
0743	B08
075	B27
0760	A71
0761	A71
0769	A71
0771	B30
0772	B30
0774	B30
0778	B30
0780	B08
0783	A28
0786	A98
0787	A96
080	A75
0810	A75
0811	A75
0812	A75
0819	A75
0820	A77
0821	A77
0822	A77
0823	A77
0828	A77
0829	A77
0830	A78
0831	A79
0832	A79
0838	A79
0839	A79
0843	B53
0850	B55
0851	B55
0852	B55
0853	B55
0854	B55
0855	B55
0859	B55
0860	B57
0861	B57
0862	B57
0863	B56
0864	B56
0865	B56
0869	B56
0870	A68
0879	A68
0880	A44
0900	A50
0901	A50
0902	A50
0903	A50
0904	A50
0905	A50
0906	A50
0907	A50
0909	A50
0910	A51
0911	A51
0912	A51
0913	A51
0914	A51
0915	A51
0916	A51
0917	A51
0918	A51
0919	A51
0920	A51
0929	A51
0930	A52
0931	A52
0932	A52
0938	A52
0939	A52
0940	A52
0941	A52
0942	A52
0943	A52
0948	A52
0949	A52
096	A52
0970	A52
0971	A53
0979	A53
0984	A54
0985	A54
0986	A54
0987	A54
0990	A57
0991	A55
0992	A58
0993	M02
0999	A64
1000	A27
1008	A27
1009	A27
101	A69
1020	A66
1021	A66
1022	A66
1023	A66
1024	A66
1025	A66
1026	A66
1027	A66
1028	A66
1029	A66
1030	A67
1031	A67
1032	A67
1033	A67
1039	A67
1040	A65
1049	A69
1100	B35
1101	B35
1102	B35
1103	B35
1104	B35
1105	B35
1106	B35
1108	B35
1109	B35
1110	B36
1111	B36
1112	B36
1113	B36
1118	B36
1119	B36
1120	B37
1121	B37
1122	B37
1123	B37
1124	B37
1125	B37
1128	B37
1129	B37
1150	B39
1151	B39
1159	B39
1160	B40
1161	B41
1162	B48
1170	B48
1171	B42
1172	B43
1175	B45
1176	B48
1177	B46
1178	B43
1201	B65
1202	B65
1203	B65
1208	B65
1210	B66
1211	B66
1212	B66
1213	B66
1214	B66
1215	B66
1216	B66
1218	B66
1219	B66
1220	B67
1221	B67
1222	B67
1223	B67
1224	B67
1225	B67
1226	B67
1227	B67
1228	B67
1229	B67
1230	B68
1231	B69
1232	B68
1233	B68
1234	B70
1235	B70
1236	B71
1238	B71
1239	B71
124	B75
1250	B74
1251	B74
1252	B74
1253	B73
1257	B72
1259	B74
1260	B76
1261	B76
1262	B76
1263	B76
1268	B76
1269	B76
1270	B77
1271	B81
1272	B78
1273	B79
1274	B80
1275	B81
1276	B81
1277	B81
1278	B81
1279	B82
1280	B83
1281	B83
1289	B83
129	B82
130	B58
1310	A59
1318	A59
1319	A59
1320	B85
1321	B85
1322	B85
1323	B85
1329	B85
1330	B86
1338	B88
1339	B88
1340	B87
1349	B88
135	D86
1360	L94
1361	M35
1363	B59
1365	A07
1370	B90
1371	B90
1372	B90
1373	B90
1374	B90
138	B91
1390	B94
1391	B94
1400	C00
1401	C00
1403	C00
1404	C00
1405	C00
1406	C00
1408	C00
1409	C00
1410	C01
1411	C02
1412	C02
1413	C02
1414	C02
1416	C02
1418	C02
1419	C02
1420	C07
1421	C08
1422	C08
1428	C08
1429	C08
1430	C03
1431	C03
1438	C03
1439	C03
1440	C04
1441	C04
1448	C04
1449	C04
1450	C06
1451	C06
1452	C05
1453	C05
1454	C05
1455	C05
1456	C06
1459	C06
1460	C09
1461	C09
1462	C09
1463	C10
1464	C10
1465	C10
1466	C10
1467	C10
1469	C10
1470	C11
1471	C11
1472	C11
1473	C11
1478	C11
1479	C11
1480	C13
1481	C12
1482	C13
1483	C13
1488	C13
1489	C13
1490	C14
1491	C14
1500	C15
1501	C15
1502	C15
1503	C15
1504	C15
1505	C15
1508	C15
1509	C15
1510	C16
1511	C16
1512	C16
1513	C16
1514	C16
1515	C16
1516	C16
1518	C16
1519	C16
1520	C17
1521	C17
1522	C17
1523	C17
1528	C17
1529	C17
1530	C18
1531	C18
1532	C18
1533	C18
1534	C18
1535	C18
1536	C18
1537	C18
1538	C18
1539	C18
1540	C19
1541	C20
1542	C21
1543	C21
1548	C21
1550	C22
1551	C22
1552	C22
1560	C23
1561	C24
1562	C24
1568	C24
1569	C24
1570	C25
1571	C25
1572	C25
1573	C25
1574	C25
1578	C25
1579	C25
1580	C48
1590	C26
1591	C26
1599	C26
1600	C30
1601	C30
1602	C31
1603	C31
1604	C31
1605	C31
1608	C31
1609	C31
1610	C32
1611	C32
1612	C32
1613	C32
1618	C32
1619	C32
1620	C33
1622	C34
1623	C34
1624	C34
1625	C34
1628	C34
1629	C34
1640	C37
1642	C38
1643	C38
1649	C38
1650	C39
1659	C39
1700	C41
1701	C41
1702	C41
1703	C41
1704	C40
1705	C40
1706	C41
1707	C40
1708	C40
1720	C43
1721	C43
1722	C43
1723	C43
1724	C43
1725	C43
1726	C43
1727	C43
1729	C43
1730	C44
1731	C44
1732	C44
1733	C44
1734	C44
1735	C44
1736	C44
1737	C44
1738	C44
1740	C50
1741	C50
1742	C50
1743	C50
1744	C50
1745	C50
1746	C50
1748	C50
1749	C50
175	C50
179	C55
1800	C53
1801	C53
1808	C53
1809	C53
181	C58
1820	C54
1821	C54
1830	C56
1832	C57
1833	C57
1834	C57
1835	C57
1839	C57
1840	C52
1841	C51
1842	C51
1843	C51
1844	C51
1849	C57
185	C61
1860	C62
1869	C62
1871	C60
1872	C60
1873	C60
1874	C60
1875	C63
1876	C63
1877	C63
1879	C63
1880	C67
1881	C67
1882	C67
1883	C67
1884	C67
1885	C67
1886	C67
1887	C67
1888	C67
1889	C67
1890	C64
1891	C65
1892	C66
1893	C68
1894	C68
1899	C68
1900	C69
1901	C69
1902	C69
1903	C69
1904	C69
1905	C69
1906	C69
1907	C69
1908	C69
1909	C69
1911	C71
1912	C71
1913	C71
1914	C71
1915	C71
1917	C71
1918	C71
1920	C72
1922	C72
1923	C70
1928	C72
1929	C72
193	C73
1940	C74
1941	C75
1943	C75
1944	C75
1945	C75
1946	C75
1948	C75
1949	C75
1950	C76
1951	C76
1952	C76
1953	C76
1954	C76
1955	C76
1960	C77
1961	C77
1962	C77
1963	C77
1965	C77
1966	C77
1968	C77
1969	C77
1970	C78
1971	C78
1972	C78
1973	C78
1974	C78
1975	C78
1976	C78
1977	C78
1978	C78
1980	C79
1981	C79
1982	C79
1983	C79
1984	C79
1985	C79
1986	C79
1987	C79
2002	C83
2010	C81
2011	C81
2012	C81
2014	C81
2015	C81
2016	C81
2017	C81
2019	C81
2021	C84
2022	C84
2024	C91
2025	C96
2026	C96
2029	C96
2030	C90
2031	C90
2040	C91
2041	C91
2050	C92
2052	C92
2053	C92
2059	C92
2060	C93
2061	C93
2068	C93
2069	C93
2070	C94
2080	C95
2081	C95
2089	C95
2100	D10
2101	D10
2102	D11
2103	D10
2104	D10
2105	D10
2106	D10
2107	D10
2108	D10
2109	D10
2110	D13
2111	D13
2112	D13
2113	D12
2114	D12
2115	D13
2117	D13
2119	D13
2120	D14
2121	D14
2122	D14
2123	D14
2125	D15
2126	D15
2127	D15
2128	D15
2129	D14
2130	D16
2131	D16
2132	D16
2133	D16
2134	D16
2135	D16
2136	D16
2137	D16
2138	D16
2139	D16
214	D17
2150	D21
2152	D21
2153	D21
2154	D21
2156	D21
2157	D21
217	D24
218	D25
2190	D26
2191	D26
2198	D26
2199	D26
220	D27
2210	D28
2211	D28
2212	D28
2218	D28
2219	D28
2220	D29
2221	D29
2222	D29
2223	D29
2224	D29
2228	D29
2229	D29
2230	D30
2231	D30
2232	D30
2233	D30
2238	D30
2239	D30
2240	D31
2242	D31
2243	D31
2244	D31
2245	D31
2246	D31
2247	D31
2249	D31
2250	D33
2252	D32
2253	D33
2254	D32
2258	D33
2259	D33
226	D34
2270	D35
2271	D35
2273	D35
2274	D35
2275	D35
2276	D35
2278	D35
2279	D35
2281	D18
2290	D36
2300	D00
2301	D00
2302	D00
2303	D01
2304	D01
2305	D01
2306	D01
2307	D01
2308	D01
2309	D01
2310	D02
2311	D02
2312	D02
2318	D02
2319	D02
2330	D05
2331	D06
2332	D07
2333	D07
2334	D07
2335	D07
2336	D07
2337	D09
2339	D09
2340	D09
2349	D09
2350	D37
2351	D37
2356	D38
2357	D38
2358	D38
2359	D38
2360	D39
2361	D39
2362	D39
2363	D39
2364	D40
2365	D40
2366	D40
2367	D41
2369	D41
2377	Q85
2380	D48
2381	D48
2382	D48
2383	D48
2384	D45
2385	D47
2386	C90
2389	D48
2391	D38
2392	D48
2393	D48
2394	D41
2399	D48
2400	E04
2440	E89
2441	E89
2442	E03
2443	E03
2450	E06
2451	E06
2452	E06
2453	E06
2454	E06
2458	E06
2459	E06
2460	E07
2462	E04
2463	E07
2469	E07
2510	E15
2511	E16
2512	E16
2513	E89
2514	E16
2519	E16
2520	E21
2528	E21
2529	E21
2532	E23
2533	E23
2534	E23
2535	E23
2540	E32
2541	E32
2548	E32
2549	E32
2550	E24
2551	E26
2552	E25
2553	E27
2556	E27
2559	E27
2560	E28
2564	E28
2569	E28
2570	E29
2572	E29
2581	E31
2589	E31
2592	E34
2593	E34
2630	E44
2631	E44
2640	E50
2641	E50
2642	E50
2643	E50
2644	E50
2645	E50
2646	E50
2647	E50
2648	E50
2649	E50
2650	E51
2651	E51
2652	E52
2660	E53
2661	E53
2669	E53
267	E54
2681	E64
2689	E55
2690	E56
2691	E56
2692	E56
2701	E70
2706	E72
2710	E74
2711	E74
2712	E74
2719	E74
2720	E78
2721	E78
2723	E78
2724	E78
2725	E78
2729	E78
2750	E83
2751	E83
2752	E83
2753	E83
2759	E83
2760	E87
2761	E87
2762	E87
2763	E87
2764	E87
2765	E86
2766	E87
2767	E87
2768	E87
2769	E87
2770	E84
2771	E80
2773	E85
2774	E80
2775	E76
2780	E66
2781	E65
2782	E67
2783	E67
2784	E67
280	D50
2810	D51
2811	D51
2812	D52
2813	D53
2818	D53
2819	D53
2830	D59
2832	D59
2840	D61
2851	D62
2858	D64
2859	D64
2860	D66
2861	D67
2862	D68
2863	D68
2864	D68
2865	D68
2866	D65
2867	D68
2869	D68
2870	D69
2871	D69
2873	D69
2874	D69
2875	D69
2878	D69
2880	D70
2881	D71
2883	D72
2889	D72
2890	D75
2891	I88
2892	I88
2894	D73
2895	D73
2896	D75
2897	D74
2899	D75
2903	F05
2904	F01
2908	F01
2910	F10
2911	F10
2912	F10
2913	F10
2914	F10
2915	F10
2918	F10
2919	F10
2950	F20
2951	F20
2952	F20
2953	F20
2955	F21
2956	F20
2963	F31
2990	F84
2991	F84
2998	F84
3003	F42
3006	F48
3007	F45
3012	F60
3014	F60
3015	F60
3016	F60
3017	F60
3019	F60
3022	F65
3024	F65
3025	F64
3027	F52
3040	F11
3041	F13
3042	F14
3043	F12
3044	F15
3045	F16
3047	F19
3048	F19
3049	F19
3050	F10
3069	F45
3070	F98
3072	F95
3073	F98
3074	F51
3076	F98
3077	F98
3102	F07
3109	F07
3120	F91
3121	F91
3128	F91
3139	F93
3140	F90
3141	F90
3142	F90
3148	F90
3149	F90
3150	F81
3151	F81
3152	F81
3153	F80
3154	F82
3200	G00
3201	G00
3202	G00
3203	G00
3208	G00
3220	G03
3222	G03
3235	G04
3240	G06
3241	G06
3249	G06
325	G08
326	G09
3312	G31
3313	G91
3314	G91
3320	G20
3321	G21
3331	G25
3333	G25
3334	G10
3335	G25
3336	G24
3338	G24
3341	G11
3350	G12
3351	G12
3352	G12
3358	G12
3359	G12
3360	G95
3368	G95
3369	G95
3370	G90
340	G35
3410	G36
3411	G37
3420	G81
3421	G81
3429	G81
3430	G80
3431	G80
3432	G82
3433	G80
3434	G80
3438	G80
3439	G80
3440	G82
3441	G82
3442	G83
3443	G83
3444	G83
3445	G83
3449	G83
3454	G40
3459	G40
3461	G43
347	G47
3480	G93
3481	G93
3482	G93
3489	G93
3492	G96
3501	G50
3502	G50
3508	G50
3509	G50
3510	G51
3511	G51
3518	G51
3519	G51
3520	G52
3521	G52
3522	G52
3523	G52
3524	G52
3525	G52
3529	G52
3530	G54
3531	G54
3532	G54
3533	G54
3534	G54
3535	G54
3536	G54
3538	G54
3539	G54
3540	G56
3541	G56
3542	G56
3543	G56
3544	G56
3545	G58
3549	G56
3550	G57
3551	G57
3552	G57
3553	G57
3554	G57
3555	G57
3556	G57
3558	G57
3559	G58
3563	G60
3564	G60
3569	G60
3570	G61
3575	G62
3577	G62
3580	G70
3582	G70
3588	G70
3589	G70
3590	G71
3591	G71
3592	G71
3593	G72
3594	G72
3600	H44
3602	H44
3603	H44
3604	H44
3605	H44
3606	H44
3608	H44
3609	H44
3610	H33
3611	H33
3612	H33
3613	H33
3618	H33
3619	H33
3621	H35
3624	H35
3625	H35
3626	H35
3627	H35
3629	H35
3630	H30
3631	H30
3632	H30
3635	H31
3636	H31
3637	H31
3638	H31
3639	H31
3640	H20
3641	H20
3643	H20
3644	H21
3645	H21
3646	H21
3647	H21
3649	H21
3650	H40
3651	H40
3652	H40
3653	H40
3654	H40
3655	H40
3656	H40
3658	H40
3659	H40
3660	H26
3662	H26
3663	H26
3664	H26
3665	H26
3668	H26
3670	H52
3672	H52
3673	H52
3674	H52
3675	H52
3678	H52
3679	H52
3680	H53
3681	H53
3682	H53
3683	H53
3684	H53
3685	H53
3686	H53
3688	H53
3689	H53
3690	H54
3691	H54
3692	H54
3693	H54
3696	H54
3697	H54
3698	H54
3700	H16
3702	H16
3703	H16
3704	H16
3705	H16
3706	H16
3708	H16
3709	H16
3710	H17
3711	H18
3712	H18
3713	H18
3714	H18
3715	H18
3716	H18
3717	H18
3718	H18
3719	H18
3720	H10
3721	H10
3722	H10
3723	H10
3724	H11
3725	H11
3726	H11
3727	H11
3728	H11
3729	H11
3730	H01
3731	H00
3732	H00
3733	H01
3738	H01
3739	H01
3740	H02
3741	H02
3742	H02
3743	H02
3744	H02
3745	H02
3748	H02
3749	H02
3750	H04
3751	H04
3752	H04
3753	H04
3754	H04
3755	H04
3756	H04
3758	H04
3759	H04
3760	H05
3761	H05
3763	H05
3764	H05
3765	H05
3766	H05
3768	H05
3769	H05
3770	H47
3771	H47
3772	H47
3773	H46
3774	H47
3775	H47
3776	H47
3777	H47
3779	H47
3780	H50
3781	H50
3782	H50
3783	H50
3784	H50
3785	H49
3786	H50
3788	H51
3790	H15
3791	H15
3792	H43
3793	H27
3794	H57
3795	H55
3800	H61
3801	H60
3802	H60
3803	H61
3804	H61
3805	H61
3808	H61
3809	H61
3810	H65
3811	H65
3812	H65
3813	H65
3814	H65
3815	H68
3816	H68
3817	H69
3818	H69
3819	H69
3820	H66
3821	H66
3822	H66
3823	H66
3824	H66
3829	H66
3830	H70
3831	H70
3832	H70
3838	H70
3839	H70
3840	H73
3841	H73
3842	H72
3848	H73
3849	H73
3850	H74
3851	H74
3852	H74
3858	H74
3859	H74
3860	H81
3861	H81
3870	H80
3871	H80
3872	H80
3878	H80
3879	H80
3882	H91
3884	H93
3890	H90
3899	H91
390	I00
3910	I01
3911	I01
3912	I01
3918	I01
3919	I01
3920	I02
3929	I02
393	I09
3979	I09
3980	I09
4010	I10
4011	I10
4019	I10
4020	I11
4021	I11
4029	I11
4030	I12
4031	I12
4039	I12
4040	I13
4041	I13
4049	I13
4050	I15
4051	I15
4059	I15
412	I25
413	I20
4140	I25
4141	I25
4149	I25
4150	I26
4151	I26
4160	I27
4161	I27
4168	I27
4169	I27
4170	I28
4171	I28
4178	I28
4179	I28
4209	I30
4219	I33
4229	I40
4231	I31
4232	I31
4238	I31
4239	I31
4249	I38
4250	I42
4253	I42
4255	I42
4260	I44
4261	I44
4262	I44
4263	I44
4264	I45
4265	I45
4266	I45
4267	I45
4268	I45
4269	I45
4270	I47
4271	I47
4272	I47
4274	I49
4275	I46
4276	I49
4279	I49
4280	I50
4281	I50
4289	I50
4290	I51
4293	I51
4299	I51
430	I60
431	I61
4320	I62
4321	I62
4329	I62
435	G45
436	I64
4370	I67
4372	I67
4373	I67
4374	I67
4375	I67
4376	I67
4379	I67
438	I69
4400	I70
4401	I70
4402	I70
4408	I70
4409	I70
4410	I71
4411	I71
4412	I71
4413	I71
4414	I71
4415	I71
4416	I71
4430	I73
4431	I73
4438	I73
4439	I73
4440	I74
4441	I74
4442	I74
4448	I74
4449	I74
4461	M30
4462	M31
4463	M31
4465	M31
4466	M31
4467	M31
4470	I77
4471	I77
4472	I77
4473	I77
4474	I77
4475	I77
4480	I78
4481	I78
4510	I80
4511	I80
4512	I80
4518	I80
4519	I80
452	I81
4530	I82
4531	I82
4532	I82
4533	I82
4538	I82
4539	I82
4540	I83
4541	I83
4542	I83
4549	I83
4560	I85
4561	I85
4564	I86
4565	I86
4566	I86
4568	I86
4570	I97
4571	I89
4572	I89
4578	I89
4579	I89
4580	I95
4581	I95
4589	I95
4591	I87
4592	I87
460	J00
4610	J01
4611	J01
4612	J01
4613	J01
4618	J01
4619	J01
463	J03
4640	J04
4641	J04
4642	J04
4643	J05
4644	J05
4650	J06
4658	J06
4659	J06
4660	J20
4661	J21
470	J34
4710	J33
4711	J33
4718	J33
4719	J33
4720	J31
4721	J31
4722	J31
4730	J32
4731	J32
4732	J32
4733	J32
4738	J32
4739	J32
4740	J35
4741	J35
4742	J35
4748	J35
4749	J35
475	J36
4760	J37
4761	J37
4770	J30
4778	J30
4779	J30
4780	J34
4781	J34
4782	J39
4783	J38
4784	J38
4785	J38
4786	J38
4787	J38
4788	J39
4800	J12
4801	J12
4802	J12
4808	J12
4809	J12
4820	J15
4821	J15
4822	J14
4824	J15
4829	J15
485	J18
486	J18
490	J40
4910	J41
4911	J41
4919	J42
492	J43
4930	J45
4931	J45
494	J47
4950	J67
4951	J67
4952	J67
4953	J67
4954	J67
4955	J67
4956	J67
4957	J67
4958	J67
4959	J67
500	J60
502	J62
503	J63
504	J66
505	J64
5060	J68
5061	J68
5062	J68
5063	J68
5064	J68
5069	J68
5070	J69
5071	J69
5078	J69
5080	J70
5081	J70
5088	J70
5089	J70
5100	J86
5109	J86
5111	J90
5119	J90
512	J93
5130	J85
5131	J85
515	J84
5160	J84
5162	J84
5163	J84
5168	J84
5169	J84
5180	J98
5181	J98
5182	J98
5183	J82
5184	J81
5190	J95
5192	J98
5193	J98
5194	J98
5199	J98
5200	K00
5201	K00
5202	K00
5203	K00
5204	K00
5205	K00
5207	K00
5208	K00
5209	K00
5210	K02
5211	K03
5212	K03
5213	K03
5214	K03
5215	K03
5216	K03
5218	K03
5219	K03
5220	K04
5221	K04
5222	K04
5223	K04
5224	K04
5225	K04
5226	K04
5227	K04
5228	K04
5229	K04
5230	K05
5231	K05
5232	K06
5233	K05
5234	K05
5235	K05
5236	K03
5240	K07
5241	K07
5242	K07
5243	K07
5244	K07
5245	K07
5246	K07
5248	K07
5249	K07
5250	K08
5251	K08
5252	K08
5253	K08
5258	K08
5259	K08
5260	K09
5261	K09
5262	K09
5263	K10
5264	K10
5265	K10
5268	K10
5269	K10
5270	K11
5271	K11
5272	K11
5273	K11
5274	K11
5275	K11
5276	K11
5277	K11
5278	K11
5279	K11
5281	A69
5282	K12
5283	K12
5284	K09
5288	K13
5290	K14
5292	K14
5293	K14
5294	K14
5295	K14
5296	K14
5298	K14
5299	K14
5300	K22
5302	K22
5303	K22
5304	K22
5305	K22
5306	K22
5307	K22
5308	K22
5309	K22
5310	K25
5311	K25
5312	K25
5313	K25
5314	K25
5315	K25
5316	K25
5317	K25
5319	K25
5320	K26
5321	K26
5322	K26
5323	K26
5324	K26
5325	K26
5326	K26
5327	K26
5329	K26
5330	K27
5331	K27
5332	K27
5333	K27
5334	K27
5335	K27
5336	K27
5337	K27
5339	K27
5340	K28
5341	K28
5342	K28
5343	K28
5344	K28
5345	K28
5346	K28
5347	K28
5349	K28
5350	K29
5352	K29
5353	K29
5354	K29
5355	K29
5356	K29
5361	K31
5369	K31
5370	K31
5371	K31
5372	K31
5373	K31
5374	K31
5376	K31
5379	K31
541	K37
542	K36
543	K38
5500	K40
5501	K40
5509	K40
5510	K41
5512	K43
5513	K44
5518	K45
5519	K46
5520	K41
5522	K43
5523	K44
5528	K45
5529	K46
5530	K41
5532	K43
5533	K44
5538	K45
5539	K46
5550	K50
5551	K50
5552	K50
5559	K50
5570	K55
5571	K55
558	K52
5600	K56
5601	K56
5602	K56
5603	K56
5608	K56
5609	K56
5620	K57
5621	K57
5640	K59
5641	K58
5642	K91
5643	K91
5645	K59
5646	K59
5647	K59
5649	K59
5650	K60
5651	K60
566	K61
5671	K65
5672	K65
5678	K65
5679	K65
5688	K66
5689	K66
5690	K62
5691	K62
5692	K62
5693	K62
5694	K62
5695	K63
5696	K91
5710	K70
5711	K70
5713	K70
5714	K73
5716	K74
5720	K75
5721	K75
5723	K76
5724	K76
5734	K76
5739	K76
5740	K80
5741	K80
5742	K80
5743	K80
5744	K80
5745	K80
5750	K81
5751	K81
5752	K82
5753	K82
5754	K82
5755	K82
5756	K82
5758	K82
5759	K82
5760	K91
5762	K83
5763	K83
5764	K83
5765	K83
5768	K83
5769	K83
5772	K86
5778	K86
5779	K86
5780	K92
5781	K92
5789	K92
5790	K90
5791	K90
5793	K91
5794	K90
5799	K90
5810	N04
5812	N04
5813	N04
5822	N03
5845	N17
5846	N17
5847	N17
5848	N17
5849	N17
585	N18
586	N19
587	N26
5880	N25
5888	N25
5889	N25
5890	N27
5891	N27
5899	N27
5902	N15
5909	N15
5932	N28
5935	N13
5936	N39
5940	N21
5941	N21
5942	N21
5948	N21
5949	N21
5950	N30
5951	N30
5952	N30
5953	N30
5958	N30
5960	N32
5961	N32
5962	N32
5963	N32
5964	N31
5965	N31
5966	N32
5967	N32
5968	N32
5969	N32
5970	N34
5980	N35
5981	N35
5982	N99
5988	N35
5989	N35
5991	N36
5992	N36
5993	N36
5994	N36
5995	N36
600	N40
6010	N41
6011	N41
6012	N41
6013	N41
6018	N41
6019	N41
6020	N42
6021	N42
6022	N42
6028	N42
6029	N42
6030	N43
6031	N43
6038	N43
6039	N43
6040	N45
6049	N45
605	N47
606	N46
6070	N48
6071	N48
6072	N48
6073	N48
6078	N48
6079	N48
6080	N49
6081	N43
6082	N44
6083	N50
6084	N49
6089	N50
6100	N60
6101	N60
6102	N60
6103	N60
6104	N60
6108	N60
6109	N60
6110	N61
6111	N62
6112	N64
6113	N64
6114	N64
6115	N64
6116	N64
6118	N64
6119	N64
6140	N70
6141	N70
6142	N70
6143	N73
6144	N73
6145	N73
6147	N73
6148	N73
6149	N73
6150	N71
6151	N71
6159	N71
6160	N72
6161	N76
6162	N75
6163	N75
6164	N76
6165	N76
6170	N80
6171	N80
6172	N80
6173	N80
6174	N80
6175	N80
6176	N80
6178	N80
6179	N80
6180	N81
6181	N81
6182	N81
6183	N81
6184	N81
6185	N99
6186	N81
6187	N81
6188	N81
6189	N81
6190	N82
6191	N82
6192	N82
6198	N82
6199	N82
6200	N83
6201	N83
6202	N83
6203	N83
6204	N83
6205	N83
6209	N83
6210	N84
6211	N85
6212	N85
6213	N85
6216	N85
6217	N85
6218	N85
6219	N85
6220	N86
6221	N87
6222	N88
6223	N88
6224	N88
6225	N88
6226	N88
6227	N84
6228	N88
6229	N88
6230	N89
6231	N89
6233	N89
6234	N89
6235	N89
6236	N89
6237	N84
6238	N89
6239	N89
6241	N90
6242	N90
6243	N90
6244	N90
6245	N90
6246	N84
6248	N90
6249	N90
6250	N94
6251	N94
6252	N94
6253	N94
6254	N94
6256	N39
6260	N91
6261	N91
6263	N92
6265	N92
6267	N93
6270	N92
6271	N95
6272	N95
6273	N95
6274	N95
6278	N95
6279	N95
6280	N97
6283	N97
6284	N97
6288	N97
6289	N97
630	O01
631	O02
632	O02
6331	O00
6332	O00
6338	O00
6339	O00
6340	O03
6341	O03
6342	O03
6343	O03
6344	O03
6345	O03
6346	O03
6347	O03
6348	O03
6349	O03
6350	O04
6351	O04
6352	O04
6353	O04
6354	O04
6355	O04
6356	O04
6357	O04
6358	O04
6359	O04
6360	O05
6361	O05
6362	O05
6363	O05
6364	O05
6365	O05
6366	O05
6367	O05
6368	O05
6369	O05
6370	O06
6371	O06
6372	O06
6373	O06
6374	O06
6375	O06
6376	O06
6377	O06
6378	O06
6379	O06
6380	O07
6381	O07
6382	O07
6383	O07
6384	O07
6385	O07
6386	O07
6387	O07
6388	O07
6389	O07
6390	O08
6391	O08
6392	O08
6393	O08
6394	O08
6395	O08
6396	O08
6398	O08
6399	O08
6400	O20
6408	O20
6409	O20
6410	O44
6411	O44
6412	O45
6420	O10
6421	O10
6422	O10
6423	O16
6425	O14
6426	O15
6427	O11
6429	O16
6430	O21
6431	O21
6432	O21
6438	O21
6439	O21
6440	O47
645	O48
6460	O31
6463	O26
6465	O23
6467	O26
6469	O26
6470	O98
6471	O98
6472	O98
6473	O98
6474	O98
6475	O98
6476	O98
6478	O98
6479	O98
6480	O24
6482	O99
6510	O30
6511	O30
6512	O30
6518	O30
6519	O30
6520	O32
6521	O32
6523	O32
6524	O32
6525	O32
6526	O32
6527	O32
6528	O32
6529	O32
6530	O33
6531	O33
6532	O33
6533	O33
6534	O33
6535	O33
6536	O33
6537	O33
6538	O33
6539	O33
6540	O34
6541	O34
6543	O34
6544	O34
6545	O34
6546	O34
6547	O34
6548	O34
6549	O34
6550	O35
6551	O35
6552	O35
6553	O35
6554	O35
6555	O35
6556	O35
6558	O35
6559	O35
6560	O43
6561	O36
6562	O36
6564	O36
6565	O36
6566	O36
657	O40
6580	O41
6581	O42
6582	O75
6583	O75
6584	O41
6588	O41
6589	O41
6590	O61
6591	O61
6592	O75
6593	O75
6600	O64
6602	O65
6603	O64
6604	O66
6605	O66
6606	O66
6607	O66
6608	O66
6609	O66
6610	O62
6611	O62
6613	O62
6614	O62
6620	O63
6621	O63
6622	O63
6623	O63
6630	O69
6631	O69
6632	O69
6633	O69
6634	O69
6635	O69
6636	O69
6638	O69
6639	O69
6640	O70
6641	O70
6642	O70
6643	O70
6644	O70
6645	O71
6650	O71
6651	O71
6652	O71
6653	O71
6654	O71
6655	O71
6656	O71
6657	O71
6660	O72
6661	O72
6662	O72
6663	O72
6670	O73
6671	O73
6680	O74
6681	O74
6682	O74
6688	O74
6689	O74
6690	O75
6691	O75
6692	O26
6694	O75
6710	O22
6713	O22
6714	O87
672	O86
6730	O88
6731	O88
6732	O88
6733	O88
6738	O88
6741	O90
6742	O90
6750	O91
6751	O91
6760	O92
6761	O92
6762	O92
6763	O92
6764	O92
6765	O92
6766	O92
6768	O92
6769	O92
6801	L02
6803	L02
6804	L02
6806	L02
6807	L02
6808	L02
6809	L02
6810	L03
6811	L03
6819	L03
6821	L03
6822	L03
6823	L03
6824	L03
6825	L03
6826	L03
6827	L03
6828	L03
683	L04
6850	L05
6851	L05
6869	L08
6910	L22
6920	L24
6921	L24
6930	L27
6931	L27
6938	L27
6939	L27
6940	L13
6941	L13
6942	L12
6943	L40
6944	L10
6946	L12
6948	L13
6949	L13
6950	L53
6951	L51
6952	L52
6953	L71
6954	L93
6959	L53
6960	L40
6961	L40
6963	L42
6964	L44
6968	L40
6970	L43
6971	L44
6980	L29
6981	L29
6982	L28
6983	L28
6984	L98
6988	L29
6989	L29
700	L84
7014	L91
7030	L60
7038	L60
7039	L60
7041	L68
7043	L67
7050	L74
7051	L74
7060	L70
7062	L72
7071	L97
7078	L98
7079	L98
7080	L50
7081	L50
7082	L50
7083	L50
7084	L50
7085	L50
7088	L50
7089	L50
7094	L92
7100	M32
7101	M34
7102	M35
7103	M33
7104	M33
7110	M00
7111A	M02
7119	M00
7128	M11
7129	M11
7141	M05
7142	M05
7143	M08
7144	M12
7149	M06
7150	M15
7159	M19
7160	M12
7162	M13
7163	M13
7164	M12
7165	M13
7166	M13
7169	M13
7170	M23
7171	M23
7172	M23
7173	M23
7174	M23
7175	M23
7176	M23
7177	M22
7181	M24
7182	M24
7184	M24
7185	M24
7186	M24
7189	M24
7190	M25
7191	M25
7192	M12
7193	M12
7195	M25
7201	M46
7202	M46
7215	M48
7216	M48
7217	M48
7220	M50
7221	M51
7222	M51
7223	M51
7224	M50
7225	M51
7226	M51
7230	M48
7231	M54
7232	M53
7233	M53
7234	M54
7235	M43
7240	M48
7241	M54
7242	M54
7243	M54
7244	M54
7246	M53
7247	M53
7271	M20
7276	M66
7279	M67
7281	M61
7286	M72
7295	M79
7296	M79
7310	M88
7312	M89
7320	M42
7321	M91
7322	M93
7323	M92
7324	M92
7325	M92
7326	M92
7327	M93
7329	M93
7332	M85
7335	M85
7336	M94
734	M21
7350	M20
7351	M20
7352	M20
7353	M20
7354	M20
7355	M20
7358	M20
7359	M20
7361	M20
7362	M20
7370	M40
7371	M40
7372	M40
7373	M41
7378	M43
7381	M95
7382	M95
7383	M95
7384	M43
7385	M43
7386	M95
7387	M95
7389	M95
7400	Q00
7401	Q00
7402	Q00
7419	Q05
7420	Q01
7421	Q02
7422	Q04
7423	Q03
7424	Q04
7425	Q06
7432	Q15
7433	Q12
7434	Q13
7435	Q14
7436	Q10
7440	Q16
7441	Q17
7443	Q17
7444	Q18
7445	Q18
7448	Q18
7449	Q18
7453	Q20
7459	Q21
7460	Q22
7461	Q22
7462	Q22
7463	Q23
7464	Q23
7465	Q23
7466	Q23
7467	Q23
7470	Q25
7471	Q25
7473	Q25
7474	Q26
7475	Q27
7480	Q30
7481	Q30
7482	Q31
7484	Q33
7485	Q33
7486	Q33
7488	Q34
7489	Q34
7490	Q35
7491	Q36
7492	Q37
7500	Q38
7501	Q38
7502	Q38
7503	Q39
7504	Q39
7505	Q40
7506	Q40
7508	Q40
7510	Q43
7511	Q41
7512	Q42
7513	Q43
7514	Q43
7515	Q43
7516	Q44
7517	Q45
7518	Q45
7519	Q45
7520	Q50
7521	Q50
7522	Q51
7525	Q53
7530	Q60
7531	Q61
7532	Q62
7533	Q63
7534	Q62
7535	Q64
7536	Q64
7537	Q64
7538	Q64
7541	Q68
7543	Q65
7544	Q68
7545	Q66
7546	Q66
7547	Q66
7550	Q69
7551	Q70
7553	Q72
7554	Q73
7558	Q74
7559	Q74
7561	Q76
7562	Q76
7563	Q76
7566	Q79
7567	Q79
7571	Q80
7574	Q84
7575	Q84
7576	Q83
7578	Q84
7580	Q90
7581	Q91
7582	Q91
7583	Q93
7584	Q95
7585	Q92
7586	Q96
7590	Q89
7591	Q89
7592	Q89
7593	Q89
7595	Q85
7596	Q85
7597	Q89
7599	Q89
7601	P00
7602	P00
7603	P00
7604	P00
7605	P00
7606	P00
7609	P00
7610	P01
7611	P01
7612	P01
7613	P01
7614	P01
7615	P01
7616	P01
7617	P01
7618	P01
7619	P01
7620	P02
7621	P02
7622	P02
7623	P02
7624	P02
7625	P02
7626	P02
7627	P02
7628	P02
7629	P02
7630	P03
7631	P03
7632	P03
7633	P03
7634	P03
7635	P04
7636	P03
7637	P03
7638	P03
7639	P03
7640	P05
7641	P05
7642	P05
7649	P05
7650	P07
7660	P08
7661	P08
7662	P08
7671	P12
7672	P13
7673	P13
7674	P11
7675	P11
7676	P14
7680	P20
7681	P20
7682	P20
7683	P20
7684	P20
7685	P21
7686	P21
7689	P21
769	P22
7701	P24
7702	P25
7703	P26
7705	P28
7706	P22
7707	P27
7708	P28
7709	P28
7710	P35
7711	P35
7713	A33
7714	P38
7715	P39
7716	P39
7717	P37
7720	P50
7723	P51
7724	P54
7725	P54
7726	P54
7730	P55
7731	P55
7732	P55
7733	P56
7734	P57
7735	P55
7742	P59
7743	P59
7746	P59
7747	P57
7750	P70
7751	P70
7752	P94
7753	P72
7755	P74
7756	P70
7757	P74
7760	P53
7761	P61
7762	P60
7763	P61
7764	P61
7765	P61
7766	P61
7767	P61
7768	P61
7769	P61
7771	P76
7772	P76
7773	P78
7774	P76
7775	P77
7776	P78
7781	P83
7782	P80
7783	P80
7784	P81
7785	P83
7786	P83
7787	P83
7788	P83
7789	P83
7790	P90
7791	P91
7792	P91
7793	P92
7794	P93
7795	P96
7796	P96
7805	G47
7840	G44
7854	L88
7880	N23
7883	N39
7991	J96
9982	M96
9990	B08
V400	F81
V401	F80
V412	H91
V416	K08
V455	O26