coefficient,pvalue,var_explained,covar,disease_field
1799.7276016513629,0.1925658189588981,-1,PC1,p130070
7.450397470540761,5.718886232804048e-19,-1,PC2,p130070
4.872982115621704,3.2381244654888504e-07,-1,PC3,p130070
-2.90461961728746,1.6149165408909182e-05,-1,PC4,p130070
9.6987264117769,2.074548149391868e-18,-1,PC5,p130070
-6.163041106144359,1.7350529850201075e-08,-1,PC6,p130070
-9.606418024910422,1.3494325472739672e-17,-1,PC7,p130070
-4.540705129746144,7.295107113643887e-06,-1,PC8,p130070
-3.543450844762419,0.0039016888618117,-1,PC9,p130070
5.308929182179315,4.432982179590933e-10,-1,PC10,p130070
10.589286939022644,7.835125791322857e-21,-1,PC11,p130070
4.99632515629472,0.0017093206078342,-1,PC12,p130070
-4.171736670943724,0.0063789596907721,-1,PC13,p130070
-8.931016177732092,8.87342540699013e-14,-1,PC14,p130070
-3.168581822868837,0.0093834767884546,-1,PC15,p130070
7.037985970760343,3.664362552026173e-07,-1,PC16,p130070
7.510138565394159,4.281532235245526e-05,-1,PC17,p130070
8.701494029675606,9.791698901819535e-14,-1,PC18,p130070
3.7182965647799953,0.110333015187852,-1,PC19,p130070
3.789335617601836,0.0020507628266924,-1,PC20,p130070
7.318704794023269,1.4614578746594582e-09,-1,PC21,p130070
-9.461772617864035,5.289336922449824e-09,-1,PC22,p130070
7.065488866448749,6.78169306939599e-07,-1,PC23,p130070
11.522600230480544,1.6646132571652025e-13,-1,PC24,p130070
8.455427799563653,1.7556133059605564e-10,-1,PC25,p130070
-11.590041723302264,4.443379661873991e-13,-1,PC26,p130070
265.3442331486208,0.5012027838134689,-1,PC1,p130340
3.889382279774848,0.00013886004518280035,-1,PC2,p130340
4.823453756269276,0.00013229682795576434,-1,PC3,p130340
15.019510661271942,2.1540962292629068e-06,-1,PC4,p130340
8.171626706985226,7.93880432178806e-10,-1,PC5,p130340
-4.882730766253118,0.0002613553534275637,-1,PC6,p130340
-9.008888904935494,3.649211735873035e-07,-1,PC7,p130340
10.522344613694385,3.0850382678342564e-05,-1,PC8,p130340
4.71534954057108,0.0850799268850178,-1,PC9,p130340
11.175482519399251,7.500657416390764e-05,-1,PC10,p130340
3179250377856901.0,0.0,-1,PC11,p130340
7.751049372726959,0.000741473218813705,-1,PC12,p130340
-8.450803339429852,0.3622371072652522,-1,PC13,p130340
9.471060075997872e-12,0.999999999999812,-1,PC14,p130340
3.578839850988052e-12,0.999999999999929,-1,PC15,p130340
7797223356705250.0,0.0,-1,PC16,p130340
29.295606389450285,5.189955823888419e-05,-1,PC17,p130340
23.844918132605574,0.0001306440787236549,-1,PC18,p130340
-1.7061833988626694e+16,6.531779199531531e-12,-1,PC19,p130340
-2.040746538143828e+16,8.864677107449918e-09,-1,PC20,p130340
-2.884717796196746e+16,0.002037878127861,-1,PC21,p130340
-1.7330494248274794e+16,7.235201112190007e-06,-1,PC22,p130340
-2.5038903929182096e+16,4.4635518552112046e-06,-1,PC23,p130340
-3.477227048506112e+16,2.5960149433972192e-08,-1,PC24,p130340
2.270156442379022e+16,0.0001009862621346934,-1,PC25,p130340
-4.333345617796282e+16,2.760043055279609e-08,-1,PC26,p130340
23419.64466157622,0.9377844146413707,-1,PC1,p130708
3.649209548218142,2.225414665585093e-36,-1,PC2,p130708
-2.901438474441721,5.874696309456496e-30,-1,PC3,p130708
3.1108136963775044,7.019047691107621e-24,-1,PC4,p130708
-0.9038829172986942,0.1089224494195877,-1,PC5,p130708
1.103335077112855,0.0259085160336931,-1,PC6,p130708
1.220396432040088,0.0179787930889719,-1,PC7,p130708
2.444751833161786,3.019083015758948e-12,-1,PC8,p130708
-1.2211994532800767,0.127715764205026,-1,PC9,p130708
-0.98423019012265,0.1507805894766528,-1,PC10,p130708
-3.0138353299846457,7.32503348342914e-13,-1,PC11,p130708
-1.5258165858530948,0.0361248677576392,-1,PC12,p130708
3.031338306707596,1.104768131787927e-07,-1,PC13,p130708
-4.306483568722717,1.3279129536175032e-21,-1,PC14,p130708
0.0479181671515547,0.9570514980195178,-1,PC15,p130708
-1.8458685766330825,0.0232105117018175,-1,PC16,p130708
4.125523827365698,2.225502614870673e-17,-1,PC17,p130708
3.567941191986037,1.1315089345849098e-12,-1,PC18,p130708
-0.2855450262095776,0.7614655042235976,-1,PC19,p130708
-4.136767167316656,1.1713919492692785e-12,-1,PC20,p130708
3.30959536718126,4.2534326728881304e-09,-1,PC21,p130708
-1.526290235105722,0.0634939601636892,-1,PC22,p130708
1.8721272263249509,0.0045912590485743,-1,PC23,p130708
3.538901407755131,5.090683594603685e-11,-1,PC24,p130708
2.8873318926754945,9.205916083479496e-06,-1,PC25,p130708
1.5049609467262477,0.1090345457717323,-1,PC26,p130708
2340754770581161.0,0.0,-1,PC1,p130718
-6.686663120444367,2.6009930635391896e-09,-1,PC2,p130718
2.4378944619549343,0.0005314828778885735,-1,PC3,p130718
2.036311883959524,0.1378643271816459,-1,PC4,p130718
9.345777114098432,9.29603367510663e-20,-1,PC5,p130718
9.655847871144118,7.534976783353625e-18,-1,PC6,p130718
8.209609944966022,7.207083742355579e-06,-1,PC7,p130718
-5.677392147408675,1.180702787227214e-06,-1,PC8,p130718
-6.826005118601502,2.296077271601561e-12,-1,PC9,p130718
3.6357261778654815,0.2565171222985331,-1,PC10,p130718
2.625134459597906,0.039865116559635,-1,PC11,p130718
4.2159931205157,0.066072719092953,-1,PC12,p130718
6.466216464882807,1.296330477013179e-07,-1,PC13,p130718
4.821315226689676,1.2955295332650591e-05,-1,PC14,p130718
9.887725749078712,1.1754692319440356e-10,-1,PC15,p130718
7.12104715106953,1.5346527411561485e-05,-1,PC16,p130718
5.622381605216761,0.0010495275053304,-1,PC17,p130718
-7.604998083115544,0.00021135803903926464,-1,PC18,p130718
6.028675061004187,0.00017703643665553732,-1,PC19,p130718
6.257712731052225,0.0007591365535370549,-1,PC20,p130718
-9.160373754659526,1.1328616729692783e-07,-1,PC21,p130718
8.705512219744573,0.0002288329690417708,-1,PC22,p130718
-13.370536989441222,1.5949384049869628e-13,-1,PC23,p130718
6.47974427020635,0.0031248799913975,-1,PC24,p130718
11.250621525292836,0.0005463610529335233,-1,PC25,p130718
-11.554541994450068,1.1995554944879535e-05,-1,PC26,p130718
26625.17900406543,0.0104457947614371,-1,PC1,p130722
8.113822887751915,9.537736958056854e-16,-1,PC2,p130722
-8.907453836442647,2.0070073636753518e-12,-1,PC3,p130722
23.094482938894107,2.2590381588334975e-18,-1,PC4,p130722
-7.932696436346914,7.412841419304242e-05,-1,PC5,p130722
22.283581980675795,7.351580821239027e-13,-1,PC6,p130722
5.422235499763493,1.893551143070364e-05,-1,PC7,p130722
-6.505386343452647,0.0089502382995258,-1,PC8,p130722
5.1199554860442165,3.030794571908659e-06,-1,PC9,p130722
8.64310988893488,1.1278695783268555e-07,-1,PC10,p130722
5.015918436751642,0.0002507188286007144,-1,PC11,p130722
7.39662475045115,2.8417174956069783e-05,-1,PC12,p130722
11.446149184931295,1.9254443266272184e-05,-1,PC13,p130722
7.82248634492225,0.0109475276680465,-1,PC14,p130722
-8.152844916083678,1.0933149477415573e-07,-1,PC15,p130722
13.068866797898258,1.3174325414007913e-12,-1,PC16,p130722
7.846322330778274,0.00012469071418822524,-1,PC17,p130722
7.1116106417968,0.0007631656796935247,-1,PC18,p130722
-10.800418007802971,4.016574442794892e-07,-1,PC19,p130722
8.993363395070391,0.0066151683771925,-1,PC20,p130722
12.73743337778877,8.647023486194903e-08,-1,PC21,p130722
8.981415261376306,0.0042278029529454,-1,PC22,p130722
8.81638535328085,0.0004098611993286902,-1,PC23,p130722
13.250037303977429,1.4749920388399047e-06,-1,PC24,p130722
-9.381279307178817,0.0005571713231996477,-1,PC25,p130722
-17.491884194908632,1.0756206416195717e-08,-1,PC26,p130722
443.50760741017496,0.6319932921339468,-1,PC1,p130770
10.694197435437678,3.4365749242686106e-19,-1,PC2,p130770
-6.428579703791079,3.6770382033763175e-10,-1,PC3,p130770
-12.478658172521357,1.1158419257026099e-13,-1,PC4,p130770
-7.924324448771734,5.942327569637963e-06,-1,PC5,p130770
3.353595944959641,0.0198529543328666,-1,PC6,p130770
9.957668792278277,6.288702021203176e-11,-1,PC7,p130770
-11.87193273995948,2.4018199682452997e-09,-1,PC8,p130770
-3.936627555330552,0.0118948909375535,-1,PC9,p130770
3.305800465285336,0.0024474103065738,-1,PC10,p130770
4.611526815077648,0.00028834445427604105,-1,PC11,p130770
4.00079402120622,0.0031843881646901,-1,PC12,p130770
16.21400592599623,3.0903628702536433e-14,-1,PC13,p130770
-11.716122514024558,5.7791831829083685e-18,-1,PC14,p130770
-7.392014002344418,1.98470876591382e-06,-1,PC15,p130770
-2.38663124094801,0.8177626734018419,-1,PC16,p130770
-4.973382100893328,0.1451393070506547,-1,PC17,p130770
7.152472490389752,0.0096977436338067,-1,PC18,p130770
5.847505038628158,0.0010365153702557,-1,PC19,p130770
5.346878306812999,0.0007417192257507091,-1,PC20,p130770
11.19956116735465,2.5319669410846212e-08,-1,PC21,p130770
14.27108076152492,3.434553424215736e-09,-1,PC22,p130770
12.280062066190432,0.0002180109475601265,-1,PC23,p130770
8.652099478988273,0.0006521353252828305,-1,PC24,p130770
4.443838070342389e-09,0.9999999998894764,-1,PC25,p130770
6363748621525454.0,0.0,-1,PC26,p130770
66.49010210047179,0.7727370395260166,-1,PC1,p130774
2.599525218147035,1.4807836733701803e-05,-1,PC2,p130774
3.968448378311723,0.0132991602745318,-1,PC3,p130774
1702344727042807.5,0.0,-1,PC4,p130774
8.680555447897383,0.0097236307303088,-1,PC5,p130774
7.057474919966694e+22,0.4552151983841879,-1,PC6,p130774
4.128299489829882e+16,9.99267833406155e-06,-1,PC7,p130774
-1.1325947519116676e+18,0.9929060770587372,-1,PC8,p130774
1.5112292777200528e+16,0.000176410121997247,-1,PC9,p130774
-4.844349333774468e+16,0.0087833904650457,-1,PC10,p130774
1.6770821116564368e+16,0.00012208928361849515,-1,PC11,p130774
4.89672665597496e+17,0.9917551338016942,-1,PC12,p130774
1909.235061368228,0.9999999999999926,-1,PC13,p130774
3.805526529597729e+16,0.0024259751357252,-1,PC14,p130774
-3.9303132931644856e+16,1.9754780291157297e-05,-1,PC15,p130774
4.125859146831196e+16,0.0027386059142096,-1,PC16,p130774
-5.2680287749371e+16,7.730115881664379e-06,-1,PC17,p130774
1.413365055910121e+16,0.0036401103588364,-1,PC18,p130774
-2.6045902530845028e+16,0.0357864366348157,-1,PC19,p130774
-1.6342453941092694e+16,0.1112095391866608,-1,PC20,p130774
-2.2717194277960416e+16,0.0045762213572152,-1,PC21,p130774
-6.1552366630075e+16,0.00021589976301106457,-1,PC22,p130774
5.721546877877153e+16,0.0002573510831560979,-1,PC23,p130774
8.880505477760149e+16,0.0044886943007376,-1,PC24,p130774
-2.851007059747165e+16,4.46289925222499e-06,-1,PC25,p130774
-1.0968329588252675e+17,2.8853107380079613e-05,-1,PC26,p130774
5099.203270793486,0.2138703342548989,-1,PC1,p130820
6.572518379918223,1.0503418458362216e-15,-1,PC2,p130820
2.4107741889771126,0.0009547320773269976,-1,PC3,p130820
3.613829394634759,4.384059113871954e-06,-1,PC4,p130820
-2.38233581011252,0.0085366088197702,-1,PC5,p130820
6.900766934302793,2.9197625557074682e-12,-1,PC6,p130820
3.5932543745026555,0.0001359037442590473,-1,PC7,p130820
6.574209495115154,0.0002942044773937256,-1,PC8,p130820
5.389506302592343,1.6830440850577e-08,-1,PC9,p130820
3.454744464589617,0.018414345102334,-1,PC10,p130820
4.282923234789762,6.54319214806091e-07,-1,PC11,p130820
-4.420697889277462,1.62922915540464e-05,-1,PC12,p130820
6.12100549013647,6.755090203425404e-10,-1,PC13,p130820
-4.856955747633332,0.00014410658192821194,-1,PC14,p130820
10.007935665005586,3.9848998917578397e-16,-1,PC15,p130820
6.355924344824071,1.1045464774553032e-06,-1,PC16,p130820
3.807114893067125,0.0294123593310155,-1,PC17,p130820
1.3741793548724874,0.8061283026786594,-1,PC18,p130820
9.743961293027398,9.281669080911724e-14,-1,PC19,p130820
5.990862775035573,3.190149247181117e-06,-1,PC20,p130820
8.512866211255345,1.036880300414005e-09,-1,PC21,p130820
-4.266484949659494,0.1039546945550163,-1,PC22,p130820
5.265362787896379,0.0031016236165568,-1,PC23,p130820
9.778541947803896,1.6031999497464568e-08,-1,PC24,p130820
-10.480786832929738,6.63973107165048e-11,-1,PC25,p130820
-6.955139045563247,0.0047341831805101,-1,PC26,p130820
4974.097186011943,0.0666306700912443,-1,PC1,p130826
2.988276317370062,8.129282710372591e-07,-1,PC2,p130826
-1.9717868672073424,0.0400431498724739,-1,PC3,p130826
-4.408965510834793,2.45959652749027e-09,-1,PC4,p130826
8.103155297371478,3.844594289923205e-10,-1,PC5,p130826
-3.292190828470608,3.154717382263753e-05,-1,PC6,p130826
-1.8575660985182132,0.4623733620502717,-1,PC7,p130826
4.15816468423416,1.2648243121646935e-06,-1,PC8,p130826
-3.0974041510881185,0.0262550308993293,-1,PC9,p130826
3.1631509872124366,0.0300249226728843,-1,PC10,p130826
-4.394340335950072,0.00047721921460238976,-1,PC11,p130826
8.348497006749652,1.6838351829290952e-14,-1,PC12,p130826
9.857279468953749,5.123023326120018e-12,-1,PC13,p130826
-3.558051386091801,0.0367714182828546,-1,PC14,p130826
4.214609797399886,0.0408495639589195,-1,PC15,p130826
-7.888602305716144,8.492817353051022e-07,-1,PC16,p130826
8.937724600142786,1.1130246532015859e-10,-1,PC17,p130826
10.273882034907675,7.837617441905815e-15,-1,PC18,p130826
-9.887493323516717,1.2035640513198429e-12,-1,PC19,p130826
11.048179022058031,8.969567362061665e-14,-1,PC20,p130826
8.156987416368066,7.204210182280025e-06,-1,PC21,p130826
10.244397356505791,7.357668806586669e-13,-1,PC22,p130826
-9.908200555927598,1.500860545273273e-06,-1,PC23,p130826
9.841460730681366,3.155421654567857e-07,-1,PC24,p130826
9.495721625879552,1.2782452114573338e-08,-1,PC25,p130826
6.5605412803901455,0.0001234676359528995,-1,PC26,p130826
1898.5393762251856,0.4259799089769979,-1,PC1,p130828
4.885868458491909,2.565811065765221e-13,-1,PC2,p130828
4.113536812797523,5.252201396573018e-10,-1,PC3,p130828
-6.038714410412508,1.2475848429088142e-14,-1,PC4,p130828
-5.353641549264502,1.0831108261009266e-14,-1,PC5,p130828
2.5225306359711066,0.0455693175251363,-1,PC6,p130828
4.147973107635873,4.398114679944084e-08,-1,PC7,p130828
3.852537482047986,4.34383466807431e-09,-1,PC8,p130828
-1.4125757964848171,0.1654304906194366,-1,PC9,p130828
-3.39392094005056,0.00014964344944333094,-1,PC10,p130828
2.2423043847171917,0.0079925317959207,-1,PC11,p130828
3.443599744956767,1.3562954143652717e-05,-1,PC12,p130828
-2.975111117006928,0.0086124230321187,-1,PC13,p130828
8.40612047459824,2.709306928797297e-16,-1,PC14,p130828
-5.016339666964956,2.3471013413070794e-08,-1,PC15,p130828
-4.15299259334802,0.001984078125097,-1,PC16,p130828
5.344734191360983,1.8439351689197417e-08,-1,PC17,p130828
5.982956210824271,3.0017449281403676e-09,-1,PC18,p130828
-3.349849122811094,0.111266627955038,-1,PC19,p130828
4.778407652789735,1.5101329480115693e-05,-1,PC20,p130828
-2.202089358802666,0.3648069733444835,-1,PC21,p130828
6.795906327159872,1.5073356093805643e-09,-1,PC22,p130828
7.786482226773721,1.5103888533356781e-15,-1,PC23,p130828
0.6797908625090106,0.8677702737669801,-1,PC24,p130828
4.921781001562967,5.267146180508252e-06,-1,PC25,p130828
-4.593135637459386,0.0070909549944626,-1,PC26,p130828
7.740064846244785e-10,0.9999999999700192,-1,PC1,p130842
7.854932257456926,0.7744012122302659,-1,PC2,p130842
2466951378675681.0,0.0,-1,PC3,p130842
5.776408734385447,0.0036212642577482,-1,PC4,p130842
-2.589423447455603e-08,0.999999999551445,-1,PC5,p130842
-8.334657847462926e-10,0.9999999999855622,-1,PC6,p130842
62384335.44561039,0.188627027509721,-1,PC7,p130842
3.051101034196061e+16,2.232540729866222e-05,-1,PC8,p130842
-3.631460083129099e+16,0.00039806563539646913,-1,PC9,p130842
-3.881389397382208e+16,1.0104164802034853e-05,-1,PC10,p130842
7.835995363973454e+16,0.0002074021480683808,-1,PC11,p130842
2.920098112993467e+16,0.0015547040341342,-1,PC12,p130842
-3.4906952127182188e+16,6.261792821114649e-06,-1,PC13,p130842
3.7601846905513176e+16,3.2932141544201224e-06,-1,PC14,p130842
1.3024597704781053e+17,8.77721052617102e-06,-1,PC15,p130842
-1.770814658112758e+18,0.9933537989937335,-1,PC16,p130842
-1.988069797298997e+16,2.0236261330961788e-05,-1,PC17,p130842
8.37520966153146e+16,4.33792905226103e-07,-1,PC18,p130842
3.934930771501562e+16,0.0017594128661339,-1,PC19,p130842
5.908495513295991e+16,2.7237914045707752e-08,-1,PC20,p130842
-3.057416080298538e+17,2.2150895408877408e-05,-1,PC21,p130842
3.156329638725017e+16,0.0005100098193657241,-1,PC22,p130842
-8.274157454098848e+16,6.301962848426237e-07,-1,PC23,p130842
-5.014540745203385e+16,4.0277568001932e-05,-1,PC24,p130842
-1.3900166864924538e+17,1.2803921579883642e-05,-1,PC25,p130842
-1.0031274847132445e+17,0.0018718299534032,-1,PC26,p130842
85.87478061367445,0.7574739444178404,-1,PC1,p130846
1702088863847146.0,0.0,-1,PC2,p130846
9.168221043753512,0.0098130812317327,-1,PC3,p130846
8.770592252331075e+16,0.8322048413327412,-1,PC4,p130846
-1.0851581167609698e+16,5.150776414710033e-05,-1,PC5,p130846
-3.856504786219394e+16,0.0107028653212192,-1,PC6,p130846
1.3000271032868676e+16,0.0005159315308162709,-1,PC7,p130846
9.738008767878464e+30,0.0,-1,PC8,p130846
-2.895366362561325e+24,1.8171257442820885e-96,-1,PC9,p130846
5.896251039722642e+16,9.370342902996412e-05,-1,PC10,p130846
2.6847439739326744e+16,4.180703380465677e-06,-1,PC11,p130846
-2.34782008171054e+23,0.4293142052659153,-1,PC12,p130846
1.7344321203717302e+16,6.0536535071256135e-06,-1,PC13,p130846
-2.270080753733985e+16,0.0002004889603275866,-1,PC14,p130846
-3.1978025970316184e+16,3.44318478178843e-06,-1,PC15,p130846
5.827140190565823e+16,0.0252223951745505,-1,PC16,p130846
-1.4114373266615069e+17,0.994123705478426,-1,PC17,p130846
1.086393993370885e+31,0.0,-1,PC18,p130846
-2.479127626362825e+16,0.00023450761314404656,-1,PC19,p130846
1.2739063030123038e+16,0.9820599448986904,-1,PC20,p130846
2.845057652974016e+16,2.2245155005545344e-05,-1,PC21,p130846
-3.038834321268407e+16,0.0003562323912495958,-1,PC22,p130846
-4.108625853302298e+16,7.708383299873436e-05,-1,PC23,p130846
-2.4757559111346768e+17,0.5569440101852364,-1,PC24,p130846
-4.7042664740617e+16,1.662426600126602e-05,-1,PC25,p130846
-1.0323967839573246e+19,0.9999231417493096,-1,PC26,p130846
3723377938465756.0,0.0,-1,PC1,p131022
12.787371946391756,2.2878385895627123e-14,-1,PC2,p131022
5.676839101945347,5.357728953880724e-05,-1,PC3,p131022
4.625898798666018,1.2186581078236377e-07,-1,PC4,p131022
-0.644612202192424,0.9214500837431572,-1,PC5,p131022
3.0495063805227964,0.0982308706618194,-1,PC6,p131022
-3.4999663799854046,0.0323123771317394,-1,PC7,p131022
9.919307470418635,5.543140082397542e-15,-1,PC8,p131022
6.488650198788026,1.1304587710584658e-08,-1,PC9,p131022
8.322379771556523,2.4612770388118144e-11,-1,PC10,p131022
5.640528350047693,0.00020098411433567225,-1,PC11,p131022
7.1497609158052455,2.994887495266567e-07,-1,PC12,p131022
9.483089336557766,5.5357176690373374e-11,-1,PC13,p131022
-4.71181704166966,0.0021995464279747,-1,PC14,p131022
8.692348346372023,3.0950361573357246e-08,-1,PC15,p131022
-1.9135826144131285,0.6509620660940187,-1,PC16,p131022
7.100707535514975,3.8156856568117305e-06,-1,PC17,p131022
-10.167267192563042,2.191497650148285e-06,-1,PC18,p131022
5.7691093985359485,0.0234728845563303,-1,PC19,p131022
-6.826479111775732,0.0011147044792908,-1,PC20,p131022
5.209526298153337,0.001149858073271,-1,PC21,p131022
15.646940133693391,6.9134741086673905e-09,-1,PC22,p131022
-5.814850934189498,0.0014798172034243,-1,PC23,p131022
8.036224921569088,0.0011349598285007,-1,PC24,p131022
-9.209909703699386,0.008748625723278,-1,PC25,p131022
-11.660375047922468,2.3344093422703383e-05,-1,PC26,p131022
2896085686725206.5,0.0,-1,PC1,p131038
16.07673674513677,9.192267435247285e-14,-1,PC2,p131038
8.716042480771966,3.9871819298483524e-15,-1,PC3,p131038
4.228151762347323,2.195206105049511e-05,-1,PC4,p131038
6.009455293264136,5.080587569668739e-05,-1,PC5,p131038
2.595516237304249,0.0410645200861608,-1,PC6,p131038
16.48433219175068,8.768727118017238e-06,-1,PC7,p131038
4.505962889980703,0.0022833869955624,-1,PC8,p131038
4.261030012799514,0.0029874136256581,-1,PC9,p131038
3.214022901511962,0.3346688987336103,-1,PC10,p131038
6.826543498248452,1.9017957572844912e-06,-1,PC11,p131038
-9.675401674863606,0.0002999687509711926,-1,PC12,p131038
5.211006988972679,0.00049055154729647,-1,PC13,p131038
11.55304866472328,7.108698115757402e-11,-1,PC14,p131038
1.6690549093181606,0.9031540763274548,-1,PC15,p131038
5.759901145783628,0.1377981751882123,-1,PC16,p131038
8.825473140768848,0.0151638118410463,-1,PC17,p131038
4.149904293394153e-12,0.9999999999999102,-1,PC18,p131038
6335089501213533.0,0.0,-1,PC19,p131038
61.28442636576819,6.53059654199299e-06,-1,PC20,p131038
10.84748402013367,0.0097735745968693,-1,PC21,p131038
-6976713144394012.0,0.0010440404410855,-1,PC22,p131038
2.078870475849941e+16,7.341618893750299e-05,-1,PC23,p131038
1.5668381754428086e+16,1.6769888666339512e-05,-1,PC24,p131038
7.343973219963638e+16,1.1392037057886886e-08,-1,PC25,p131038
-1.9095787030517124e+16,0.00024550767225130774,-1,PC26,p131038
3928621981428159.0,0.0,-1,PC1,p131056
-2.68055743404519,9.382325835103377e-09,-1,PC2,p131056
-2.127998057366747,0.00014940433795189648,-1,PC3,p131056
-1.126588986549076,0.3509189410454372,-1,PC4,p131056
-6.027981414059161,1.549353161222723e-29,-1,PC5,p131056
3.2574444083644205,5.571572670551086e-06,-1,PC6,p131056
-6.188847743553145,1.379720135336494e-21,-1,PC7,p131056
4.370244121848313,1.7501595225955286e-10,-1,PC8,p131056
-1.4994905253554989,0.2545932463807026,-1,PC9,p131056
-2.7982383522098684,0.0019005590389761,-1,PC10,p131056
-2.5988224665743465,0.0050388187956188,-1,PC11,p131056
4.985178118771144,2.725670107152512e-12,-1,PC12,p131056
-1.4118594695040338,0.3236225209410527,-1,PC13,p131056
0.2123347098528315,0.9170067860557052,-1,PC14,p131056
5.132136432679352,1.2575672962596334e-12,-1,PC15,p131056
4.161632465257749,3.0668010373594404e-09,-1,PC16,p131056
4.216583685224991,3.7628670614150115e-09,-1,PC17,p131056
-7.407560341362458,5.676439194757883e-20,-1,PC18,p131056
5.789348361171497,8.174968842930703e-13,-1,PC19,p131056
-3.391080544061108,0.0038323829172662,-1,PC20,p131056
7.33625412186783,7.591539738446677e-17,-1,PC21,p131056
-6.55919862940076,4.67827929549793e-09,-1,PC22,p131056
-4.101375637814428,0.0020440889981304,-1,PC23,p131056
2.602204795034067,0.0908591533114736,-1,PC24,p131056
2.852097818297412,0.0341443962204295,-1,PC25,p131056
-6.548284137277981,8.408292190319418e-11,-1,PC26,p131056
1997.4613297834744,0.98534242922457,-1,PC1,p131086
5.279489876710707,2.894902708337324e-15,-1,PC2,p131086
10.934403187564106,3.327935068624412e-24,-1,PC3,p131086
4.225993476976442,1.5355763360098898e-07,-1,PC4,p131086
-5.842749391482228,7.230649019833184e-08,-1,PC5,p131086
2.517959480409797,0.0023964154694848,-1,PC6,p131086
-3.862535166502132,0.0007709054352757674,-1,PC7,p131086
4.14120966559958,6.141669558523117e-06,-1,PC8,p131086
4.360914118566261,7.088097314048512e-06,-1,PC9,p131086
4.4119476264506,1.5026285523789065e-06,-1,PC10,p131086
4.745716190475956,1.5263629410549668e-06,-1,PC11,p131086
3.666575651081757,0.0007052144697277776,-1,PC12,p131086
7.439517489806824,3.695925440333711e-08,-1,PC13,p131086
8.242433091609005,1.8123141550800913e-12,-1,PC14,p131086
7.236264029025168,1.4154020349382696e-07,-1,PC15,p131086
6.7545578616651625,6.381348611546085e-07,-1,PC16,p131086
-8.640228346997949,8.102569518859415e-10,-1,PC17,p131086
4.293545585885939,0.0134145093513462,-1,PC18,p131086
8.346667385735325,2.7302913671494764e-14,-1,PC19,p131086
-3.3542709258668397,0.1276540875339073,-1,PC20,p131086
4.958634228424763,0.00047047143418005934,-1,PC21,p131086
4.389425124075411,0.0005603001617078517,-1,PC22,p131086
-3.3316145925953102,0.2381194895096706,-1,PC23,p131086
8.316076251576831,2.6396430119540564e-06,-1,PC24,p131086
-4.617353179678514,0.0830740505824301,-1,PC25,p131086
-0.7173355254173441,0.915579992120339,-1,PC26,p131086
11732.756256166702,0.999077639599682,-1,PC1,p131126
9.77879248829263,5.6075698969344755e-14,-1,PC2,p131126
5.976615480512219,1.3684319657948804e-09,-1,PC3,p131126
6.580375009857511,1.673503980047273e-08,-1,PC4,p131126
-3.72861291241288,1.82773124006292e-05,-1,PC5,p131126
4.594543543092792,4.518383067114189e-05,-1,PC6,p131126
5.099004953190999,0.0294744877700965,-1,PC7,p131126
-11.840965456762303,4.3482098099898483e-13,-1,PC8,p131126
2.8653934210310616,0.0740476680454593,-1,PC9,p131126
9.12834013871445,1.8849261292569745e-08,-1,PC10,p131126
-10.560741580711673,7.264740810487136e-08,-1,PC11,p131126
7.755621548728247,2.4782987221018677e-09,-1,PC12,p131126
7.805527561303693,5.2864800942993846e-08,-1,PC13,p131126
-8.522110598931846,0.0014574365418673,-1,PC14,p131126
15.064174309371024,0.0001992990187285996,-1,PC15,p131126
10.077041656214416,1.3064141851383742e-10,-1,PC16,p131126
9.88989847712594,1.9327967353114117e-13,-1,PC17,p131126
9.915171930974086,5.994223433045062e-07,-1,PC18,p131126
-8.120617131567716,0.0117477775083775,-1,PC19,p131126
6.202134472100652,0.0084634872829485,-1,PC20,p131126
9.98085588518259,9.014619145224048e-06,-1,PC21,p131126
5.079525837388746,0.0251256448399685,-1,PC22,p131126
6.811760623621944,0.0003993447618988893,-1,PC23,p131126
-7.5679535698549,0.0021728045341898,-1,PC24,p131126
9.521204733789189,0.0469561986601929,-1,PC25,p131126
11.104857547770033,0.00021261948270716305,-1,PC26,p131126
2740.083609326969,0.3337717173556927,-1,PC1,p131164
6.709793657529505,3.535031215514969e-31,-1,PC2,p131164
6.440249457599204,2.1903608918166724e-39,-1,PC3,p131164
5.21228840234892,2.1266278460052407e-15,-1,PC4,p131164
3.2455003207660984,1.1626670931577195e-06,-1,PC5,p131164
7.567645704395699,1.1178882162746802e-29,-1,PC6,p131164
5.787419972320971,6.504607212870546e-08,-1,PC7,p131164
3.246945000101332,0.0003647621994189619,-1,PC8,p131164
3.438244498704945,4.567411676085368e-05,-1,PC9,p131164
5.584599187377862,7.052757757300902e-08,-1,PC10,p131164
3.1457720680092365,2.660706168563853e-05,-1,PC11,p131164
-6.578897350540423,6.403441801585744e-11,-1,PC12,p131164
4.749989116824059,2.7043616730451284e-08,-1,PC13,p131164
7.443597330347986,3.035949963058497e-14,-1,PC14,p131164
2.4673457364206963,0.0074403781656058,-1,PC15,p131164
4.107576831892921,2.828856943071664e-05,-1,PC16,p131164
5.423853035290757,2.4151552386804133e-08,-1,PC17,p131164
-3.168850095340727,0.0099463407717898,-1,PC18,p131164
-4.107847843966578,0.00026705829858467687,-1,PC19,p131164
7.086607405998918,3.2473721680572634e-11,-1,PC20,p131164
2.888338468411451,0.1820102313061621,-1,PC21,p131164
3.607162242656622,0.0618280359242471,-1,PC22,p131164
4.4667431421796,0.0003911486028003325,-1,PC23,p131164
-5.696858310827362,7.30184113122855e-05,-1,PC24,p131164
11.204549364340425,2.222772639619592e-27,-1,PC25,p131164
6.939822735105603,2.510960669604476e-09,-1,PC26,p131164
41860.100368342864,0.8105894216626739,-1,PC1,p131166
-3.087627027605608,4.1039496707955816e-35,-1,PC2,p131166
-1.2266650540169488,0.0484459140735282,-1,PC3,p131166
3.728517173219727,2.1056447957215594e-38,-1,PC4,p131166
4.207497744757667,1.4374728034458066e-28,-1,PC5,p131166
5.442911913423739,3.778356664795928e-32,-1,PC6,p131166
-0.4891712006067433,0.5333283814526639,-1,PC7,p131166
3.1542070429813838,3.7409452155186046e-11,-1,PC8,p131166
-2.2194869320264403,0.0008801239014771393,-1,PC9,p131166
-3.1035218917848737,6.280804966534499e-10,-1,PC10,p131166
3.2316511027405506,3.1650935272995325e-10,-1,PC11,p131166
-4.419535597461931,3.8697592136313085e-17,-1,PC12,p131166
2.4569203625508926,7.152688968702181e-05,-1,PC13,p131166
2.002279979556904,0.0048509015673581,-1,PC14,p131166
4.013751983639185,4.420273377630368e-16,-1,PC15,p131166
4.132749124002019,3.523926221930898e-15,-1,PC16,p131166
5.761410306666743,7.342588165585231e-35,-1,PC17,p131166
6.012182336953064,1.1828392453593437e-33,-1,PC18,p131166
-2.787626633559818,0.00018521524348527965,-1,PC19,p131166
5.463902284767299,1.1557966071492952e-30,-1,PC20,p131166
-2.9611047211299737,5.9244265172613934e-06,-1,PC21,p131166
1.3283941493421656,0.1130016278460978,-1,PC22,p131166
-4.463120753180945,2.038484103600713e-15,-1,PC23,p131166
3.812742991796663,1.5372868632660014e-10,-1,PC24,p131166
-4.595972168970167,8.200256982084794e-11,-1,PC25,p131166
4.698220569467207,1.4387821594295965e-14,-1,PC26,p131166
9105.856511226528,0.1373311372914578,-1,PC1,p131180
-3.884721397306177,7.954587863180003e-08,-1,PC2,p131180
-7.408881209739636,1.5501938590328394e-12,-1,PC3,p131180
3.558724624724784,3.013598869176455e-05,-1,PC4,p131180
6.607017607544889,9.30253417448866e-12,-1,PC5,p131180
-7.039699522654516,3.0327208682135026e-08,-1,PC6,p131180
4.481426045369331,3.110009036067517e-07,-1,PC7,p131180
6.3857081782854985,1.736100987847332e-09,-1,PC8,p131180
5.832461600035928,8.853325954244976e-07,-1,PC9,p131180
-11.083822500575508,9.642503714960133e-18,-1,PC10,p131180
2.9466839395929925,0.0091523333580599,-1,PC11,p131180
4.134899283935741,0.0005192973066127784,-1,PC12,p131180
11.190244426652702,1.0931800869750629e-15,-1,PC13,p131180
7.542821196164903,2.9752644127039876e-09,-1,PC14,p131180
4.918900883908827,0.0001874272256551724,-1,PC15,p131180
10.206817942316013,2.7071316163180813e-13,-1,PC16,p131180
5.783699768997093,0.00014996408857547106,-1,PC17,p131180
2.19157433347274,0.5723469790276547,-1,PC18,p131180
-6.218093465032966,0.0106617492803081,-1,PC19,p131180
-8.042755509153798,4.226133776234155e-05,-1,PC20,p131180
13.143884430274152,1.9138195427744613e-22,-1,PC21,p131180
-4.426890676868118,0.2442618470600541,-1,PC22,p131180
-2.713770691770617,0.7061332115847856,-1,PC23,p131180
-1.1479274390036271,0.8657908497930611,-1,PC24,p131180
-8.065451591560299,2.3375170495336625e-06,-1,PC25,p131180
-8.018923216112935,2.0146091725858702e-06,-1,PC26,p131180
3425.162853358533,0.9630840218707916,-1,PC1,p131182
-2.386413275430253,8.085860215206963e-09,-1,PC2,p131182
5.897159625567933,1.1179512864793722e-35,-1,PC3,p131182
-2.576962423083736,0.0055541304990478,-1,PC4,p131182
-3.4878406781864006,5.926250939340445e-07,-1,PC5,p131182
7.810165325737534,4.813355036347015e-33,-1,PC6,p131182
-4.338484835451036,3.606852868475234e-11,-1,PC7,p131182
-3.281285637298533,1.0441371698310373e-06,-1,PC8,p131182
4.383170883025248,2.261142246378393e-15,-1,PC9,p131182
-4.710496889808237,5.773121850204257e-12,-1,PC10,p131182
4.223029740829543,2.459416262167085e-09,-1,PC11,p131182
2.507193919940139,0.00224529207104,-1,PC12,p131182
3.417752353811011,4.679021282579673e-06,-1,PC13,p131182
7.247510955212792,1.4110135874542437e-18,-1,PC14,p131182
-0.3903998159846392,0.8342738564380578,-1,PC15,p131182
8.14553575725459,8.99655247074613e-31,-1,PC16,p131182
3.2169258696743284,0.0012212869140176,-1,PC17,p131182
3.267341207846545,0.00016343806108126764,-1,PC18,p131182
-1.6792685887379413,0.2872560432954714,-1,PC19,p131182
3.9115819238427543,5.590770574235392e-07,-1,PC20,p131182
-4.458782461496428,4.457193200919791e-07,-1,PC21,p131182
-2.309762485410488,0.0983643956517026,-1,PC22,p131182
4.735424192317637,6.564100164599997e-09,-1,PC23,p131182
4.61217052650648,2.173886728175353e-07,-1,PC24,p131182
-4.29117465783877,0.00027739391722619486,-1,PC25,p131182
-5.042135764050308,9.56591589529786e-06,-1,PC26,p131182
1492.6790597796917,0.9746418793993036,-1,PC1,p131190
4.5039138197955,1.6269879459660628e-43,-1,PC2,p131190
-4.410034997800911,4.9045410123649904e-14,-1,PC3,p131190
-6.479749766251443,3.539585899881393e-38,-1,PC4,p131190
-2.5929061530268327,4.3103358095372e-05,-1,PC5,p131190
3.1313611959909413,6.0753915454707e-08,-1,PC6,p131190
-1.0529788259837125,0.3805598311856976,-1,PC7,p131190
-3.786464800579348,5.757893816025589e-10,-1,PC8,p131190
2.630617887784338,0.0019086089868378,-1,PC9,p131190
6.194452530004078,1.308994330246249e-26,-1,PC10,p131190
-2.464772096565274,0.0068014241884042,-1,PC11,p131190
-4.156828806844822,8.826438474587478e-11,-1,PC12,p131190
4.486101033377977,8.142462208058868e-13,-1,PC13,p131190
-4.346898487128361,4.005633939442794e-10,-1,PC14,p131190
3.9616725952559744,1.449721454549897e-07,-1,PC15,p131190
2.3216074158033906,0.0137238497668134,-1,PC16,p131190
-4.046838473564533,2.60057453962446e-07,-1,PC17,p131190
-5.589751803807822,1.3734180831360382e-16,-1,PC18,p131190
2.568542705272137,0.0303830338467436,-1,PC19,p131190
6.881154407982421,2.9755562262015324e-23,-1,PC20,p131190
3.390400809173959,0.0001177658805969078,-1,PC21,p131190
1.0500054124005205,0.558728201679498,-1,PC22,p131190
-3.711191202758677,7.370179857161922e-05,-1,PC23,p131190
4.722460299897884,3.58405267502426e-09,-1,PC24,p131190
-4.6636808660503455,6.904333793901127e-09,-1,PC25,p131190
4.496767937358273,6.07487767002329e-10,-1,PC26,p131190
2824.5964709343266,0.989375497903036,-1,PC1,p131282
9.057957445424051,1.8415878848076758e-09,-1,PC2,p131282
3.714618739711084,1.0162408181824955e-06,-1,PC3,p131282
2.47691850313191,0.0040407457338757,-1,PC4,p131282
-4.006292282138297,0.0039157469161022,-1,PC5,p131282
4.467708346801012,1.7961206346628318e-05,-1,PC6,p131282
8.966881892352793,5.299832144563175e-10,-1,PC7,p131282
9.648073668682835,5.800765502371543e-08,-1,PC8,p131282
4.039188493372353,0.0001382677832732604,-1,PC9,p131282
-4.08190793853568,0.1255246777966114,-1,PC10,p131282
7.195825491050544,7.333633376031698e-05,-1,PC11,p131282
-6.403411815750976,0.0013861895600098,-1,PC12,p131282
10.033971358218992,1.0494761220128949e-06,-1,PC13,p131282
6.260023714355561,0.0005595541015856188,-1,PC14,p131282
6.625858491198977,0.000167866487305,-1,PC15,p131282
6.86853865610977,0.0002733478025755073,-1,PC16,p131282
-13.13014799031347,2.82388642595942e-05,-1,PC17,p131282
31.761356962105715,0.0094402796817561,-1,PC18,p131282
-7.671481942019681,0.0636721873495598,-1,PC19,p131282
-16.04079544549961,0.0004231512991037369,-1,PC20,p131282
31.338771640680857,0.4554226009672935,-1,PC21,p131282
-9.480561032547117,0.1675119994429476,-1,PC22,p131282
-14.905322036489384,0.0015932251561111,-1,PC23,p131282
4138248659217936.0,0.2153052827444687,-1,PC24,p131282
2.0142039387324416e+16,2.0990316967882867e-10,-1,PC25,p131282
-1.978295230579354e+16,8.658668256467494e-08,-1,PC26,p131282
226.92601881983688,0.9966825338723811,-1,PC1,p131304
7.128495194836973,3.213072678935969e-19,-1,PC2,p131304
5.7418544793051,3.723628488149873e-05,-1,PC3,p131304
5.405469333512053,6.985927369484124e-07,-1,PC4,p131304
1.324458009609464,0.5955073742241428,-1,PC5,p131304
-2.6818797387163844,0.0028336706389345,-1,PC6,p131304
-2.229050518051385,0.3417185426316783,-1,PC7,p131304
1.5884348792578875,0.5963405607467009,-1,PC8,p131304
4.718291157022608,0.00014607285328984877,-1,PC9,p131304
-5.826536053120982,5.8108139203967655e-06,-1,PC10,p131304
3.680104365217184,0.0523566486194975,-1,PC11,p131304
3.692651580441096,0.0005180146395560887,-1,PC12,p131304
8.24811468986401,1.3070069534810662e-09,-1,PC13,p131304
-7.755696517057308,9.13175150340756e-07,-1,PC14,p131304
8.840750057391114,2.7408473096257623e-08,-1,PC15,p131304
-5.536824587944618,0.00035450381702559685,-1,PC16,p131304
7.419448433323319,5.246398856849126e-07,-1,PC17,p131304
-5.699094409343451,0.2511353903365759,-1,PC18,p131304
-4.111219546330153,0.0279229302506302,-1,PC19,p131304
8.314694135453191,7.426415757433491e-09,-1,PC20,p131304
-9.30311152399163,1.039806412056832e-07,-1,PC21,p131304
8.24855339580986,2.2123494257438322e-07,-1,PC22,p131304
7.079573021542981,0.00012613840516060657,-1,PC23,p131304
9.783281099811449,1.4518265953307816e-06,-1,PC24,p131304
10.697311266249637,9.499780426228053e-09,-1,PC25,p131304
6.275151752078571,0.0252831518929393,-1,PC26,p131304
3963.308889801367,0.3061431502730046,-1,PC1,p131306
1.2647620286272083,1.0589805989925356e-05,-1,PC2,p131306
-2.6967618139685627,1.3846768934990244e-32,-1,PC3,p131306
-1.936561721790566,5.999200890255889e-19,-1,PC4,p131306
0.5085258337208338,0.17998395243686,-1,PC5,p131306
1.452798340080375,2.85224227532836e-05,-1,PC6,p131306
-1.3616155966629495,0.0072707072242979,-1,PC7,p131306
1.0424450601423891,0.0133444463482991,-1,PC8,p131306
-2.1677332995857586,0.0013998657053386,-1,PC9,p131306
-2.2929894194294045,1.0485931274754293e-07,-1,PC10,p131306
1.9768418696826775,2.384829234348244e-06,-1,PC11,p131306
2.2680234459433954,2.0470265647441216e-08,-1,PC12,p131306
-3.143606705131121,1.4195915755503852e-12,-1,PC13,p131306
-0.05410018283392,0.9351398007646624,-1,PC14,p131306
1.9262924994427577,0.00012471364792627522,-1,PC15,p131306
1.4041005863857885,0.0098498918010598,-1,PC16,p131306
-1.4662158488742885,0.0139011883960588,-1,PC17,p131306
-3.333133784099656,3.774875388943655e-14,-1,PC18,p131306
0.4372766145714679,0.5643786713993271,-1,PC19,p131306
1.8333662100247483,0.0037324501102471,-1,PC20,p131306
2.984452429104101,7.825435845933868e-11,-1,PC21,p131306
3.220297861193232,2.1706903979760856e-11,-1,PC22,p131306
2.624680044873837,8.773744460270113e-07,-1,PC23,p131306
-2.330310325817731,0.00034755586119086606,-1,PC24,p131306
-2.542901233126944,1.493311300585634e-05,-1,PC25,p131306
0.803335796648017,0.3096175166701752,-1,PC26,p131306
33.98153195835042,0.6823685260239236,-1,PC1,p131310
1591898324135775.2,0.0,-1,PC2,p131310
4.267719448867957,0.00012768016152674835,-1,PC3,p131310
9.830246484521496,0.8238452281251345,-1,PC4,p131310
5.876895050594501,0.00011415472740605956,-1,PC5,p131310
40760251.83179167,0.3903636424195153,-1,PC6,p131310
2.738111751592058e+16,0.00019409094551680995,-1,PC7,p131310
-3.809816113838066e+16,2.012705574027027e-05,-1,PC8,p131310
-1.133885661772504e+16,0.00014508663211583358,-1,PC9,p131310
1.9035409411418592e+17,0.0018309975819155,-1,PC10,p131310
4.80710464665289e+31,0.0,-1,PC11,p131310
1.1596960001160835e+17,9.582426864653265e-06,-1,PC12,p131310
3.363153794261737e+16,1.6490581565125833e-05,-1,PC13,p131310
-4.962137465257534e+16,9.628360821050388e-05,-1,PC14,p131310
7.794213868770525e+16,6.153670855738726e-05,-1,PC15,p131310
-7.05059781395743e+17,4.3314497494290046e-05,-1,PC16,p131310
1.7498693944975608e+16,0.00011880616479956576,-1,PC17,p131310
8.173573030569693e+16,0.0081236839488757,-1,PC18,p131310
-3.733238664321908e+31,0.0,-1,PC19,p131310
-1.969483540341544e+31,0.0,-1,PC20,p131310
-1.018680944382538e+17,4.370692677401442e-06,-1,PC21,p131310
-1.121791829512941e+17,0.4098303206978977,-1,PC22,p131310
4.467419527911008e+31,0.0,-1,PC23,p131310
2.1916685928798856e+18,0.0005083570703296018,-1,PC24,p131310
1.837780970569928e+21,0.9881245058234566,-1,PC25,p131310
3.805138071858073e+30,2.669259009822533e-05,-1,PC26,p131310
6405.91259202547,0.1303726876975529,-1,PC1,p131322
9.565213385606585,2.488412590878671e-32,-1,PC2,p131322
6.134088730240547,1.9533701743795777e-24,-1,PC3,p131322
6.02947004830161,1.5068119145386138e-20,-1,PC4,p131322
1.776756221356455,0.0546475017105921,-1,PC5,p131322
-4.549265248215615,1.048782436618622e-05,-1,PC6,p131322
-3.9692322459849145,1.1106831461304778e-08,-1,PC7,p131322
1.3848773749769112,0.6565260277670986,-1,PC8,p131322
2.952252362267908,0.1886153971271867,-1,PC9,p131322
-3.2264761717933843,0.0047818693430395,-1,PC10,p131322
-3.0307497051164187,0.0243873549930202,-1,PC11,p131322
4.294962951208935,1.7971861609655975e-05,-1,PC12,p131322
-4.762617540527326,1.1801884066879512e-05,-1,PC13,p131322
2.167090051488922,0.4417725934482865,-1,PC14,p131322
-7.329688278151811,2.2723823962122782e-10,-1,PC15,p131322
5.118263491651057,1.9731590265732032e-05,-1,PC16,p131322
11.304017959257392,2.55100404532459e-24,-1,PC17,p131322
-7.644074135510881,1.649192519409028e-09,-1,PC18,p131322
5.515528387785721,1.0939272955150789e-07,-1,PC19,p131322
7.731399253412073,2.9179128838351387e-11,-1,PC20,p131322
-9.75741252758732,5.673272562478231e-10,-1,PC21,p131322
6.832474682413278,8.995077363764988e-07,-1,PC22,p131322
4.513754107376456,0.0018394964871476,-1,PC23,p131322
8.144276605071079,2.1761648834710747e-11,-1,PC24,p131322
-6.071196130481092,1.90736578239356e-05,-1,PC25,p131322
8.661616013692633,7.009924992378712e-09,-1,PC26,p131322
3677445738283780.0,0.0,-1,PC1,p131324
-2.185987228006141,0.0261518072682793,-1,PC2,p131324
4.012847509546361,1.4202968761246558e-07,-1,PC3,p131324
-4.091923168522643,1.7231462396203166e-05,-1,PC4,p131324
-1.5394679002929588,0.5875653139671855,-1,PC5,p131324
3.0840815992814723,0.0017723890501271,-1,PC6,p131324
2.066135287799508,0.0704993585693486,-1,PC7,p131324
-1.9986948613922808,0.2761850095177366,-1,PC8,p131324
6.072661076605102,2.3001318122316447e-07,-1,PC9,p131324
4.330176464786265,1.3416083342268411e-05,-1,PC10,p131324
6.792657639691195,0.0045770363937574,-1,PC11,p131324
2.8926016366035365,0.1126700019070349,-1,PC12,p131324
8.310650740321297,2.7330232473003426e-17,-1,PC13,p131324
-4.852688912246088,0.002322060399758,-1,PC14,p131324
2.819747495776423,0.1626643022048076,-1,PC15,p131324
7.091986463864461,7.617651610909706e-06,-1,PC16,p131324
-3.413898655930062,0.0409724090721186,-1,PC17,p131324
-3.4650951281637363,0.0700270405995214,-1,PC18,p131324
-7.8812376721665425,3.34453523065904e-09,-1,PC19,p131324
-1.841589060950048,0.5808088683186863,-1,PC20,p131324
-5.288111171292417,0.0534934343178973,-1,PC21,p131324
5.018453094341711,0.0025338456450541,-1,PC22,p131324
-6.886463773490995,2.45911881115174e-05,-1,PC23,p131324
4.924225018089331,0.0018514387382064,-1,PC24,p131324
-5.286238337783666,0.0163739239697984,-1,PC25,p131324
7.879452684957182,2.4771380677777472e-05,-1,PC26,p131324
1235.899365038014,0.5349481683128627,-1,PC1,p131342
8.252398999788886,1.215795382434785e-20,-1,PC2,p131342
-3.296429402413959,1.347160175417024e-07,-1,PC3,p131342
8.132677946160156,8.163275938035382e-20,-1,PC4,p131342
4.891978283559935,2.707466226940701e-05,-1,PC5,p131342
-4.328118481764831,0.001088196053656,-1,PC6,p131342
-2.690422786470822,0.0019261791326538,-1,PC7,p131342
5.0085924495560326,8.485986262945592e-08,-1,PC8,p131342
9.29752982059673,1.5915636278474417e-15,-1,PC9,p131342
-3.468572740560585,0.0081016618830482,-1,PC10,p131342
4.391598532505265,0.00016431166256652307,-1,PC11,p131342
13.417783180801576,2.148229972849984e-24,-1,PC12,p131342
-2.371784718227289,0.4685305152282271,-1,PC13,p131342
-5.853064586354265,8.272783988829695e-09,-1,PC14,p131342
-9.147061663591572,3.5329300193445797e-10,-1,PC15,p131342
-3.990340441909734,0.00037684720008154034,-1,PC16,p131342
2.481065361927842,0.2867885274571697,-1,PC17,p131342
-5.420245967789128,0.0073863127989861,-1,PC18,p131342
3.6739116526986746,0.1110278702312955,-1,PC19,p131342
-7.109353640865848,1.3831990371142522e-06,-1,PC20,p131342
9.191263435522952,5.571028978157266e-13,-1,PC21,p131342
6.702073752457844,0.0042839056282034,-1,PC22,p131342
-9.721611931718904,4.4157625475035764e-14,-1,PC23,p131342
7.242378600533558,0.0002770839322961804,-1,PC24,p131342
-8.556812377839988,1.0747334536572081e-07,-1,PC25,p131342
5.376772557130948,0.0186992119574589,-1,PC26,p131342
906.3553679080256,0.1760352689707258,-1,PC1,p131344
3.469720170696463,0.0006110645529726581,-1,PC2,p131344
6.765434983235191,1.1718822102377052e-11,-1,PC3,p131344
9.24795433679968,2.774871334510828e-18,-1,PC4,p131344
-7.197073475632834,2.762736576324025e-06,-1,PC5,p131344
10.002088255550476,3.5131947421649904e-08,-1,PC6,p131344
-6.982116038773262,0.00039128178166906606,-1,PC7,p131344
10.604542516627196,2.3440422067110103e-14,-1,PC8,p131344
-5.649309435669235,0.0123560949021901,-1,PC9,p131344
10.454496781131008,2.026580967145536e-13,-1,PC10,p131344
4.923503055104625,1.968162396346552e-05,-1,PC11,p131344
-2.992932788710489,0.4026476705192055,-1,PC12,p131344
6.511058001956776,1.745555547707927e-07,-1,PC13,p131344
-7.645702256539777,1.2438924190893025e-06,-1,PC14,p131344
10.121030519644878,1.4061335087119316e-10,-1,PC15,p131344
-3.190973997038625,0.6557500424362125,-1,PC16,p131344
9.928449574074389,4.6398058140922144e-08,-1,PC17,p131344
11.104726231675356,1.852439284266549e-12,-1,PC18,p131344
2205690194289390.5,0.0,-1,PC19,p131344
-8.135430705196505,1.87630368584022e-05,-1,PC20,p131344
8.878885979960026,6.5788000420202114e-06,-1,PC21,p131344
8.764519951015203,7.78251131886993e-05,-1,PC22,p131344
-12.75479868863721,2.4687352156767193e-10,-1,PC23,p131344
11.71668450905656,3.784546637982783e-08,-1,PC24,p131344
12.687652149921512,1.1550922648209264e-09,-1,PC25,p131344
-11.77425256077844,2.4561949790473466e-08,-1,PC26,p131344
395.50972827749,0.9965987085427211,-1,PC1,p131346
1.8462453704598951,0.0054690623489813,-1,PC2,p131346
9.041609513486964,5.8394058553988614e-15,-1,PC3,p131346
-6.3459338184039495,1.108328250071224e-05,-1,PC4,p131346
8.243118887549528,1.1491987368008267e-10,-1,PC5,p131346
6.627017641311918,7.287552319010408e-05,-1,PC6,p131346
3.594261878981763,8.667157598006944e-05,-1,PC7,p131346
-3.2834410091959305,0.190600490674682,-1,PC8,p131346
-4.600994867826429,0.04409253520784,-1,PC9,p131346
-6.063951619564879,0.0006554578243896764,-1,PC10,p131346
-9.791077486467982,2.537119133641498e-07,-1,PC11,p131346
8.076316327058489,1.842654673941307e-06,-1,PC12,p131346
-5.583286446833539,0.37702068700185,-1,PC13,p131346
63.4802980502523,1.3001718908073234e-07,-1,PC14,p131346
11.151662032776615,0.0241522555015982,-1,PC15,p131346
-10.786254513045929,0.0568246914790377,-1,PC16,p131346
-24.451850585497212,3.857982430030813e-07,-1,PC17,p131346
-138923624895188.2,0.9882644736253694,-1,PC18,p131346
-2.1740523644252424e+16,1.6550297801734204e-07,-1,PC19,p131346
1.1541958003930756e+16,0.0009857641133221465,-1,PC20,p131346
-6975012205939252.0,1.607206007700398e-07,-1,PC21,p131346
-9588314878441962.0,1.4352426862215591e-06,-1,PC22,p131346
-2138482959400360.0,0.1128713025269936,-1,PC23,p131346
-3.382253892231496e+16,1.8793789372979817e-13,-1,PC24,p131346
2.129071362840533e+16,2.2812173726907707e-07,-1,PC25,p131346
-1.992008563594203e+16,2.735114202048642e-06,-1,PC26,p131346
5230.464812096017,0.232422298765666,-1,PC1,p131350
2.340336672506834,4.403490299861136e-06,-1,PC2,p131350
-8.080886687411237,8.445889717181094e-90,-1,PC3,p131350
3.6671831554424834,9.688543680269725e-23,-1,PC4,p131350
3.2303830772345608,9.003118513738305e-13,-1,PC5,p131350
-1.9087399535792924,0.0411553849947251,-1,PC6,p131350
3.0843170052733044,1.9753118282827199e-10,-1,PC7,p131350
4.048096620173158,4.3949785122157276e-29,-1,PC8,p131350
-4.210678039736071,8.411893006757068e-13,-1,PC9,p131350
6.552776252240633,1.0340343725995688e-35,-1,PC10,p131350
-2.1597929626243224,0.0020650257952645,-1,PC11,p131350
3.633737225232312,1.5107090738423565e-11,-1,PC12,p131350
3.701469988716895,8.460166773222476e-11,-1,PC13,p131350
1.2073041050070428,0.2319293996218351,-1,PC14,p131350
-3.014681205416478,0.0007077438838292562,-1,PC15,p131350
3.887538376440255,2.520499289723244e-10,-1,PC16,p131350
-2.0353928414459053,0.0366969739082703,-1,PC17,p131350
-1.676045196121236,0.1267143530792875,-1,PC18,p131350
6.968405969230684,8.549080019645788e-31,-1,PC19,p131350
-5.168950397512551,1.773454865096052e-16,-1,PC20,p131350
5.281771910217771,3.9432918564376406e-17,-1,PC21,p131350
1.058159402270624,0.3929079208019271,-1,PC22,p131350
4.829375656108097,2.5282820912646034e-10,-1,PC23,p131350
1.137306169114416,0.3916244237066256,-1,PC24,p131350
4.730193860149456,2.360456860514727e-11,-1,PC25,p131350
3.087602106242373,0.0003706903849763639,-1,PC26,p131350
3029.212051445114,0.2062673797932995,-1,PC1,p131354
-4.5117548392014335,1.996457113074176e-20,-1,PC2,p131354
3.818452575299688,1.238142686383751e-07,-1,PC3,p131354
2.5467976126226617,0.000646721799934914,-1,PC4,p131354
3.373830856491448,2.371385149159937e-06,-1,PC5,p131354
-4.308456657959413,1.3728190859244258e-05,-1,PC6,p131354
7.268864400634682,4.812977118760099e-26,-1,PC7,p131354
3.777119202786969,7.673529434899421e-07,-1,PC8,p131354
-4.439609227156513,6.027855842737259e-11,-1,PC9,p131354
-5.584547012671401,3.244047228536175e-12,-1,PC10,p131354
-4.760315997183671,2.8165851615067816e-06,-1,PC11,p131354
-3.598338555343352,0.0048387127816325,-1,PC12,p131354
-8.413722233227078,4.1291169930301577e-22,-1,PC13,p131354
4.869632148595535,4.827969757786037e-10,-1,PC14,p131354
-4.74035837134887,0.0011870860401089,-1,PC15,p131354
1.6626014753198337,0.4767904213190354,-1,PC16,p131354
-4.744799530551757,7.490073483043853e-06,-1,PC17,p131354
-4.17059475961412,0.0001133037671988834,-1,PC18,p131354
9.49102911128198,1.0278731400295916e-23,-1,PC19,p131354
-6.088420974811953,1.5952559039960724e-08,-1,PC20,p131354
-7.954931487687925,1.6562512869639586e-14,-1,PC21,p131354
-4.513271209736178,4.010359503208302e-05,-1,PC22,p131354
-7.994030831963339,6.674337296593883e-11,-1,PC23,p131354
7.863779040979377,3.282956397212531e-14,-1,PC24,p131354
5.033665256498124,3.290412528296125e-06,-1,PC25,p131354
7.374237837805072,1.0230678319947748e-10,-1,PC26,p131354
2277.4153968973787,0.391961393223093,-1,PC1,p131366
7.608421531622776,3.4324598521369802e-15,-1,PC2,p131366
2.421210273203888,0.00159688861292,-1,PC3,p131366
-7.98423232719637,7.138239896248903e-12,-1,PC4,p131366
3.757108849232909,4.087120237276237e-07,-1,PC5,p131366
3.85109747837757,7.893365275127157e-05,-1,PC6,p131366
-3.2749713537071607,0.00044826002934624594,-1,PC7,p131366
6.719818183182403,6.358769647841003e-14,-1,PC8,p131366
3.930846372619172,4.874352599680239e-05,-1,PC9,p131366
0.6382558905062921,0.8737641283324316,-1,PC10,p131366
5.603023644704417,1.1090653585419051e-09,-1,PC11,p131366
-2.596565349461673,0.2605355343903953,-1,PC12,p131366
-3.8299294083980033,0.0039010735035678,-1,PC13,p131366
7.479732814911818,5.95549264090406e-12,-1,PC14,p131366
-7.819401467273078,3.26179964067752e-12,-1,PC15,p131366
7.406549372823173,3.5229291658405383e-11,-1,PC16,p131366
-2.000218641085284,0.6565837537419463,-1,PC17,p131366
9.249270765298744,4.004309158131387e-16,-1,PC18,p131366
7.298856524813683,4.845607911717913e-06,-1,PC19,p131366
8.36511040675946,1.2880869829337194e-12,-1,PC20,p131366
6.533733525919575,6.393554128797908e-07,-1,PC21,p131366
-7.001311311528034,0.0001415857275311429,-1,PC22,p131366
11.149609556231352,2.5235819187019385e-17,-1,PC23,p131366
8.813152667168868,1.421062026344413e-10,-1,PC24,p131366
-7.207252350317352,2.58291820928235e-06,-1,PC25,p131366
7.533143588252159,8.821779955937391e-06,-1,PC26,p131366
188.68793480834205,0.9908011491132068,-1,PC1,p131370
1.8986890242212175,0.0010152660354556,-1,PC2,p131370
2.4094158692822445,6.332869404136579e-05,-1,PC3,p131370
6.547961110811163,1.2654562091993795e-09,-1,PC4,p131370
4.80872822122735,2.2925394856506397e-08,-1,PC5,p131370
-2.5636518149107124,0.0200962780064879,-1,PC6,p131370
6.673353597211936,1.8043219157150936e-05,-1,PC7,p131370
-6.976643614045199,2.1723492694654162e-08,-1,PC8,p131370
-5.5510889043357095,0.00019631943946005057,-1,PC9,p131370
2.3419343852957737,0.5001900225696186,-1,PC10,p131370
7.023254156557192,4.30806039487696e-08,-1,PC11,p131370
-6.136046067004359,0.0004517099122159039,-1,PC12,p131370
11.182928783874209,1.7099382902056657e-14,-1,PC13,p131370
7.337910739494053,1.8030714135567684e-06,-1,PC14,p131370
-8.042346296542458,4.877181953551973e-05,-1,PC15,p131370
13.872279849215763,1.4782893858364886e-13,-1,PC16,p131370
10.216744828345984,4.154998277655704e-09,-1,PC17,p131370
7.322682729304598,0.0051794002988457,-1,PC18,p131370
11.530136486509477,8.191325836771721e-11,-1,PC19,p131370
9.35512176391649,1.6985183431594364e-06,-1,PC20,p131370
9.014501745184774,0.0005888944789667696,-1,PC21,p131370
10.713272932905022,2.780480164264668e-06,-1,PC22,p131370
-12.132122961721366,3.1679826248964616e-08,-1,PC23,p131370
7.893532861132773,0.0005543090859795323,-1,PC24,p131370
11.001066716835998,0.0013777251325794,-1,PC25,p131370
10.30188717456686,0.0074096250927851,-1,PC26,p131370
1806.7217857096816,0.462501974986177,-1,PC1,p131374
-1.478608937108224,0.0377373901360638,-1,PC2,p131374
-8.29498832589757,2.799918813909311e-28,-1,PC3,p131374
2.7216154737909486,0.160200632553864,-1,PC4,p131374
-3.104940938101869,0.00022872992974904536,-1,PC5,p131374
6.460193011732892,2.414065082949887e-13,-1,PC6,p131374
5.834236269694194,3.659760963839718e-11,-1,PC7,p131374
-3.190180367639053,0.0071408140805295,-1,PC8,p131374
8.599796515468986,1.2150882514157434e-16,-1,PC9,p131374
5.2923218381658135,1.7528136092898852e-07,-1,PC10,p131374
7.150844221847249,9.551497957069739e-12,-1,PC11,p131374
2.4252907132065102,0.2957301977981401,-1,PC12,p131374
5.916793871714396,2.823231595384022e-07,-1,PC13,p131374
-9.102058594068785,4.7282084877754265e-19,-1,PC14,p131374
-6.440624633264248,1.9982818198996225e-06,-1,PC15,p131374
4.841607928530867,0.00017425063312735117,-1,PC16,p131374
4.075914441568207,0.0027615092735422,-1,PC17,p131374
-6.964202785164315,0.00021589887486491653,-1,PC18,p131374
8.545747170634,5.658433737626945e-13,-1,PC19,p131374
9.760739484634756,8.634876710085529e-14,-1,PC20,p131374
7.724811337577562,3.9066508429563364e-09,-1,PC21,p131374
2.6183610970460385,0.5113856291318399,-1,PC22,p131374
6.16316875257687,9.793877695464518e-06,-1,PC23,p131374
-6.6753693766870095,0.0011449940754846,-1,PC24,p131374
-5.642326674028662,0.060822614815607,-1,PC25,p131374
13.724476596057784,1.3587976478426469e-25,-1,PC26,p131374
366.4906571004117,0.7339537735505353,-1,PC1,p131378
12.43735049385543,1.2792426676231877e-36,-1,PC2,p131378
4.213458836854215,1.1437207362875064e-05,-1,PC3,p131378
-7.029695785098378,1.883980503972311e-07,-1,PC4,p131378
4.44450431535289,0.0046105464332751,-1,PC5,p131378
-3.924570785525777,9.058463020654038e-06,-1,PC6,p131378
1.9769430855843508,0.4699871743703261,-1,PC7,p131378
-3.30087295231097,0.0019776389031963,-1,PC8,p131378
4.130836293336683,0.00016869155132089616,-1,PC9,p131378
6.614851872655674,7.117157213462337e-05,-1,PC10,p131378
7.478763394212514,3.2769816564284244e-10,-1,PC11,p131378
-3.4748927409959536,0.0061487846734933,-1,PC12,p131378
5.029705915589322,0.0529143359745377,-1,PC13,p131378
-6.307889819310358,0.00018210420421023584,-1,PC14,p131378
-7.444703218452701,1.0317296718919264e-09,-1,PC15,p131378
6.751281541106028,0.0057375753603276,-1,PC16,p131378
-6.00766688410783,0.0007593336808143647,-1,PC17,p131378
-8.105965769479957,4.667548946833863e-05,-1,PC18,p131378
-7.939028581648623,2.940407868798025e-06,-1,PC19,p131378
7.824026457283663,3.009155158500988e-07,-1,PC20,p131378
10.706086654887065,4.945722810166687e-10,-1,PC21,p131378
-10.077471170441504,8.211340711221584e-09,-1,PC22,p131378
-10.636290396532829,2.9371562430916547e-06,-1,PC23,p131378
4.9934006267877615,0.0280945343576164,-1,PC24,p131378
7.407843890268558,0.00011349073729479202,-1,PC25,p131378
9.174651751927636,1.7297330581456331e-06,-1,PC26,p131378
1783.3576349241976,0.9900129747184642,-1,PC1,p131380
5.68906081299076,7.219111971344972e-08,-1,PC2,p131380
3.400644249816657,0.0006066505558224259,-1,PC3,p131380
9.837888418550245,7.204007985112181e-15,-1,PC4,p131380
3.086797810910025,0.0007377958528646628,-1,PC5,p131380
5.555875678102482,9.689517175525516e-05,-1,PC6,p131380
4.7575265415746415,5.798821371775074e-05,-1,PC7,p131380
-5.271851772262592,9.498444532636e-05,-1,PC8,p131380
6.94928243937694,1.9406583880717755e-10,-1,PC9,p131380
5.3819080528895205,3.7082177544057366e-05,-1,PC10,p131380
-6.168748129660361,0.0012350433816056,-1,PC11,p131380
-3.852284870053422,0.0099682287125412,-1,PC12,p131380
6.040139160798683,1.2422436389183066e-06,-1,PC13,p131380
4.927830707977967,0.0008012206414672964,-1,PC14,p131380
5.261150292501594,4.603650618356468e-05,-1,PC15,p131380
5.274396620806562,0.0005862601100866211,-1,PC16,p131380
5.66366363959309,0.0270070138278085,-1,PC17,p131380
6.05573614909193,0.0146178663129354,-1,PC18,p131380
-7.526007681817762,3.8818535080224906e-05,-1,PC19,p131380
-9.03505052793973,2.7226826131063e-05,-1,PC20,p131380
11.39236470953604,5.92547262335138e-07,-1,PC21,p131380
-10.496797651961767,0.00012430587734798236,-1,PC22,p131380
-11.94011736393792,1.2831556337736307e-06,-1,PC23,p131380
-9.557945147157673,6.282377047766046e-05,-1,PC24,p131380
-4.574510081207374,0.4640614568734574,-1,PC25,p131380
-14.696304363710926,4.1545949916420596e-08,-1,PC26,p131380
3238340117108550.5,0.0,-1,PC1,p131382
9.131671658364446,1.4767590476112236e-28,-1,PC2,p131382
2.450711048829349,0.0001550582492860927,-1,PC3,p131382
-2.991950639789627,0.0005101385953016605,-1,PC4,p131382
-4.3106525261568605,0.00032290789445649085,-1,PC5,p131382
-4.946088756124718,3.6868628944834844e-08,-1,PC6,p131382
5.862827934556437,3.4442841696980186e-08,-1,PC7,p131382
10.193598782362852,3.667602696893462e-15,-1,PC8,p131382
-9.757471093616468,2.3007814879341782e-08,-1,PC9,p131382
6.781197229772512,5.969281897040285e-08,-1,PC10,p131382
-6.636093113723426,0.00162626528202,-1,PC11,p131382
-6.446820829623534,4.6093058323148905e-06,-1,PC12,p131382
6.388472152618646,1.8884244631438104e-06,-1,PC13,p131382
8.629109995039682,5.633607089440864e-06,-1,PC14,p131382
7.551445788732394,1.0156514184083777e-05,-1,PC15,p131382
9.576360289599672,2.563412723525613e-09,-1,PC16,p131382
5.711528297518624,0.001440606265831,-1,PC17,p131382
-8.116580864796184,2.081277693844292e-05,-1,PC18,p131382
10.123602162409249,8.17246303839507e-06,-1,PC19,p131382
-12.510574483359944,2.273876064226939e-10,-1,PC20,p131382
11.48437107484546,1.7791483585912175e-11,-1,PC21,p131382
11.674748539573711,3.7114807718509214e-06,-1,PC22,p131382
13.637780266206974,1.0981671244950996e-05,-1,PC23,p131382
11.376954744702058,2.210878411507916e-05,-1,PC24,p131382
8.472875836053886,5.693171336246404e-05,-1,PC25,p131382
11.929393890672976,0.0040583969113346,-1,PC26,p131382
701.056894679006,0.9875123479154106,-1,PC1,p131390
-2.3389878487206204,5.298027742114326e-06,-1,PC2,p131390
1.6012854296969856,0.0191152477884435,-1,PC3,p131390
7.159777041029349,2.004217470458456e-16,-1,PC4,p131390
7.911149886391643,1.6549891029435754e-09,-1,PC5,p131390
-6.67049321648093,2.412984479456969e-10,-1,PC6,p131390
5.508867806510096,1.5083536493045155e-08,-1,PC7,p131390
4.534131966995638,1.6134966494318908e-05,-1,PC8,p131390
-4.086057675314457,1.6716570868013184e-05,-1,PC9,p131390
5.400713292513334,1.4092822124987138e-08,-1,PC10,p131390
6.357147625008545,4.149838766850444e-11,-1,PC11,p131390
2.173523907199604,0.0838615190615465,-1,PC12,p131390
-4.40378987173077,0.014113936043907,-1,PC13,p131390
6.733595174513854,1.5765064251633978e-10,-1,PC14,p131390
-7.341391863527052,7.593408143660669e-08,-1,PC15,p131390
-5.054624791288461,0.00114562230312,-1,PC16,p131390
4.995290065330903,0.0003595855583082591,-1,PC17,p131390
-5.377231480853047,0.0143292347343356,-1,PC18,p131390
7.331861313395682,1.5165804512241272e-06,-1,PC19,p131390
6.561344335670096,0.0005129014290165168,-1,PC20,p131390
6.768780027078422,0.0011336593764534,-1,PC21,p131390
7.000195184861759,0.0002108742989801382,-1,PC22,p131390
8.305218194395385,1.2905500495338941e-08,-1,PC23,p131390
3.0718480495346343,0.3495987321436068,-1,PC24,p131390
-3.908124424291946,0.4007390964382225,-1,PC25,p131390
7.547002976487378,0.0002898294337310313,-1,PC26,p131390
24505.89970498392,0.996442345901154,-1,PC1,p131416
5.371647056718689,3.389823046400092e-19,-1,PC2,p131416
3.798457819697976,3.243423099439219e-07,-1,PC3,p131416
7.006699688668439,6.143780158573888e-22,-1,PC4,p131416
3.737526926426457,2.466168440162428e-06,-1,PC5,p131416
4.7757579194327855,1.8489521535830289e-10,-1,PC6,p131416
5.9645689867950615,8.1198464040843265e-19,-1,PC7,p131416
-5.541789215541088,5.003471244583143e-19,-1,PC8,p131416
3.485253602189076,0.0002534947458526636,-1,PC9,p131416
3.774536973443827,1.6744896856610093e-05,-1,PC10,p131416
-2.98918960240143,0.0267373002156061,-1,PC11,p131416
-2.52131965271751,0.0956481452210925,-1,PC12,p131416
2.033161176102586,0.1967317340380878,-1,PC13,p131416
-6.080465589617994,4.955719967734012e-12,-1,PC14,p131416
5.262583487289689,3.4029787904253014e-07,-1,PC15,p131416
-5.913594131953029,3.46630985321233e-13,-1,PC16,p131416
5.225771278271746,4.600185527268771e-08,-1,PC17,p131416
-4.912757562625952,8.771581191278273e-06,-1,PC18,p131416
3.8499276985384903,0.0035605020674219,-1,PC19,p131416
1.5974669568388289,0.4548490085932372,-1,PC20,p131416
-5.006536108558773,1.392791927539112e-07,-1,PC21,p131416
6.263487524757086,2.3663725844525185e-11,-1,PC22,p131416
5.363854088955431,1.414041787759394e-07,-1,PC23,p131416
-7.09308343115349,2.3297108503564587e-05,-1,PC24,p131416
-4.474769374373067,0.0067924195815971,-1,PC25,p131416
-0.599596337719909,0.8867211940517029,-1,PC26,p131416
31.92839554499258,0.6572392947340321,-1,PC1,p131444
4.8856997785816,0.6351053263478286,-1,PC2,p131444
4.734848351479306,0.1350963333596912,-1,PC3,p131444
5.716741366191179,0.0173680906553156,-1,PC4,p131444
21777617.9686285,0.5163231258266958,-1,PC5,p131444
4.865624423533549,0.0002367853076424036,-1,PC6,p131444
-3.418778941641149e+16,6.730431091162135e-07,-1,PC7,p131444
-6.765235634657108e+30,0.0,-1,PC8,p131444
-4.6146240505886176e+17,0.9901868857484656,-1,PC9,p131444
7154933640106886.0,0.101916979430279,-1,PC10,p131444
-8.003992288990362e+16,0.2408683089686942,-1,PC11,p131444
2.437570093050046e+16,0.6743974077690194,-1,PC12,p131444
-7.0734633637930856e+16,0.000192409179604785,-1,PC13,p131444
-7.754149855526614e+16,7.464915177778978e-05,-1,PC14,p131444
-6.931564377171441e+16,1.3595382682715056e-06,-1,PC15,p131444
-1.534072939691361e+18,0.000336856831489842,-1,PC16,p131444
-5.556950992965922e+16,0.00026575354984381574,-1,PC17,p131444
-8.933561052998766e+16,6.424664661660402e-07,-1,PC18,p131444
3.819598974780643e+16,3.050725634361688e-05,-1,PC19,p131444
-1.965037682201648e+17,0.2206373666645727,-1,PC20,p131444
8.953984147622154e+16,6.182226201908363e-08,-1,PC21,p131444
1.730591401669147e+17,3.001034729458012e-09,-1,PC22,p131444
-1.896321058464092e+22,0.9772243070365408,-1,PC23,p131444
-2.560633775132569e+17,1.7672008938710083e-05,-1,PC24,p131444
8.051166900827357e+16,1.9964445016961504e-05,-1,PC25,p131444
6.124013919624301e+17,2.8314055610967664e-05,-1,PC26,p131444
1427.328289484098,0.9879413284679928,-1,PC1,p131490
-3.98639778170837,7.020330470985188e-05,-1,PC2,p131490
4.873233576246305,1.7487787930748312e-12,-1,PC3,p131490
2.0841728834737414,0.0008827876197199509,-1,PC4,p131490
-1.7006352611354365,0.6516250073541923,-1,PC5,p131490
-5.03615954424929,0.0311594364625745,-1,PC6,p131490
5.497933992098834,0.0029173723714403,-1,PC7,p131490
5.449529566714651,2.431270597411997e-07,-1,PC8,p131490
-7.523030167585011,3.124863123583122e-06,-1,PC9,p131490
5.469274735942363,2.230609893851686e-06,-1,PC10,p131490
7.151982065243391,4.9703515928585915e-08,-1,PC11,p131490
-4.1127941413557965,0.2075613272170366,-1,PC12,p131490
-8.075030539214978,5.575656368283431e-10,-1,PC13,p131490
-3.94650188111885,0.1897093985071337,-1,PC14,p131490
-12.842093327002916,3.0805479358659926e-17,-1,PC15,p131490
4.260373748157219,0.0266023891297712,-1,PC16,p131490
-3.470319888436276,0.4220264213812196,-1,PC17,p131490
-2.1239000731948505,0.7302419098921427,-1,PC18,p131490
-10.670766460399689,8.731086983100893e-08,-1,PC19,p131490
-10.549731881599287,1.4208567282852026e-05,-1,PC20,p131490
9.913978043743242,8.437271084462383e-09,-1,PC21,p131490
10.901444121569286,3.566797103288966e-09,-1,PC22,p131490
-11.74048611505446,1.254312847300861e-06,-1,PC23,p131490
-9.302026872758455,5.1716315887991895e-05,-1,PC24,p131490
-11.396762198280747,0.00011649783894208134,-1,PC25,p131490
-8.960511749580924,0.009022044490151,-1,PC26,p131490
2281656957976772.5,0.0,-1,PC1,p131518
15.169544998781088,6.782597843797021e-09,-1,PC2,p131518
25.204748649517388,1.5786808586252773e-07,-1,PC3,p131518
6.259646768443973,1.7180370924543174e-05,-1,PC4,p131518
3678110434116241.0,0.0,-1,PC5,p131518
-10.26440435897611,1.0925360337723737e-07,-1,PC6,p131518
9.522084620810194,3.19454756600129e-05,-1,PC7,p131518
2.7544145420564977e-12,0.9999999999999624,-1,PC8,p131518
-5.478213315798246e+16,4.709808307753247e-05,-1,PC9,p131518
2.1001229881053948e+16,0.78547243930318,-1,PC10,p131518
-5.50280054070269e+16,1.1813378769499777e-07,-1,PC11,p131518
1.6131374185232016e+16,0.0003005691633635642,-1,PC12,p131518
-2.5308483482836045e+17,1.7291327314722758e-05,-1,PC13,p131518
7.536612777332093e+16,1.2655763467132958e-07,-1,PC14,p131518
3.177663332833114e+19,0.9998391989032918,-1,PC15,p131518
-2.254821050763e+16,0.0035248237548242,-1,PC16,p131518
-2.489423124271582e+16,1.374962886017164e-05,-1,PC17,p131518
1.0669602573965485e+17,1.3387400621444604e-08,-1,PC18,p131518
-4.464982547929251e+16,0.5687324310284203,-1,PC19,p131518
-7.789988389378896e+16,0.00032797964566621244,-1,PC20,p131518
3.18651792977497e+16,3.759780454946058e-09,-1,PC21,p131518
7.889902378135912e+16,1.8016060403110603e-07,-1,PC22,p131518
6.482324207664209e+16,0.0019967837194597,-1,PC23,p131518
8.876752751305165e+16,0.0001812162037349862,-1,PC24,p131518
-1.498618451334036e+17,5.376662910586387e-12,-1,PC25,p131518
6.201189078742014e+16,0.0001510224132420868,-1,PC26,p131518
1596584726177955.2,0.0,-1,PC1,p131528
10.866168619657948,9.669157796702265e-08,-1,PC2,p131528
26.22457516011164,5.894694874419584e-12,-1,PC3,p131528
-3.5542516024529847,0.0002793220340606372,-1,PC4,p131528
7.716098447903342,4.073634926302805e-06,-1,PC5,p131528
-4.03191939461472,0.0006894353721560585,-1,PC6,p131528
7.707005390108036,3.1422348982182696e-05,-1,PC7,p131528
8.723900610789375,2.749555863134199e-08,-1,PC8,p131528
-9.102418388981665,1.657155063752643e-06,-1,PC9,p131528
5.530441948353,0.0370774351182356,-1,PC10,p131528
-4.730674987752939,0.0055362516532778,-1,PC11,p131528
16.272573648367633,2.0676815747121484e-05,-1,PC12,p131528
-9.89795798445454,1.8702904121769342e-08,-1,PC13,p131528
5.665811133956604,0.00034713643776829086,-1,PC14,p131528
10.5743474515628,0.00038490532139801633,-1,PC15,p131528
7.269823024795839,0.0041574022304131,-1,PC16,p131528
15.347398675258368,1.0000064584970776e-05,-1,PC17,p131528
6.046450122385384,0.0014311573083797,-1,PC18,p131528
33.89157149643517,1.6576645098671735e-05,-1,PC19,p131528
1.133729438510078e-12,0.9999999999999706,-1,PC20,p131528
-6.267799603568902e-10,0.9999999999837196,-1,PC21,p131528
-2.1075985501021297e-12,0.9999999999999452,-1,PC22,p131528
9013407105092308.0,0.0,-1,PC23,p131528
-16.90321248474925,7.06200442383021e-06,-1,PC24,p131528
-15.644999654560127,0.00017435350375108368,-1,PC25,p131528
11.00792840728343,0.0003706385428205393,-1,PC26,p131528
8156.92509063245,0.9783018836905044,-1,PC1,p131534
8.843614698052825,6.102812215750753e-32,-1,PC2,p131534
-3.6402448030172496,1.1164789071779149e-07,-1,PC3,p131534
5.5759880551718215,8.130307924341456e-12,-1,PC4,p131534
5.962318698003496,3.0729510035050597e-16,-1,PC5,p131534
3.540760529827266,0.00020644551157148475,-1,PC6,p131534
-5.639130486428387,5.861337351593611e-09,-1,PC7,p131534
3.282687471225796,0.0032964594196591,-1,PC8,p131534
5.758953324480636,1.243597128422913e-11,-1,PC9,p131534
5.194320586492944,1.1751539670815371e-08,-1,PC10,p131534
-3.851487853483664,0.000928401696585962,-1,PC11,p131534
10.244067968063064,1.3955060578705965e-21,-1,PC12,p131534
6.378551134004719,3.8789201038467485e-11,-1,PC13,p131534
8.681524520679465,2.1985201739806463e-10,-1,PC14,p131534
3.393580232546142,0.1553817571174882,-1,PC15,p131534
9.449203599187324,8.67311606971087e-16,-1,PC16,p131534
-4.690497227930508,5.048878938178079e-05,-1,PC17,p131534
-0.462158679552565,0.9312115518524868,-1,PC18,p131534
-4.778582779186669,0.021447065746191,-1,PC19,p131534
6.045849837682473,1.0494858990506068e-05,-1,PC20,p131534
6.744430873770185,1.93277544889424e-06,-1,PC21,p131534
6.725913294957575,4.215441046041564e-07,-1,PC22,p131534
-7.106653642880969,0.00019125333728649095,-1,PC23,p131534
9.05922721261016,1.498118593071941e-09,-1,PC24,p131534
5.403785590763632,0.0004408865986797998,-1,PC25,p131534
4.943116812667074,0.0421086346881773,-1,PC26,p131534
2625647711165178.5,0.0,-1,PC1,p131538
5.71748649568984,2.085012320905284e-05,-1,PC2,p131538
6.602645851935909,5.937240260301562e-05,-1,PC3,p131538
6.409890520163987,3.9252063588448305e-09,-1,PC4,p131538
-3.2567729850524016,0.0822046370195088,-1,PC5,p131538
7.214026604262146,0.0013413682792233,-1,PC6,p131538
8.083781605638235,5.668060401182189e-07,-1,PC7,p131538
4.39505585081886,0.0008084256120358685,-1,PC8,p131538
8.6618964929703,3.31017906626922e-05,-1,PC9,p131538
-7.348784766328677,1.080409631680209e-06,-1,PC10,p131538
-7.471098882473523,7.380646512391886e-07,-1,PC11,p131538
-9.479706992863376,4.585212897410828e-05,-1,PC12,p131538
9.826878160617682,1.1356475990958397e-08,-1,PC13,p131538
2581593573534983.0,0.0,-1,PC14,p131538
-7.657430076937578,0.0048337192399304,-1,PC15,p131538
-13.401921981863875,0.0013844159729939,-1,PC16,p131538
8.424028128750598,0.0091540686237164,-1,PC17,p131538
6.5405086122588445,0.0013785425952497,-1,PC18,p131538
14.626231681663644,0.0001349188540581587,-1,PC19,p131538
96.39857777073308,0.0019755411427964,-1,PC20,p131538
9.9987423624242,0.0008362137368583324,-1,PC21,p131538
-1.962907628333391e+16,5.440274597329779e-05,-1,PC22,p131538
2.323254824651776e+16,3.934958983697546e-09,-1,PC23,p131538
-3.224978784231264e+16,1.7188473910331622e-13,-1,PC24,p131538
-8152118276783550.0,0.0460500169329664,-1,PC25,p131538
-7812491603178011.0,0.0006653939706132631,-1,PC26,p131538
5457888885632821.0,0.0,-1,PC1,p131546
2.16575133311012,0.0014280340890408,-1,PC2,p131546
4.726699363234955,0.0022859966845603,-1,PC3,p131546
-3.800449924710795,0.0002887341266590851,-1,PC4,p131546
5.786591254879966,0.0001418176191680703,-1,PC5,p131546
-6.099520604109717,6.119206214753282e-09,-1,PC6,p131546
2.164345460115192,0.0682351581384296,-1,PC7,p131546
3.692582206836121,0.1423990124356366,-1,PC8,p131546
4.103214283996644,0.0002246123006512718,-1,PC9,p131546
16.810912561044162,5.176230574463092e-08,-1,PC10,p131546
6.79505114689692,2.2082453746885306e-06,-1,PC11,p131546
4.69649762420024,5.623422763494971e-05,-1,PC12,p131546
8.600225730738442,3.757736283238129e-12,-1,PC13,p131546
9.49322853758198,2.899546768592552e-07,-1,PC14,p131546
1981429590362906.5,0.0,-1,PC15,p131546
6.466753620102838,7.438869695764738e-05,-1,PC16,p131546
9.975850168438376,6.4081715453369e-11,-1,PC17,p131546
4.751253955413927,0.0004868415310951278,-1,PC18,p131546
6.4422240847168455,0.0197483660738342,-1,PC19,p131546
5.455429684396838,0.0019617205834741,-1,PC20,p131546
-9.460307430532042,0.00033468377384946726,-1,PC21,p131546
7.884263275871347,0.0552895581463061,-1,PC22,p131546
9.104482082607976,0.0692654506533258,-1,PC23,p131546
9.93470108290991,0.0005096581341492286,-1,PC24,p131546
1.0459482533246146e-12,0.9999999999999756,-1,PC25,p131546
6356158923876311.0,0.0,-1,PC26,p131546
4774.346161937008,0.2383729194031194,-1,PC1,p131602
0.2349145890166969,0.851651656579882,-1,PC2,p131602
1.689178357689766,0.0594967313597176,-1,PC3,p131602
-5.7521828479685375,1.1798508544261296e-24,-1,PC4,p131602
0.5522954343932616,0.7265165573452625,-1,PC5,p131602
-3.520609851769279,4.197366447229008e-08,-1,PC6,p131602
3.4987235370905125,4.0186588563833896e-08,-1,PC7,p131602
-4.20697889976308,6.13099629359381e-11,-1,PC8,p131602
-3.271580078829025,0.00017492382379265112,-1,PC9,p131602
3.20061550570271,2.026327355842167e-06,-1,PC10,p131602
3.3256643112984454,2.3220361886101013e-05,-1,PC11,p131602
4.360505244735429,2.5502832704462667e-10,-1,PC12,p131602
6.191810882489536,2.8741469380750797e-15,-1,PC13,p131602
3.0918998913252094,0.0005644044236241632,-1,PC14,p131602
3.603675207674561,3.510670837084954e-06,-1,PC15,p131602
5.56389139924412,2.5524021811310663e-13,-1,PC16,p131602
4.746664498133305,4.072543597815598e-09,-1,PC17,p131602
0.6878247678078884,0.7548204435260213,-1,PC18,p131602
6.7015660809944215,3.2254752660059386e-14,-1,PC19,p131602
8.184530339420233,2.9094009451060183e-20,-1,PC20,p131602
-3.8491262534442345,0.0009318764643759302,-1,PC21,p131602
4.04321955895601,0.00017626931714652996,-1,PC22,p131602
-5.013673083399727,8.201741128368699e-06,-1,PC23,p131602
-3.538230300998068,0.0009978382483264018,-1,PC24,p131602
-7.539151875200669,2.265020836604907e-14,-1,PC25,p131602
6.065920327246341,2.0794862767144264e-09,-1,PC26,p131602
123.76712994640434,0.709409617234307,-1,PC1,p131632
2.6961698396757074,0.0002423108150208016,-1,PC2,p131632
5.601680001992248,1.1131647509457348e-08,-1,PC3,p131632
7.950909261004344,1.961149516596844e-07,-1,PC4,p131632
7.66138451989177,4.21109661047575e-09,-1,PC5,p131632
4.4403240497946665,0.00016216549815410824,-1,PC6,p131632
6.080945764548324,0.0004553808392244356,-1,PC7,p131632
5.633009916803054,2.5622487947089107e-08,-1,PC8,p131632
-6.383732235352469,3.545592475626335e-07,-1,PC9,p131632
6.3250580113308414,1.3010689084319963e-06,-1,PC10,p131632
3.2732140242123333,0.0560361687031579,-1,PC11,p131632
5.772164395030119,0.0002206640521944477,-1,PC12,p131632
7.192152054143548,4.315588003860277e-05,-1,PC13,p131632
18.4378149408899,5.205241722462964e-08,-1,PC14,p131632
-8.543463281066806,2.560158572506537e-06,-1,PC15,p131632
8.999864284591663,0.0028302621128145,-1,PC16,p131632
-8.663391900167534,0.00010284225376726016,-1,PC17,p131632
-9.099065700163232,0.0008578113811321486,-1,PC18,p131632
8.458151968027577,8.354234824294448e-05,-1,PC19,p131632
9.5916709258339,1.48210891807127e-06,-1,PC20,p131632
6368968384004583.0,0.0,-1,PC21,p131632
9.270444395737032,0.0011004532818817,-1,PC22,p131632
33.40019139381687,7.653807842795982e-08,-1,PC23,p131632
7.704481393339041,0.0146457055596252,-1,PC24,p131632
2.9074776979840367e-10,0.9999999999926604,-1,PC25,p131632
4493889101635616.0,0.0,-1,PC26,p131632
11210.279607163611,0.8569810612040465,-1,PC1,p131636
2.951331308651058,1.568944578308865e-61,-1,PC2,p131636
3.582060728713705,5.303527006170706e-56,-1,PC3,p131636
0.4643500977196336,0.2570365551422267,-1,PC4,p131636
-2.7793847510716496,4.545132045810573e-18,-1,PC5,p131636
-3.6611634427752886,1.1773770549017429e-29,-1,PC6,p131636
2.034089851346333,5.4004212213375295e-08,-1,PC7,p131636
2.5209969109847927,3.384729323419032e-16,-1,PC8,p131636
3.1083701887900705,1.856674185687246e-23,-1,PC9,p131636
3.305179837184783,1.2525772947858692e-23,-1,PC10,p131636
-1.6169990614059224,0.00024878566737059565,-1,PC11,p131636
2.4334444116539062,9.248797149843465e-10,-1,PC12,p131636
-1.4785632952407035,0.0034796125485521,-1,PC13,p131636
4.263370783086868,6.824830019834979e-35,-1,PC14,p131636
0.1930981539833434,0.7538663295952079,-1,PC15,p131636
-0.0106889383473542,0.9865231087216372,-1,PC16,p131636
-3.364988586518707,1.778484593228932e-17,-1,PC17,p131636
1.903323814747564,0.00019858271039540232,-1,PC18,p131636
-4.140899680328175,1.625955474284198e-22,-1,PC19,p131636
1.1976704635218127,0.0327225758495971,-1,PC20,p131636
-1.3300126174962608,0.036751172944605,-1,PC21,p131636
2.695471925346115,7.911946838069877e-11,-1,PC22,p131636
-3.960927992525425,1.307236589432843e-19,-1,PC23,p131636
-2.0412337307869675,0.0012439632935605,-1,PC24,p131636
3.5109901302675457,2.86611716555957e-13,-1,PC25,p131636
4.686544784769428,1.687384827101683e-23,-1,PC26,p131636
2539.466699473891,0.9623045913401224,-1,PC1,p131648
-4.33132015790316,7.991789354284734e-34,-1,PC2,p131648
3.705735390593004,1.0945609336894831e-27,-1,PC3,p131648
4.465294000846645,6.830200578505543e-32,-1,PC4,p131648
3.751253784124069,8.71373072698026e-17,-1,PC5,p131648
-4.346213692607433,7.358937120926532e-22,-1,PC6,p131648
6.596531235217137,1.0003807318736038e-43,-1,PC7,p131648
1.382563945086398,0.1414532967469346,-1,PC8,p131648
-3.565548461313201,8.709412966265977e-11,-1,PC9,p131648
5.987592494290421,5.829816292522193e-28,-1,PC10,p131648
3.6350187675252097,1.6678985738403125e-13,-1,PC11,p131648
3.738337647801739,1.4080703378823658e-10,-1,PC12,p131648
-3.669939255593385,1.9461105941757785e-11,-1,PC13,p131648
-3.9089995717221457,1.8548489211688087e-09,-1,PC14,p131648
-4.443461335680955,7.421260657365486e-13,-1,PC15,p131648
4.663362145998589,6.508774853043332e-14,-1,PC16,p131648
3.215884759768674,5.488767014550634e-05,-1,PC17,p131648
5.035570914455497,1.2949100735596725e-15,-1,PC18,p131648
1.5360259514937948,0.27795977218567,-1,PC19,p131648
3.471987193846446,2.632660576600949e-06,-1,PC20,p131648
-6.608456279219701,1.3609486601483206e-23,-1,PC21,p131648
-2.49707593558541,0.0136617454357226,-1,PC22,p131648
-2.918865980033693,0.003958072709334,-1,PC23,p131648
3.1743272773454025,0.0044069898316768,-1,PC24,p131648
-5.446690200377687,1.6934176716336905e-14,-1,PC25,p131648
6.739594687602667,1.3027412546917391e-24,-1,PC26,p131648
86975.64922573592,0.9883898610514902,-1,PC1,p131670
5.281376889269559,3.248173744168008e-19,-1,PC2,p131670
1.1848905529533562,0.3623741712114154,-1,PC3,p131670
-8.141366288242363,3.6160899173546345e-29,-1,PC4,p131670
-8.048781705834115,1.049594096322924e-14,-1,PC5,p131670
-4.236197651509044,2.58790540373951e-05,-1,PC6,p131670
5.523683802298931,2.9460198104198404e-09,-1,PC7,p131670
5.021111983138003,1.570651517514098e-10,-1,PC8,p131670
6.519881450879812,1.3588571659476932e-14,-1,PC9,p131670
0.2880136845943665,0.9355725056709858,-1,PC10,p131670
-3.468576982010909,6.970484227685378e-05,-1,PC11,p131670
-2.0450298672865337,0.1326744352902526,-1,PC12,p131670
7.815009811759912,4.8178960401928075e-18,-1,PC13,p131670
-8.24862785286792,2.9532574431900974e-15,-1,PC14,p131670
2.5577953738140176,0.0950679000241679,-1,PC15,p131670
-5.68340732601602,2.089954804849045e-07,-1,PC16,p131670
6.731762575436948,5.237040140850555e-13,-1,PC17,p131670
-4.478429108793153,0.0017708524072739,-1,PC18,p131670
-5.230402119580257,1.057259663247338e-05,-1,PC19,p131670
-8.099394999345916,3.1086624373966625e-11,-1,PC20,p131670
1.6900255552749484,0.6318494895238365,-1,PC21,p131670
11.040763144182296,1.1282820009220487e-20,-1,PC22,p131670
-6.419402360400998,2.5473019063218842e-08,-1,PC23,p131670
2.647453935097496,0.049818846091024,-1,PC24,p131670
4.362071441729644,0.0990499756388803,-1,PC25,p131670
3.389893557874662,0.0753954312956781,-1,PC26,p131670
1810.9384882675463,0.9841247573178852,-1,PC1,p131680
10.958459701711098,2.4119298428684067e-31,-1,PC2,p131680
5.407385538718045,1.1353689760746042e-06,-1,PC3,p131680
4.777985978185605,0.0171734624229795,-1,PC4,p131680
7.577515445898597,2.231357622506876e-15,-1,PC5,p131680
3.3408780788704875,0.00010769403241022544,-1,PC6,p131680
3.400022079699217,0.0019354598184412,-1,PC7,p131680
5.380942850516432,1.5946436878811348e-06,-1,PC8,p131680
-5.21417910898283,4.2855731017131e-07,-1,PC9,p131680
13.822278670442806,2.137171787621517e-21,-1,PC10,p131680
6.774582416586049,4.707810140350113e-09,-1,PC11,p131680
8.123502910304916,6.525211733186057e-08,-1,PC12,p131680
6.941385440938167,2.7475490703821762e-08,-1,PC13,p131680
7.444346163116945,1.1792557392807606e-08,-1,PC14,p131680
5.901518358903815,3.5918393612354214e-06,-1,PC15,p131680
7.262432798836982,9.105722494130206e-07,-1,PC16,p131680
10.870092724048591,1.368290394427244e-14,-1,PC17,p131680
-3.4778143070271943,0.0313932103269884,-1,PC18,p131680
8.267252746451431,1.9906049035843644e-08,-1,PC19,p131680
-5.836210783986439,0.0006423708780699516,-1,PC20,p131680
11.938284285639872,1.1694372476417048e-09,-1,PC21,p131680
4.271719531017356,0.0779941823814149,-1,PC22,p131680
6.786586245412474,2.2247538233435267e-05,-1,PC23,p131680
1.9220017066317097,0.802057079041355,-1,PC24,p131680
13.717609871661535,3.2728862091622906e-14,-1,PC25,p131680
-5.827223020922578,0.1635629607454778,-1,PC26,p131680
240.68477508610897,0.7506259515994602,-1,PC1,p131684
9.076661319008608,4.0210491907841723e-20,-1,PC2,p131684
2.382766541981027,0.007853107430125,-1,PC3,p131684
3.740582287884144,1.0300706179439857e-07,-1,PC4,p131684
-7.285209297601487,9.415771821471651e-09,-1,PC5,p131684
2.172891249327649,0.3337262510308498,-1,PC6,p131684
6.400750431803203,0.0002572669134378317,-1,PC7,p131684
3.739373322703745,0.0005191060231037542,-1,PC8,p131684
8.750987181617292,2.705159584235682e-07,-1,PC9,p131684
7.552544053157921,1.5835159604836804e-12,-1,PC10,p131684
6.741195740083279,7.925683974546363e-09,-1,PC11,p131684
6.4474982831430765,2.2573486871506985e-07,-1,PC12,p131684
8.856838573251876,2.5737667849980906e-07,-1,PC13,p131684
1.7794339657364258,0.7655543816579722,-1,PC14,p131684
5.733841168788166,0.00024573557556955634,-1,PC15,p131684
6.78030106068764,4.501970577980338e-07,-1,PC16,p131684
6.69910122548091,1.0758833529652763e-06,-1,PC17,p131684
2.847910567349315,0.2780161137598314,-1,PC18,p131684
2.652861445047769,0.5736290327274941,-1,PC19,p131684
6.594635360724772,2.012815360543144e-06,-1,PC20,p131684
-8.722951942490237,9.484976894100192e-05,-1,PC21,p131684
7.862453933378843,1.0143212914132235e-05,-1,PC22,p131684
3.533045543766137,0.6042698532659225,-1,PC23,p131684
-12.487937265897374,4.969992677049372e-11,-1,PC24,p131684
5.946023441291617,0.0005949847273054553,-1,PC25,p131684
-6.770649430737725,0.1916586564486117,-1,PC26,p131684
9973310224161208.0,0.0,-1,PC1,p131768
2.403226699841664,3.328855769573926e-14,-1,PC2,p131768
2.7000573971007342,5.167534823890101e-13,-1,PC3,p131768
-3.755130319906117,6.018412067445173e-15,-1,PC4,p131768
5.473215008237097,3.7130436009248497e-51,-1,PC5,p131768
-3.921873835921809,1.0200067600600448e-14,-1,PC6,p131768
0.4515399370675544,0.6269201872504098,-1,PC7,p131768
4.214813626937596,4.583721669056047e-19,-1,PC8,p131768
-4.251292402572123,5.804705941562328e-17,-1,PC9,p131768
2.9046096383648723,2.31834801894354e-08,-1,PC10,p131768
-2.899520970154555,5.967201376551417e-07,-1,PC11,p131768
1.0089274112647886,0.2087537910801508,-1,PC12,p131768
-4.117950608213339,5.44963936811874e-13,-1,PC13,p131768
4.710880758184134,2.555778131349803e-22,-1,PC14,p131768
4.051287194725642,7.879597937397964e-14,-1,PC15,p131768
0.6364356490668768,0.5523043721217544,-1,PC16,p131768
3.800198453868509,2.308847590091333e-13,-1,PC17,p131768
-1.1957786314213628,0.29522749664843,-1,PC18,p131768
-2.34739284217668,0.0009117578681695962,-1,PC19,p131768
-0.7387920556514609,0.5328352993684806,-1,PC20,p131768
0.1845241538353277,0.8860906469617651,-1,PC21,p131768
2.905095712813299,4.792966655779127e-05,-1,PC22,p131768
-3.1574350918180656,0.0002608480745414081,-1,PC23,p131768
-4.359924692801463,1.8717922715039097e-11,-1,PC24,p131768
-2.644016733813436,0.0067538260299174,-1,PC25,p131768
1.7853033154521945,0.1483557104931628,-1,PC26,p131768
8523087215027326.0,0.0,-1,PC1,p131820
6.544367661205151,3.9864258422608496e-09,-1,PC2,p131820
-11.213411784784729,7.481220363623493e-17,-1,PC3,p131820
6.846447370308318,0.0025805005069384,-1,PC4,p131820
6.108121467600553,8.25652471524268e-05,-1,PC5,p131820
3.9551405730853175,0.00109285356582,-1,PC6,p131820
6.534716755017651,2.596087982560091e-09,-1,PC7,p131820
-8.686360873035806,2.611865128162956e-10,-1,PC8,p131820
-5.609128374638031,1.2975187937878865e-07,-1,PC9,p131820
5.862426053167987,3.960719409954556e-08,-1,PC10,p131820
-3.807944395190461,0.2049482654953735,-1,PC11,p131820
6.326315892574013,0.0011433581689101,-1,PC12,p131820
3.263586654827374,0.3497169372549726,-1,PC13,p131820
5.859046804633405,0.0002582348113827827,-1,PC14,p131820
9.406338060456894,0.0006109087117904078,-1,PC15,p131820
6.580618397099077,0.00010215958040055683,-1,PC16,p131820
21.474439432446463,0.2572548434855318,-1,PC17,p131820
8.078375243934495,0.0034272748067044,-1,PC18,p131820
-11.422238543226513,0.0753839118499333,-1,PC19,p131820
1.7413128958327715e-11,0.9999999999996084,-1,PC20,p131820
6327696902167631.0,0.0,-1,PC21,p131820
9.462090189872503,0.0002193513160536332,-1,PC22,p131820
42.49080635156318,5.906279480616537e-08,-1,PC23,p131820
10.886484571449053,0.00021458376313017373,-1,PC24,p131820
10.897821204893551,0.00026002959458269704,-1,PC25,p131820
-14.195390006563876,0.0014862878850813,-1,PC26,p131820
811263.5511396872,0.9275348118440973,-1,PC1,p131834
-1.6243205826206522,0.0062027095019909,-1,PC2,p131834
-1.4751567639995853,0.1224439067882409,-1,PC3,p131834
4.96001423126372,6.467671113246584e-07,-1,PC4,p131834
4.352228241103891,6.463544650759294e-07,-1,PC5,p131834
-4.551219125709525,0.0008370428114070653,-1,PC6,p131834
4.524836888431714,2.357061459437226e-07,-1,PC7,p131834
4.948680201386377,1.4049344687864172e-05,-1,PC8,p131834
6.77368679507388,6.406291869802272e-09,-1,PC9,p131834
5.984587410465457,6.006728599628517e-10,-1,PC10,p131834
-2.119026644851795,0.6441236202128058,-1,PC11,p131834
-5.683084564227207,0.0108386891616483,-1,PC12,p131834
5.893329066008145,4.402229603448044e-05,-1,PC13,p131834
-11.141925296889797,5.907540232248438e-12,-1,PC14,p131834
12.037649329071542,1.038654906757134e-07,-1,PC15,p131834
6.016983357462716,0.0001886344695488476,-1,PC16,p131834
8.000986993102439,5.862910229156116e-07,-1,PC17,p131834
-7.940204164642129,3.01905024324862e-09,-1,PC18,p131834
5.620482320155887,9.275232189214688e-05,-1,PC19,p131834
8.381374859238313,2.63538888148219e-06,-1,PC20,p131834
9.708601368545173,2.4976129557367963e-09,-1,PC21,p131834
-6.943220692961059,0.0007019778678275198,-1,PC22,p131834
10.050066889535744,2.8474169296243953e-09,-1,PC23,p131834
-14.456375327132102,1.8736617686909967e-13,-1,PC24,p131834
-6.173697270355571,0.2508514702271776,-1,PC25,p131834
7.427015041750482,0.0008345164908341436,-1,PC26,p131834
3885.6582375092976,0.2535455663989839,-1,PC1,p131868
6.016757601151462,1.840710155212096e-60,-1,PC2,p131868
-3.9835258780453855,1.9093557965538238e-11,-1,PC3,p131868
-4.317516433864255,2.5629456341745454e-15,-1,PC4,p131868
3.987367977110866,1.604271577910425e-12,-1,PC5,p131868
3.436827589918644,1.6835396178982976e-09,-1,PC6,p131868
4.877248158793204,7.173115524866126e-17,-1,PC7,p131868
1.9376356082916848,0.0459532531858639,-1,PC8,p131868
-4.047406592864053,5.385481400946409e-08,-1,PC9,p131868
4.664155078022821,1.3957936124299436e-12,-1,PC10,p131868
-1.9033366094092885,0.0441395328037931,-1,PC11,p131868
5.422230624330621,5.324689973325674e-19,-1,PC12,p131868
1.602524988509572,0.2935049160127604,-1,PC13,p131868
2.432624120408212,0.0550979440248847,-1,PC14,p131868
-6.117955300048157,4.992572325243794e-17,-1,PC15,p131868
3.888305520715954,6.542618317968977e-07,-1,PC16,p131868
4.149304281841297,1.4662768251791284e-05,-1,PC17,p131868
-5.356749297391494,3.650669380581292e-10,-1,PC18,p131868
3.9644795284180727,2.972625216645097e-05,-1,PC19,p131868
2.0499226313501757,0.1932092051902443,-1,PC20,p131868
2.5804399873092048,0.0548710120723002,-1,PC21,p131868
-0.827643690961367,0.7297997551365663,-1,PC22,p131868
-5.58023458962281,2.574623494420608e-11,-1,PC23,p131868
2.162190942293474,0.2725842811585939,-1,PC24,p131868
-7.368609025985665,3.928347516691275e-18,-1,PC25,p131868
-4.980933679792013,8.211137669307597e-08,-1,PC26,p131868
11728.700277201147,0.9203309702602608,-1,PC1,p131870
4.141077983626121,1.7751918637077274e-29,-1,PC2,p131870
3.005137951505513,9.840959101095334e-20,-1,PC3,p131870
-3.703375011625359,8.463747859702013e-18,-1,PC4,p131870
-2.369537127605204,0.0003010512350846236,-1,PC5,p131870
-3.229069760749191,2.2606897788683163e-10,-1,PC6,p131870
4.393261067149226,4.653670355233181e-27,-1,PC7,p131870
2.226473231530221,0.0006915441684751096,-1,PC8,p131870
-1.7436657206623216,0.1005681549789035,-1,PC9,p131870
-2.091811165494125,0.0522642130140105,-1,PC10,p131870
0.249842637503737,0.8507705978979004,-1,PC11,p131870
-4.859459983394748,1.937245210089072e-14,-1,PC12,p131870
-2.102424857201769,0.0271797308069649,-1,PC13,p131870
-4.0442931480935655,1.3010373639582656e-08,-1,PC14,p131870
-0.8744526661502885,0.4923929985088316,-1,PC15,p131870
3.917752369213162,6.905427138109123e-08,-1,PC16,p131870
-8.587597152452503,2.9512893358364107e-32,-1,PC17,p131870
6.065867230635884,1.403389795568235e-21,-1,PC18,p131870
4.931993205443368,1.6502777888053595e-14,-1,PC19,p131870
-4.45046886245366,1.184559512900351e-07,-1,PC20,p131870
4.584920871700813,6.308066725345301e-13,-1,PC21,p131870
-4.87711610636553,7.666385053403722e-11,-1,PC22,p131870
3.175829771694816,0.0004209976223727261,-1,PC23,p131870
-4.385723492339623,2.81129394782559e-09,-1,PC24,p131870
3.626965388747077,8.274072358487565e-06,-1,PC25,p131870
0.479790084712031,0.7683009427674257,-1,PC26,p131870
9808.823885651023,0.8649581938603292,-1,PC1,p131872
2.432957816051964,1.0322787614330077e-27,-1,PC2,p131872
2.440325394381926,4.327315622986933e-22,-1,PC3,p131872
0.3096017991141571,0.5602114950868538,-1,PC4,p131872
4.031816438423712,1.6365186532090342e-41,-1,PC5,p131872
-3.5987752978536687,3.410106989867516e-21,-1,PC6,p131872
2.0360566368627477,5.17345684901387e-07,-1,PC7,p131872
3.8731055448913065,3.348745894751766e-26,-1,PC8,p131872
2.6393684970764464,7.366330639479461e-11,-1,PC9,p131872
-2.628816933815404,9.439501454849779e-08,-1,PC10,p131872
3.4907197407386925,2.101789852526323e-20,-1,PC11,p131872
-3.620392945637393,4.923593436798611e-22,-1,PC12,p131872
1.3178341539474825,0.0062192734619314,-1,PC13,p131872
1.0782268739933492,0.0705007716658507,-1,PC14,p131872
2.518599300715275,3.428694869956493e-07,-1,PC15,p131872
-1.3786896284303702,0.0243900962111042,-1,PC16,p131872
2.4127713465416205,2.964959709331143e-07,-1,PC17,p131872
1.9749305030986164,0.00015192371462593502,-1,PC18,p131872
1.0720958905543767,0.104445935520109,-1,PC19,p131872
2.286036934296294,0.00011808091264815644,-1,PC20,p131872
1.200297530036004,0.0588503882331627,-1,PC21,p131872
-1.793291557189162,0.0046988911420861,-1,PC22,p131872
1.581853488095104,0.0224958724174715,-1,PC23,p131872
0.0885614354040816,0.914043724609408,-1,PC24,p131872
-3.390014877290563,1.0112152703368567e-09,-1,PC25,p131872
-3.298572344547713,1.7341260445108432e-08,-1,PC26,p131872
659.1942871322709,0.6588155063812586,-1,PC1,p131874
-3.0652155633225617,3.0434024295208274e-08,-1,PC2,p131874
6.694233035788172,9.782075006262056e-07,-1,PC3,p131874
-2.6258617207086967,0.02256242298209,-1,PC4,p131874
5.988203592701712,9.555490048954574e-08,-1,PC5,p131874
-6.858725546255277,6.892547068216866e-07,-1,PC6,p131874
3.672053865034824,1.5980930049533714e-05,-1,PC7,p131874
7.188761812692854,4.4021935048984954e-10,-1,PC8,p131874
5.3508877275786455,0.00014087261514925914,-1,PC9,p131874
5.031727410036537,2.2138891099809733e-06,-1,PC10,p131874
8.363114986387698,7.365112675359553e-06,-1,PC11,p131874
9.848429874592608,1.4666726000154645e-12,-1,PC12,p131874
1.7032757937887888,0.8336628905284187,-1,PC13,p131874
10.727992930734358,6.774242561955589e-16,-1,PC14,p131874
4.3598950837683175,0.0052137490050154,-1,PC15,p131874
7.712493796307759,3.8514679907834224e-09,-1,PC16,p131874
-11.137405958939624,2.0351354172050923e-09,-1,PC17,p131874
-7.008125674663586,2.69047879300784e-05,-1,PC18,p131874
-5.459623575936173,0.0268193637729056,-1,PC19,p131874
8.48076415185578,1.1309704359243203e-06,-1,PC20,p131874
-9.06581302926517,2.168363768946283e-09,-1,PC21,p131874
8.038788487250383,5.739003958134731e-06,-1,PC22,p131874
12.066478985939842,5.342312915164281e-10,-1,PC23,p131874
5.880489441622211,0.00035250457324754146,-1,PC24,p131874
4.182511732468708,0.5206449337068055,-1,PC25,p131874
-14.402945602025133,3.637508886464344e-11,-1,PC26,p131874
1839.0130444528356,0.2955852951912685,-1,PC1,p131900
3.835232806103075,5.324653104990974e-08,-1,PC2,p131900
-4.490511193532639,1.5922727679280371e-09,-1,PC3,p131900
-5.5632659122790615,1.238101287890322e-12,-1,PC4,p131900
-3.946302868376157,3.71842134371475e-07,-1,PC5,p131900
0.3986707781721265,0.9036440432288084,-1,PC6,p131900
5.476533303956929,2.6778557222518765e-07,-1,PC7,p131900
-5.838949292292456,3.748952183380528e-09,-1,PC8,p131900
-4.708186731120867,9.5074633201442e-07,-1,PC9,p131900
8.663635794837596,4.4992747762473016e-23,-1,PC10,p131900
7.985785338920893,6.070259053722247e-15,-1,PC11,p131900
3.08624359204906,0.0119630484287345,-1,PC12,p131900
-4.619635232787364,0.0002834526558024197,-1,PC13,p131900
4.2255699354903165,1.049770733235183e-05,-1,PC14,p131900
-5.82906915590908,1.2182108275153342e-06,-1,PC15,p131900
-8.170025845888498,7.237191571853186e-14,-1,PC16,p131900
1.7776123004527604,0.4999562571576524,-1,PC17,p131900
5.539439118782854,1.746199481837038e-07,-1,PC18,p131900
10.5839112969328,2.8706900203791963e-24,-1,PC19,p131900
4.802476693200922,1.85163121971368e-06,-1,PC20,p131900
7.19111689459229,7.475243492581112e-10,-1,PC21,p131900
-10.44966565601612,2.253922360253327e-21,-1,PC22,p131900
7.791142142925873,5.988056357112214e-13,-1,PC23,p131900
4.481777287755657,0.0054114706605871,-1,PC24,p131900
0.3323846141036778,0.9483889736656304,-1,PC25,p131900
8.614465831011202,4.680407723937733e-11,-1,PC26,p131900
5184.188167592006,0.9367814743354548,-1,PC1,p131964
1.58386922262113,0.00021540093797851368,-1,PC2,p131964
4.208477140325964,2.8455262921224245e-48,-1,PC3,p131964
3.414305785474125,2.2126417713142826e-18,-1,PC4,p131964
-1.1742707090903284,0.0609518561838632,-1,PC5,p131964
4.99359758879516,3.603651763232608e-37,-1,PC6,p131964
-0.1037617278322707,0.909729966880276,-1,PC7,p131964
-1.8170027746868127,0.0038178948280971,-1,PC8,p131964
-4.808036128333791,1.7486014081813514e-22,-1,PC9,p131964
2.559162027348042,6.785669038701726e-05,-1,PC10,p131964
-4.663750605378245,5.2712397405732666e-18,-1,PC11,p131964
-0.724498945416914,0.4617720300648864,-1,PC12,p131964
2.737446241363044,6.104278664073197e-06,-1,PC13,p131964
2.969904567180184,6.493540594892599e-06,-1,PC14,p131964
5.215421526867546,9.658146743275396e-22,-1,PC15,p131964
3.948540786957109,4.770536530627526e-12,-1,PC16,p131964
5.94172912808229,2.6412705301549974e-22,-1,PC17,p131964
-5.021403413276315,1.4443584736213987e-11,-1,PC18,p131964
4.352078013277242,5.388637331596297e-12,-1,PC19,p131964
3.013152837241274,2.9167476108938066e-06,-1,PC20,p131964
5.606395022651805,1.4134419898684808e-27,-1,PC21,p131964
0.8638369188444962,0.4637672504647387,-1,PC22,p131964
6.03282106226569,3.361032270290686e-23,-1,PC23,p131964
6.780267335444566,2.2465039424119528e-27,-1,PC24,p131964
3.1977177965823143,5.3881338080229374e-05,-1,PC25,p131964
-2.0619079222968337,0.046357838762242,-1,PC26,p131964
3748533195651269.5,0.0,-1,PC1,p131972
5.683965103927291,1.9521188146712333e-39,-1,PC2,p131972
-5.577437294213029,1.8308829487362103e-24,-1,PC3,p131972
-4.089504544557193,1.728626407509424e-13,-1,PC4,p131972
6.207995860406828,1.5916433267189726e-27,-1,PC5,p131972
-5.758077260854842,1.4486302958372955e-27,-1,PC6,p131972
-4.244059413959405,1.6812350455847155e-14,-1,PC7,p131972
-2.4206212492779264,0.0081307792754089,-1,PC8,p131972
3.5037831589416,1.0323000360709483e-06,-1,PC9,p131972
-0.9533340045222446,0.5250223621495942,-1,PC10,p131972
-0.7145131689031127,0.6367127300924758,-1,PC11,p131972
4.109241041818533,2.45610659812345e-11,-1,PC12,p131972
2.4086113639965965,0.0037951470684497,-1,PC13,p131972
5.192436213622441,9.162304814411508e-17,-1,PC14,p131972
4.813068534328807,4.894930373476198e-08,-1,PC15,p131972
5.048167543152467,2.044478133838024e-12,-1,PC16,p131972
1.2748118088851046,0.4021310653557854,-1,PC17,p131972
4.757971528009064,3.574025882360871e-11,-1,PC18,p131972
-4.038534867427738,2.518310288945384e-06,-1,PC19,p131972
-5.9190001767892895,4.5301620535412616e-18,-1,PC20,p131972
3.257049539992018,0.00018827186109609504,-1,PC21,p131972
2.0493726246708404,0.1216069766277161,-1,PC22,p131972
-4.221073854428387,4.2554925651202734e-08,-1,PC23,p131972
5.029221356169409,1.4053794336702977e-08,-1,PC24,p131972
-4.445625203840555,6.150001087677952e-07,-1,PC25,p131972
0.6234373830119129,0.7610107981337993,-1,PC26,p131972
628.4540390551964,0.4950711643611004,-1,PC1,p132030
5.602885293362709,4.0831287738345784e-14,-1,PC2,p132030
4.8150489310033135,3.01791136246254e-07,-1,PC3,p132030
5.455793822124934,1.041252512937238e-06,-1,PC4,p132030
7.028572897729126,0.0005200309280115991,-1,PC5,p132030
8.051956530677455,5.843477869732513e-07,-1,PC6,p132030
-2.719212636812632,0.0157159998633337,-1,PC7,p132030
6.289336528071173,2.5181986857502553e-10,-1,PC8,p132030
-9.89615141918547,2.7301394022552332e-11,-1,PC9,p132030
5.843423700728636,3.237236167592772e-05,-1,PC10,p132030
8.147585571295213,5.839918251696243e-12,-1,PC11,p132030
4.414035975680018,0.0512627359734325,-1,PC12,p132030
8.961087807739691,2.868524218433671e-05,-1,PC13,p132030
-7.009117950069484,0.0003710191877968269,-1,PC14,p132030
6.81167535440831,0.00012967928160052824,-1,PC15,p132030
7.233563973454461,0.0003617693940024066,-1,PC16,p132030
-16.51543784544071,1.0545402923633655e-13,-1,PC17,p132030
-8.658834107191034,0.0029521486863113,-1,PC18,p132030
9.29702252037031,3.363297729028907e-07,-1,PC19,p132030
19.8893177883146,1.501528743897303e-13,-1,PC20,p132030
-16.98008498590968,1.1175557176173687e-09,-1,PC21,p132030
23.119423076004345,0.000115026293064281,-1,PC22,p132030
9.157564996699609,2.1640424301568e-05,-1,PC23,p132030
11.877054289505171,1.6677946164926164e-08,-1,PC24,p132030
15.499720419641966,1.715944279303604e-05,-1,PC25,p132030
8.202040485936083,0.0075716029456979,-1,PC26,p132030
3935.591313277707,0.9988768457316304,-1,PC1,p132032
3.362495630428594,1.0532117973210988e-25,-1,PC2,p132032
4.542289903193026,6.639670135630773e-36,-1,PC3,p132032
4.359898550704676,5.349123628109855e-29,-1,PC4,p132032
-1.4340289173736511,0.0828018875048544,-1,PC5,p132032
-2.648363746119108,8.835679765288277e-07,-1,PC6,p132032
1.4981547114021132,0.0447745178816535,-1,PC7,p132032
-0.2791916805333907,0.8003519153718058,-1,PC8,p132032
-4.2510934450207785,2.3710191956404563e-16,-1,PC9,p132032
-3.890360594963222,9.024902510046528e-16,-1,PC10,p132032
3.367578729523933,1.9034934509301658e-12,-1,PC11,p132032
-3.143200931695571,8.083533078877746e-10,-1,PC12,p132032
3.11470708435652,7.735730967763053e-05,-1,PC13,p132032
2.2936667616000275,0.0020009490296283,-1,PC14,p132032
-1.402656299094914,0.1833473310459517,-1,PC15,p132032
2.887040504584589,1.656275123044995e-06,-1,PC16,p132032
1.0643299091110376,0.2603345751372821,-1,PC17,p132032
-3.418084490407859,2.022726428489987e-07,-1,PC18,p132032
2.9915144815082537,1.4077734277127829e-05,-1,PC19,p132032
2.67208068382688,0.0010056237954796,-1,PC20,p132032
3.43675630885896,7.658854449660355e-06,-1,PC21,p132032
-4.3083797147793454,2.628168098062343e-12,-1,PC22,p132032
4.142408031783617,5.022852541417632e-09,-1,PC23,p132032
-0.6346337112618324,0.6654896459342788,-1,PC24,p132032
3.088539752005972,0.0002490874649939729,-1,PC25,p132032
0.071454212740273,0.9622024877040378,-1,PC26,p132032
