p21003_i0,p31,p54_i0,p22000,p22008,p1558_i0,p20116_i0,p23099_i0,p1160_i0,p189,p6138_i0,p884_i0,p1438_i0,p1458_i0,p1528_i0,grip_strength,p1289_i0,p1299_i0,p1309_i0,p1319_i0,p1329_i0,p1339_i0,p1349_i0,p1359_i0,p1369_i0,p1379_i0,p1389_i0
,0.024976250758677758,0.02055469906233508,0.005640346145830084,-0.0007634134412350422,-0.05670961634558692,0.15146580824581202,0.11081306355268637,0.05535192534180458,-0.06378789475470696,0.12475817640092719,0.07353799388782505,0.030090407857073936,0.10210725578056469,-0.12060618638069316,-0.19114783829647797,0.09331014342090016,0.005097427471574695,0.08163220067337372,0.09167253325025165,-0.02885281339645967,0.029197178716046532,0.015218602841840657,0.08214738816094411,-0.010053005468679406,0.04195232354004493,0.03160416789720132
0.024976250758677772,,0.2533962029199086,0.1855706723323163,0.18880135377883092,0.3133974256314911,0.2502623252312857,-0.6537924465561865,-0.018803005920646824,0.011917349722314917,0.22580614932033347,-0.002599850262911917,0.3063541343452923,-0.01741307314000776,-0.11918618976360576,0.7321960394815472,0.0022475652250950502,-0.10586544155741372,-0.11526239005228305,-0.06490282593090721,0.26766160041966064,0.2636456045508357,0.3304027312977489,0.3592562971174706,0.24461249001372712,0.19794286370138217,0.20409725837023066
0.02055469906233508,0.2533962029199086,,0.34886506090009894,0.35024745199851265,0.3459793353220476,0.30446272982389866,0.011116181674033271,0.00842070169378195,-0.1029354729399232,0.25046813838275317,0.007680168814100304,0.02271597138230673,0.01953539291437518,-0.0200831130614028,-0.0026687163904487404,0.011212141054703645,0.00052094950043752,0.004953691109237766,7.6978769248713e-05,0.324318037837006,0.32515817284719983,0.34059216231138023,0.37076101475921264,0.3120704142589538,0.29369435199809696,0.29497254468650236
0.005640346145830083,0.1855706723323163,0.34886506090009894,,0.42244150975381994,0.2689751795166594,0.23300467775316167,0.0065461070216140315,-0.0015966483032829998,0.024114350367786645,0.19019296893366805,-0.00169845036815874,0.010763478838375602,-0.020033961983043143,-0.013560149835322907,0.006186505406506377,-0.007592942106241229,-0.009331247637447297,-0.014348716201477868,-0.011003570154964505,0.2546485158053734,0.2579991780397421,0.25770566280067597,0.26862363364400343,0.24883238576537048,0.24032294551075387,0.24038657846446818
-0.0007634134412350443,0.18880135377883092,0.35024745199851265,0.42244150975381994,,0.2723196070122684,0.23549737880530844,0.0008298898649644751,0.0002507960847325284,-0.006331614537654919,0.19338376383616004,-0.004282651796814924,0.0007403628829294369,-0.0017845830986808302,0.0016987655516493443,0.004820608336325184,0.0010109505880920638,-0.003105961396035539,-0.0002715317603478506,-0.0015191555784197994,0.2585365452416472,0.2615413628739504,0.262221415223829,0.27426015954101063,0.2526558253094016,0.24360640677381917,0.2438104357523185
-0.05670961634558692,0.3133974256314911,0.3459793353220476,0.2689751795166594,0.2723196070122684,,0.33848229545025343,0.04644816577623247,-0.008478463784942339,-0.007816385958899538,0.2909774212808537,-0.010089330344285318,-0.002371089234337746,0.05256088773258355,0.019579790131437395,-0.027333867346373508,-0.006571725530998019,0.0024272338612517227,0.043366014149907844,0.0077706302524828946,0.34228450577789543,0.34150627078183077,0.3678202089534062,0.4138946620408044,0.3262369019611098,0.3004309524234375,0.30222450219227004
0.15146580824581202,0.2502623252312857,0.30446272982389866,0.23300467775316167,0.23549737880530844,0.33848229545025343,,0.038729021870815276,0.015302651767162364,-0.026275028592659688,0.24365265619308435,0.009664779686238875,4.9601475130692645e-05,0.029042721476100875,0.015774319615010447,0.021784316481709868,0.05405141383892573,0.044272225766621945,0.0550249389792057,0.019948518045207166,0.3016439968971801,0.2973526192582439,0.3315918339840471,0.3839137964487859,0.27723585121153416,0.23876128170459454,0.2424623418918665
0.11081306355268636,-0.6537924465561865,0.011116181674033271,0.0065461070216140315,0.0008298898649644745,0.04644816577623247,0.038729021870815276,,0.023950174589080636,0.040855675267550254,0.13024852238083176,-0.09449328403032076,-0.21744439358051226,-0.03918564818775492,0.07483479667132491,-0.5378785976906423,0.007199205783498522,0.04995682162120988,0.06168181717295007,-0.013773260134011046,0.008953446722022858,-0.00581979833430669,0.05823878523654212,-0.044431154669527934,-0.009480278246615082,0.008772254574821734,0.016514392518337855
0.05535192534180459,-0.018803005920646824,0.008420701693781972,-0.0015966483032829966,0.0002507960847325228,-0.00847846378494235,0.015302651767162365,0.02395017458908064,,-0.043945859435648875,-0.008106116858501702,-0.00421852690706217,-0.004281088681137779,0.03738178808518569,-0.02498955258139248,-0.021213331041947517,0.012098284136369654,-0.00709959332978133,-0.01612896639079863,0.0036048736504257196,0.0024134493293244347,0.011248678699747298,0.008396118351914384,0.013974137948923292,0.0008088342078566591,0.008876283537381978,0.0069839753562001075
-0.06378789475470696,0.011917349722314917,-0.10293547293992318,0.024114350367786645,-0.006331614537654921,-0.007816385958899538,-0.026275028592659688,0.040855675267550254,-0.04394585943564888,,0.06300977790990679,0.02501847086742015,0.04319918502595235,-0.097811120506296,0.040650223203639355,-0.051036308897316925,-0.021120747958282164,-1.0924361463376028e-05,-0.030455171207892016,-0.03490927485330919,-0.007455632832027596,-0.01599078503086671,-0.02007715282577963,0.02571461249708832,0.0026977076423602988,0.023281559906552656,0.017688420699219
0.12475817640092719,0.22580614932033347,0.25046813838275317,0.19019296893366805,0.19338376383616004,0.2909774212808537,0.24365265619308435,0.1302485223808318,-0.00810611685850173,0.0630097779099068,,0.0382059721040246,0.015435041642562403,-0.020529840086941344,-0.03825621371373831,-0.08545892446947628,-0.004285989385875662,-0.015584007549500158,-0.03732548672315621,-0.05747095452128243,0.25848340524976593,0.2574698219572485,0.30371667791988755,0.36039868028683525,0.2345668883899572,0.1822819424732428,0.18668662188975635
0.07353799388782503,-0.0025998502629119404,0.007680168814100312,-0.001698450368158737,-0.004282651796814925,-0.010089330344285295,0.009664779686238904,-0.09449328403032076,-0.004218526907062176,0.02501847086742015,0.03820597210402461,,0.0490737801784249,0.03125755434300455,0.06181337161757265,0.022523360293173648,0.09126852369904571,0.09396982757429781,0.0909177923915189,0.0733068101007056,-0.02686057385520148,-0.011834459746939082,0.006221840403908286,0.0014089863450432172,0.0017263834307147514,0.017236646862177452,0.01239098131795385
0.030090407857073936,0.3063541343452923,0.022715971382306733,0.010763478838375607,0.0007403628829294388,-0.0023710892343377474,4.960147513068572e-05,-0.21744439358051226,-0.004281088681137779,0.043199185025952345,0.015435041642562404,0.049073780178424904,,-0.04084596986472165,-0.07335948242071738,0.21516347781182024,-0.011422894983987974,-0.08218741801012164,-0.07996643435147571,-0.04970345705309185,-0.00023165828299987813,-0.0020979773026931587,-0.10494966134551975,0.019211829719687764,-0.008802102822104065,-0.0039338368943711,0.002484070741621567
0.10210725578056469,-0.017413073140007784,0.019535392914375192,-0.020033961983043136,-0.001784583098680839,0.05256088773258356,0.02904272147610089,-0.03918564818775492,0.03738178808518571,-0.097811120506296,-0.020529840086941337,0.031257554343004555,-0.040845969864721644,,0.022366674142190474,-0.021249641534020154,0.019823072443254326,0.00794215424244342,0.12400280161925992,0.12818454841560178,5.9493592748704755e-05,0.005710560704987636,0.04676064147145292,0.002267081828652041,0.006108577293730295,-0.010484376594887533,-0.0019555182742707635
-0.12060618638069316,-0.11918618976360573,-0.0200831130614028,-0.013560149835322905,0.0016987655516493446,0.019579790131437423,0.015774319615010402,0.07483479667132491,-0.02498955258139248,0.040650223203639355,-0.03825621371373829,0.06181337161757265,-0.07335948242071738,0.022366674142190495,,-0.0693468737806855,0.09210261602912469,0.1558215777546043,0.18582532048226358,0.08720261520654843,-0.0441014970211028,-0.04184349796517947,0.03819359519461686,-0.046152485587303026,0.001706463428485728,0.001902136983479467,-0.0018688217320167626
-0.19114783829647794,0.7321960394815472,-0.0026687163904487404,0.006186505406506376,0.004820608336325185,-0.027333867346373514,0.02178431648170987,-0.5378785976906423,-0.02121333104194751,-0.051036308897316925,-0.08545892446947627,0.022523360293173644,0.21516347781182024,-0.021249641534020147,-0.0693468737806855,,0.0010067519937409582,-0.06134857691419416,-0.08781402770556923,-0.04863710015647941,-0.004390121057148151,-0.0012877388340783512,-0.09786168111796985,-0.0211490361414499,-0.0065347112205243595,-0.0139698356296295,-0.024145121158363803
0.09331014342090019,0.002247565225095044,0.01121214105470365,-0.007592942106241227,0.0010109505880920616,-0.0065717255309980255,0.054051413838925734,0.007199205783498523,0.012098284136369661,-0.021120747958282164,-0.004285989385875647,0.0912685236990457,-0.011422894983987974,0.019823072443254326,0.09210261602912469,0.001006751993740957,,0.3254041610980726,0.16319305919590368,0.10107489944680446,-0.04030892948092573,-0.02006867531011478,0.026699845982017776,-0.03697743788392895,0.0005326145062778321,0.023300480031980066,0.028820136068115957
0.005097427471574694,-0.10586544155741368,0.0005209495004375131,-0.009331247637447295,-0.0031059613960355394,0.0024272338612517297,0.044272225766621945,0.04995682162120988,-0.00709959332978133,-1.0924361463376177e-05,-0.015584007549500156,0.09396982757429782,-0.08218741801012164,0.007942154242443404,0.1558215777546043,-0.061348576914194146,0.3254041610980726,,0.23075545294925834,0.12321335528127522,-0.06061734715796679,-0.05249585586572739,0.03407356724013227,-0.03249983299131637,0.007103152280507137,1.638409740502251e-05,0.0027340862172665985
0.08163220067337372,-0.11526239005228303,0.004953691109237763,-0.014348716201477867,-0.00027153176034785156,0.043366014149907865,0.055024938979205684,0.06168181717295007,-0.016128966390798628,-0.03045517120789202,-0.03732548672315622,0.09091779239151888,-0.0799664343514757,0.12400280161925992,0.18582532048226358,-0.08781402770556923,0.16319305919590368,0.23075545294925834,,0.1827940822754763,-0.05722171218505248,-0.030549544507475546,0.06149434958027875,-0.02401506155097736,0.001822279320260079,0.0006474890042759858,0.0010482111736249747
0.09167253325025165,-0.06490282593090717,7.697876924872029e-05,-0.011003570154964507,-0.0015191555784197946,0.007770630252482877,0.019948518045207204,-0.01377326013401104,0.0036048736504257104,-0.03490927485330919,-0.05747095452128239,0.0733068101007056,-0.04970345705309185,0.12818454841560176,0.08720261520654843,-0.048637100156479415,0.10107489944680446,0.12321335528127522,0.18279408227547628,,-0.03879615498182654,-0.011085446434761625,0.04227007776095821,0.0075293924774316595,0.0003005452033918606,0.00020097853793726384,-0.0033565131010416934
-0.02885281339645968,0.26766160041966064,0.324318037837006,0.2546485158053734,0.2585365452416472,0.34228450577789543,0.3016439968971801,0.008953446722022858,0.0024134493293244473,-0.007455632832027596,0.25848340524976593,-0.026860573855201453,-0.0002316582829998886,5.949359274871289e-05,-0.04410149702110279,-0.004390121057148147,-0.04030892948092576,-0.06061734715796679,-0.05722171218505249,-0.03879615498182652,,0.2870185755419231,0.34400889055493516,0.3815431194379916,0.29055383237454824,0.25633747126921075,0.2589707422033789
0.029197178716046518,0.2636456045508357,0.32515817284719983,0.2579991780397421,0.2615413628739504,0.34150627078183077,0.2973526192582439,-0.00581979833430669,0.011248678699747305,-0.015990785030866705,0.2574698219572485,-0.011834459746939092,-0.0020979773026931475,0.005710560704987637,-0.041843497965179485,-0.0012877388340783577,-0.02006867531011477,-0.052495855865727394,-0.03054954450747555,-0.011085446434761623,0.2870185755419231,,0.337999524635293,0.3750075485446808,0.2878035643699946,0.2547094468717576,0.2579353205197097
0.015218602841840671,0.3304027312977489,0.34059216231138023,0.25770566280067597,0.262221415223829,0.3678202089534062,0.3315918339840471,0.05823878523654212,0.008396118351914405,-0.020077152825779633,0.30371667791988755,0.0062218404039083,-0.10494966134551978,0.0467606414714529,0.03819359519461686,-0.09786168111796985,0.02669984598201779,0.034073567240132274,0.061494349580278836,0.04227007776095821,0.34400889055493516,0.337999524635293,,0.40173341892851616,0.31809183906155636,0.2918197024823455,0.2930588090757794
0.08214738816094411,0.3592562971174706,0.37076101475921264,0.26862363364400343,0.27426015954101063,0.4138946620408044,0.3839137964487859,-0.044431154669527934,0.013974137948923286,0.02571461249708832,0.36039868028683525,0.0014089863450432421,0.019211829719687764,0.0022670818286520448,-0.04615248558730302,-0.021149036141449893,-0.03697743788392893,-0.03249983299131638,-0.024015061550977376,0.007529392477431638,0.3815431194379916,0.3750075485446808,0.40173341892851616,,0.3620446743223032,0.3426334590837268,0.3461241163405588
-0.010053005468679406,0.24461249001372712,0.3120704142589538,0.24883238576537048,0.2526558253094016,0.3262369019611098,0.27723585121153416,-0.009480278246615082,0.0008088342078566617,0.0026977076423602983,0.2345668883899572,0.0017263834307147585,-0.008802102822104068,0.006108577293730292,0.00170646342848574,-0.006534711220524365,0.0005326145062778396,0.007103152280507134,0.001822279320260074,0.0003005452033918649,0.29055383237454824,0.2878035643699946,0.31809183906155636,0.3620446743223032,,0.20723689501808024,0.21934038898027589
0.04195232354004493,0.19794286370138217,0.29369435199809696,0.24032294551075387,0.24360640677381917,0.3004309524234375,0.23876128170459454,0.008772254574821737,0.008876283537381985,0.023281559906552653,0.1822819424732428,0.01723664686217745,-0.003933836894371098,-0.010484376594887525,0.0019021369834794626,-0.0139698356296295,0.023300480031980045,1.6384097405006733e-05,0.0006474890042759813,0.00020097853793727598,0.25633747126921075,0.2547094468717576,0.2918197024823455,0.3426334590837268,0.20723689501808024,,0.15872831767556725
0.03160416789720132,0.20409725837023066,0.29497254468650236,0.24038657846446818,0.2438104357523185,0.30222450219227004,0.2424623418918665,0.01651439251833785,0.006983975356200098,0.017688420699219002,0.18668662188975635,0.012390981317953841,0.0024840707416215685,-0.001955518274270756,-0.0018688217320167457,-0.0241451211583638,0.028820136068115957,0.0027340862172665864,0.0010482111736249773,-0.0033565131010417,0.2589707422033789,0.2579353205197097,0.2930588090757794,0.3461241163405588,0.21934038898027589,0.15872831767556725,
