chr,start,end,disease
3,45840938,45910644,B97
1,39551963,40088764,E11
1,50932200,51533590,E11
1,120436718,120609444,E11
1,214143858,214160256,E11
10,12238456,12329010,E11
10,80925036,81019948,E11
10,94201905,94500577,E11
10,114596109,114921089,E11
11,2192597,2859800,E11
11,17367013,17422886,E11
11,72400101,72722271,E11
11,92672828,92709710,E11
12,4315171,4404876,E11
12,66164471,66359347,E11
13,80699707,80761947,E11
14,38757704,38849419,E11
15,38851386,38874115,E11
15,77383002,77849806,E11
15,90367067,90451289,E11
16,53796908,53849561,E11
16,69555583,70007767,E11
16,75233273,75287484,E11
17,36091841,36104872,E11
17,47059322,47092420,E11
18,60844884,60846884,E11
19,7967168,7979430,E11
19,45385467,46168469,E11
19,47563643,47583356,E11
2,25511438,25577318,E11
2,27597097,27753871,E11
2,43448385,43865089,E11
2,60582665,60587707,E11
2,65638280,65685152,E11
2,165500849,165631460,E11
2,226923209,227199983,E11
20,45581233,45607853,E11
3,12328783,12414339,E11
3,23245073,23458080,E11
3,49859854,50023079,E11
3,122935084,123138791,E11
3,151992809,152189327,E11
3,185458675,185549683,E11
3,187739523,187742842,E11
4,6257829,6329354,E11
4,185712595,185718759,E11
5,14783165,14787749,E11
5,55803552,55869097,E11
5,101272694,102755950,E11
6,7222566,7313714,E11
6,20484864,20956332,E11
7,15030450,15067045,E11
7,28141088,28257240,E11
7,156929550,157076760,E11
8,41487038,41538318,E11
8,118108932,118226701,E11
8,145509507,145552200,E11
9,22002367,22140220,E11
9,84307948,84316496,E11
9,136136065,136150500,E11
9,139240030,139249082,E11
X,152898922,152918442,E11
6,10845893,10898488,E21
10,17142000,17164081,E53
11,59622378,59675097,E53
22,31001638,31047315,E53
4,72604517,72682824,E55
6,24865495,28478682,E83
7,29568579,29591944,E87
19,45224973,45523289,F03
19,45323138,45439554,F05
17,43571419,44569241,G20
2,169102999,169167282,G20
4,90605597,90858479,G20
19,45221789,45652986,G30
2,127890427,127893810,G30
19,45385467,45429234,G31
11,185458,246702,H25
11,68908448,68969149,H25
15,28229318,28570667,H25
20,10648677,10650677,H25
20,19454203,19493230,H25
3,181341947,181377530,H25
7,46212277,46215253,H25
7,127014083,127016083,H25
9,22205987,22288608,H25
1,51107411,51479448,H26
11,185458,187604,H26
11,68593165,68969149,H26
12,30755958,30903110,H26
15,28185985,28570667,H26
16,7458347,7462523,H26
16,69765038,69941355,H26
17,79525821,79616572,H26
20,19454203,19616216,H26
3,181345937,181365589,H26
6,73642289,73644289,H26
7,46212818,46215253,H26
7,127014083,127016083,H26
1,196205732,197102263,H35
10,124099331,124239153,H35
19,6709782,6725340,H35
6,160984526,161112700,I24
9,22080397,22126503,I24
1,55504647,55506647,I25
1,56911222,57017131,I25
1,109799321,109823166,I25
1,150536357,151092290,I25
1,222792632,222863992,I25
10,30316073,30318073,I25
10,44667724,44778560,I25
10,124236338,124239997,I25
11,103659567,103697851,I25
12,111359049,112907415,I25
12,121412027,121427594,I25
12,125302254,125317743,I25
13,110792123,110819102,I25
15,78940119,79170499,I25
15,91402674,91444059,I25
16,69566411,69970299,I25
16,75303497,75517739,I25
17,2025417,2069932,I25
17,47378486,47491102,I25
18,19997810,19999810,I25
19,11186324,11211912,I25
19,45318631,45429234,I25
2,85735051,85815984,I25
2,145818803,145831570,I25
2,203638395,204197618,I25
21,35592827,35623220,I25
3,136102267,136115945,I25
4,81163723,81185341,I25
4,148363920,148428503,I25
4,156613184,156664407,I25
6,12763286,12999826,I25
6,82621562,82623562,I25
6,134103132,134227147,I25
6,160241487,161661100,I25
7,19048388,19053733,I25
7,150689176,150691176,I25
8,19811812,19929582,I25
8,126499031,126508389,I25
9,21689958,22126913,I25
1,100031836,100065378,I35
1,170643498,170646774,I35
2,145633861,145853985,I35
6,160467180,161124451,I35
3,38578207,38799836,I44
4,114383328,114524729,I44
2,179703973,179840888,I45
4,23822644,23846949,I45
1,112450447,112462902,I48
1,147254831,147346690,I48
1,154794389,155021836,I48
1,169626908,170710460,I48
1,203020665,203050676,I48
1,228293300,228405668,I48
10,64987931,65367023,I48
10,75196051,75664351,I48
10,105295388,105695644,I48
11,20001401,20019758,I48
11,128763570,128786307,I48
12,24714048,24812390,I48
12,70030391,70097374,I48
12,114727379,114828707,I48
12,124498542,124501725,I48
14,23860811,23870029,I48
14,32897974,32993334,I48
14,64611858,64872010,I48
14,77421803,77428469,I48
15,73632410,73688743,I48
16,2002016,2004016,I48
16,72982632,73103243,I48
17,12617680,12619680,I48
17,37769481,38068533,I48
2,65275049,65383167,I48
2,70020002,70168197,I48
2,175412833,175559804,I48
2,179345569,179668090,I48
2,201159499,201199623,I48
21,36118111,36121052,I48
22,18596404,18601583,I48
3,12818037,12859028,I48
3,38587095,38799836,I48
3,66324074,66453973,I48
3,111547252,111672794,I48
4,111312489,112077097,I48
5,137002688,137790519,I48
5,172593115,173394823,I48
6,16404710,16444077,I48
6,18209109,18371368,I48
6,36644588,36649064,I48
6,118558589,118975798,I48
6,122387851,122682945,I48
6,149324028,149414519,I48
7,14371009,14386786,I48
7,115843871,116227422,I48
8,17772616,17914970,I48
8,124364166,124648557,I48
8,141652884,141842942,I48
9,97442341,98105492,I48
X,137417967,137419967,I48
4,111612773,111719067,I50
9,22087090,22126503,I50
6,160984526,161011118,I65
7,19051733,19053733,I65
9,22080397,22126503,I65
19,45410941,45425351,I67
6,160984526,161011118,I70
1,218518367,218527228,I71
11,130267147,130281725,I71
13,22855912,22886947,I71
15,48698486,48940888,I71
3,45840938,45910644,J12
14,94837142,94864636,J43
15,78718501,78937168,J43
4,145505456,145507456,J43
11,1084304,1462077,J84
17,43571419,44866603,J84
5,1276577,1297486,J84
6,7562232,7564232,J84
1,155094750,155723506,K31
2,213049763,213265996,K31
20,6670448,6672448,K31
1,22397584,22399584,K57
1,151835675,151997692,K57
1,219267532,219705939,K57
1,221049400,221151392,K57
1,234345898,234366086,K57
1,245769642,245779157,K57
10,18432986,18446803,K57
10,25731671,25913702,K57
10,50303998,50365540,K57
10,97326996,97728916,K57
10,101356014,101492236,K57
10,105594430,105672248,K57
11,14979848,15121775,K57
11,27645247,27749493,K57
11,69982047,70008484,K57
13,107894297,108229295,K57
15,40641877,40723781,K57
15,76476038,77109995,K57
16,69732665,69889444,K57
16,84842611,84945312,K57
16,86224902,86239814,K57
17,7317061,7569327,K57
18,20009871,20038597,K57
19,38724859,38816217,K57
2,55990004,56227442,K57
2,144173530,144504862,K57
2,204250800,204407726,K57
2,218794356,218800846,K57
20,37498139,37502507,K57
20,55361831,55366546,K57
21,47046591,47558880,K57
22,40553344,40555344,K57
22,45722116,45724807,K57
3,15469856,15593839,K57
3,150977242,151090226,K57
4,95780256,95835115,K57
5,37675654,37833833,K57
5,64258995,64969352,K57
6,36919629,36926976,K57
6,98296832,98547547,K57
7,27209581,27218359,K57
7,73390884,73567952,K57
7,96076048,96155912,K57
7,102408408,102986211,K57
8,120391313,120543085,K57
8,122258074,122268821,K57
9,78723355,78747971,K57
9,133068741,133070741,K57
9,136131908,136156000,K57
11,111138327,111174290,K63
15,32986718,33103534,K63
16,80027413,80050502,K63
18,46391391,46460032,K63
20,6280204,6715972,K63
20,47339117,47341117,K63
20,60854449,61026704,K63
5,134451825,134523977,K63
7,46904525,47515360,K63
8,117629683,117646197,K63
1,220969028,220974761,K76
19,19324963,19794545,K76
19,45410941,45417741,K76
22,44322597,44408559,K76
2,44051743,44088024,K83
11,88419837,89130133,L57
15,28355859,28366618,L57
16,89261162,90167109,L57
20,31927890,34639903,L57
5,33945571,33968145,L57
6,379328,558932,L57
19,45410941,45425351,L89
2,70697234,70722006,M15
1,103340016,103484514,M16
1,118603989,118605989,M16
1,183932971,184050978,M16
1,219740820,219789530,M16
12,27979656,28030554,M16
17,43667512,44352249,M16
17,59650620,59687867,M16
19,55878672,55880672,M16
2,70697590,70731714,M16
3,189727328,189729328,M16
4,13005572,13064846,M16
6,44605860,45401394,M16
6,55635235,55645663,M16
6,76131905,76651319,M16
9,117839742,117879470,M16
9,119261362,119504742,M16
9,129369576,129398014,M16
11,10341711,10366044,M17
12,123403966,123913213,M17
15,50712634,50796984,M17
15,58214727,58343394,M17
16,69546741,70383554,M17
17,2013496,2015496,M17
2,33374133,33448202,M17
20,33886955,34302588,M17
6,34705358,34829553,M17
9,116890579,116944302,M17
5,55443481,55445683,M35
1,22482649,22735931,M81
1,68589604,68666023,M81
11,68153188,68434262,M81
12,54404190,54434011,M81
13,42940357,43056002,M81
16,374782,378367,M81
17,41775686,41931241,M81
18,60053857,60055857,M81
21,40328883,40351120,M81
3,41071355,41182612,M81
3,46248943,46259902,M81
4,88771189,88846642,M81
5,36645553,36647915,M81
6,44670209,44991625,M81
6,127397595,127520234,M81
6,151946539,152082009,M81
7,30954539,30958148,M81
7,37994383,38158511,M81
7,96076048,96372732,M81
7,120923338,121041782,M81
1,243468669,243502763,N18
11,30748169,30778014,N18
11,65416434,65571146,N18
15,53881442,53970364,N18
16,20343532,20414776,N18
18,77161462,77163462,N18
4,77356592,77415988,N18
5,687900,700046,N18
6,160627557,160767334,N18
7,151397133,151416746,N18
