chr,start,end,combo
3,45840938,45910644,B97-J12
19,45224973,46168469,E11-F03
19,45323138,46168469,E11-F05
19,45221789,46168469,E11-G30
19,45385467,46168469,E11-G31
1,50932200,51533590,E11-H26
16,69555583,70007767,E11-H26
9,22002367,22140220,E11-I24
16,69555583,70007767,E11-I25
19,45318631,46168469,E11-I25
9,21689958,22140220,E11-I25
9,22002367,22140220,E11-I50
9,22002367,22140220,E11-I65
19,45385467,46168469,E11-I67
16,69555583,70007767,E11-K57
9,136131908,136156000,E11-K57
19,45385467,46168469,E11-K76
19,45385467,46168469,E11-L89
16,69546741,70383554,E11-M17
19,45224973,45523289,F03-F05
19,45221789,45652986,F03-G30
19,45224973,45523289,F03-G31
19,45224973,45523289,F03-I25
19,45224973,45523289,F03-I67
19,45224973,45523289,F03-K76
19,45224973,45523289,F03-L89
19,45221789,45652986,F05-G30
19,45323138,45439554,F05-G31
19,45318631,45439554,F05-I25
19,45323138,45439554,F05-I67
19,45323138,45439554,F05-K76
19,45323138,45439554,F05-L89
17,43571419,44866603,G20-J84
17,43571419,44569241,G20-M16
19,45221789,45652986,G30-G31
19,45221789,45652986,G30-I25
19,45221789,45652986,G30-I67
19,45221789,45652986,G30-K76
19,45221789,45652986,G30-L89
19,45318631,45429234,G31-I25
19,45385467,45429234,G31-I67
19,45385467,45429234,G31-K76
19,45385467,45429234,G31-L89
11,185458,246702,H25-H26
11,68593165,68969149,H25-H26
15,28185985,28570667,H25-H26
20,19454203,19616216,H25-H26
3,181341947,181377530,H25-H26
7,46212277,46215253,H25-H26
7,127014083,127016083,H25-H26
15,28229318,28570667,H25-L57
16,69566411,69970299,H26-I25
16,69732665,69941355,H26-K57
15,28185985,28570667,H26-L57
16,69546741,70383554,H26-M17
10,124099331,124239997,H35-I25
6,160241487,161661100,I24-I25
9,21689958,22126913,I24-I25
6,160467180,161124451,I24-I35
9,22080397,22126503,I24-I50
6,160984526,161112700,I24-I65
9,22080397,22126503,I24-I65
6,160984526,161112700,I24-I70
2,145633861,145853985,I25-I35
6,160241487,161661100,I25-I35
9,21689958,22126913,I25-I50
6,160241487,161661100,I25-I65
7,19048388,19053733,I25-I65
9,21689958,22126913,I25-I65
19,45318631,45429234,I25-I67
6,160241487,161661100,I25-I70
16,69566411,69970299,I25-K57
19,45318631,45429234,I25-K76
19,45318631,45429234,I25-L89
16,69546741,70383554,I25-M17
6,160241487,161661100,I25-N18
1,169626908,170710460,I35-I48
6,160467180,161124451,I35-I65
6,160467180,161124451,I35-I70
6,160467180,161124451,I35-N18
3,38578207,38799836,I44-I48
4,111312489,112077097,I48-I50
10,105295388,105695644,I48-K57
9,22080397,22126503,I50-I65
6,160984526,161011118,I65-I70
19,45410941,45425351,I67-K76
19,45410941,45425351,I67-L89
17,43571419,44866603,J84-M16
20,6280204,6715972,K31-K63
16,69546741,70383554,K57-M17
7,96076048,96372732,K57-M81
19,45410941,45425351,K76-L89
20,31927890,34639903,L57-M17
2,70697234,70731714,M15-M16
6,44605860,45401394,M16-M81
