chr,length,from,to,centromerStart,centromerEnd
chr1,249250621,0,249250621,121535434,124535434
chr2,243199373,249250621,492449994,341576792,344576792
chr3,198022430,492449994,690472424,582954848,585954848
chr4,191154276,690472424,881626700,740132541,743132541
chr5,180915260,881626700,1062541960,928032341,931032341
chr6,171115067,1062541960,1233657027,1121372126,1124372126
chr7,159138663,1233657027,1392795690,1291711358,1294711358
chr8,146364022,1392795690,1539159712,1436634577,1439634577
chr9,141213431,1539159712,1680373143,1586527391,1589527391
chr10,135534747,1680373143,1815907890,1719628078,1722628078
chr11,135006516,1815907890,1950914406,1867552095,1870552095
chr12,133851895,1950914406,2084766301,1985771100,1988771100
chr13,115169878,2084766301,2199936179,2100766301,2103766301
chr14,107349540,2199936179,2307285719,2215936179,2218936179
chr15,102531392,2307285719,2409817111,2324285719,2327285719
chr16,90354753,2409817111,2500171864,2445152912,2448152912
chr17,81195210,2500171864,2581367074,2522434870,2525434870
chr18,78077248,2581367074,2659444322,2596827972,2599827972
chr19,59128983,2659444322,2718573305,2684126104,2687126104
chr20,63025520,2718573305,2781598825,2744942874,2747942874
chr21,48129895,2781598825,2829728720,2792886954,2795886954
chr22,51304566,2829728720,2881033286,2842728720,2845728720
chrX,155270560,2881033286,3036303846,2939665298,2942665298
chrY,59373566,3036303846,3095677412,3046408399,3049408399
