coefficient,hazard_ratio,pvalue,covar,disease
0.06649566831023748,1.0687563345442737,4.862796993384787e-51,age,p130070
0.4921430745650034,1.6358181464328942,5.963726622849457e-16,sex,p130070
-8.16130664808651e-5,0.9999183902637748,0.5100137321573042,date_centre,p130070
0.011833087460837333,1.0119033754078062,0.033998141064619514,centre,p130070
5.350859542049731e-4,1.0005352291382317,0.006982985360905481,plate,p130070
-0.0010991590071481355,0.9989014448468493,0.3488158200299552,well,p130070
-0.011893193648164416,0.9881772508328958,0.36100003556450605,plate_row,p130070
-0.0023398915019400583,0.9976628439102418,0.8050971453601083,plate_column,p130070
0.0018611315991876938,1.001862864579537,0.03886863371536458,mean_date_processing,p130070
8.79544649660884e-5,1.0000879583330735,0.37150558586428467,storage_time,p130070
0.05087126408940954,1.052187430256967,0.017033931771764925,batch,p130070
0.034215413538907176,1.0348074942651868,1.987183144681016e-5,age,p130340
0.3326147745866436,1.3946099557807323,0.0037948115804285324,sex,p130340
1.1339397558356337e-4,1.0001134004049235,0.6260491936584871,date_centre,p130340
0.021911946849721132,1.022153776647657,0.04566615980843474,centre,p130340
2.8446599400191474e-5,1.0000284470040086,0.93954339105448,plate,p130340
9.526229056512015e-4,1.0009530767949684,0.681728646538316,well,p130340
0.006375169956941289,1.0063955346059634,0.8020111204296452,plate_row,p130340
0.02486835083538014,1.0251801475300757,0.17395820840806467,plate_column,p130340
-3.555782829888461e-6,0.9999964442234919,0.9983715929855962,mean_date_processing,p130340
-9.47425667802832e-5,0.9999052619211549,0.6060110571713653,storage_time,p130340
-0.011704753979458176,0.9883634801726122,0.7777310893804319,batch,p130340
0.04697117844508554,1.0480918010089377,1.309519315963243e-54,age,p130708
0.5961380384852354,1.8150954184527734,1.8442249959478768e-40,sex,p130708
-3.576775528767712e-4,0.9996423864061134,8.620123020831038e-5,date_centre,p130708
0.003133088655726006,1.0031380019078666,0.4392317491132972,centre,p130708
-6.863237179706131e-5,0.9999313699833503,0.630526616952257,plate,p130708
7.768533175746999e-5,1.000077688349341,0.9283632707444508,well,p130708
7.083392641540706e-4,1.0007085901956554,0.9411145484110833,plate_row,p130708
9.315750129341916e-4,1.0009320090637097,0.891336241057953,plate_column,p130708
-1.1001326815320777e-4,0.9998899927830844,0.8647950222832501,mean_date_processing,p130708
2.784421983357111e-4,1.0002784809669627,1.1037639303296856e-4,storage_time,p130708
-0.009491750438248087,0.9905531540386072,0.5396989790745831,batch,p130708
0.07875731520839672,1.081941719406066,2.3518527218949572e-14,age,p130718
0.5030652976570774,1.6537828458022963,3.53536214371695e-5,sex,p130718
-4.760972991650172e-5,0.9999523914034087,0.8483663460089378,date_centre,p130718
0.01563409047165737,1.0157569422544108,0.13915338038229919,centre,p130718
4.476018749441221e-4,1.0004477020636111,0.25407510587445964,plate,p130718
-0.0017037114589123726,0.9982977390335981,0.47697700450233227,well,p130718
-0.02061729253000119,0.9795937907017703,0.4444869355521508,plate_row,p130718
0.009003926322995319,1.009044583601042,0.6338243546118077,plate_column,p130718
0.0015744508044859265,1.001575690902893,0.38049853229001307,mean_date_processing,p130718
5.798854822509658e-5,1.0000579902295934,0.7693460842605262,storage_time,p130718
0.04091154873786901,1.0417599564872007,0.33203615347619336,batch,p130718
0.036594899188587666,1.037272735688094,2.790920925074993e-4,age,p130722
-0.5473315913924122,0.5784914041069058,0.0016974930473994568,sex,p130722
-5.34204689274248e-4,0.999465937972646,0.12026553730029045,date_centre,p130722
0.022463766186319734,1.0227179765204715,0.16575732633886334,centre,p130722
3.610436574119417e-5,1.0000361050175117,0.9445407930248001,plate,p130722
-2.5811939046434e-4,0.9997419139194795,0.9359866625912322,well,p130722
-0.0027801078720851185,0.9972237530490505,0.9374806914796493,plate_row,p130722
-6.23131710314779e-4,0.9993770623959294,0.9806927161374094,plate_column,p130722
1.991446848473516e-4,1.0001991645154664,0.9326674713862618,mean_date_processing,p130722
4.244954694407768e-4,1.0004245855803926,0.11665592372706547,storage_time,p130722
-0.0031329507322660835,0.9968719518367072,0.9549667778475786,batch,p130722
0.05875714306409424,1.060517655394968,2.475915136538364e-11,age,p130770
-0.024308986776967422,0.9759840969826312,0.8273197554113934,sex,p130770
-0.0010274712359889463,0.9989730564318448,2.825041866430058e-5,date_centre,p130770
-0.019686484521649433,0.9805060289405524,0.04732473786171891,centre,p130770
3.3527742407080134e-5,1.0000335283044681,0.922798454265961,plate,p130770
-3.871826595468194e-4,0.9996128922859863,0.8581656304819071,well,p130770
-0.0030305305631651825,0.9969740568593038,0.900344350796525,plate_row,p130770
-0.007551295172900486,0.9924771442267029,0.6670995986626693,plate_column,p130770
8.059352354379361e-4,1.0008062600885042,0.6134494572511359,mean_date_processing,p130770
8.140847741004646e-4,1.0008144162310488,2.0645572255532748e-5,storage_time,p130770
0.010552980043971549,1.0106088591285147,0.7829637662531291,batch,p130770
0.05228960050332697,1.0536808448353496,2.965533548797532e-13,age,p130774
-0.4530010878173416,0.6357174420815803,7.745681411883947e-6,sex,p130774
5.132763069949619e-4,1.000513408055819,0.011650700098661322,date_centre,p130774
0.005905330924160623,1.005922801764256,0.5300022455064127,centre,p130774
4.337223842695648e-4,1.0004338164554227,0.16311383789112405,plate,p130774
0.0020254327177642497,1.0020274852921611,0.28463786594020535,well,p130774
0.025484057700886478,1.0258115523454836,0.2237855399372096,plate_row,p130774
-0.016359724180404513,0.983773369327799,0.27965359862750333,plate_column,p130774
0.001872114718040341,1.00187386821888,0.1924833970449827,mean_date_processing,p130774
-3.7196900956782124e-4,0.9996281001623274,0.0214182754102715,storage_time,p130774
0.04398652115585285,1.044968269829071,0.18083592839784113,batch,p130774
0.06519713032116863,1.067369414521864,5.06337044107506e-30,age,p130820
0.23415638846607698,1.2638421270850857,0.0021761890738989003,sex,p130820
-2.104848165893487e-5,0.9999789517398588,0.8954466234788145,date_centre,p130820
-0.007914335408261922,0.9921169004861148,0.2506632092406646,centre,p130820
-3.040204809228661e-4,0.9996960257286206,0.216490671941067,plate,p130820
-7.874516873092624e-4,0.9992128582714062,0.5930160633536807,well,p130820
-0.009326649556403778,0.9907167087389938,0.5673410957815501,plate_row,p130820
0.0030020693177317277,1.0030065800405306,0.8040286626895501,plate_column,p130820
-0.0015875435326171306,0.9984137159480352,0.15044923844696556,mean_date_processing,p130820
-9.747197191396172e-6,0.9999902528503124,0.9384345844508705,storage_time,p130820
-0.03535492589311499,0.9652627587054206,0.17881779726071073,batch,p130820
0.0951780325456811,1.0998546476196627,4.719096262633008e-62,age,p130826
0.25413218757206696,1.2893422280222906,2.0370610065356966e-4,sex,p130826
1.5569346946043452e-4,1.0001557055903176,0.26501570057014356,date_centre,p130826
0.00541112277407879,1.005425789341182,0.39285645034284106,centre,p130826
2.8649251633664825e-4,1.000286533559237,0.197717377839466,plate,p130826
-0.0015947860424766207,0.998406484953039,0.2270610772943704,well,p130826
-0.018448814560956563,0.98172032309154,0.20841257268985955,plate_row,p130826
0.0035072146886840454,1.0035133721625435,0.7406005498181699,plate_column,p130826
0.0017142553701560012,1.0017157255458586,0.08692897113956002,mean_date_processing,p130826
-8.860363452552441e-5,0.9999114002906606,0.42311888515535373,storage_time,p130826
0.03636809444206311,1.037037503985041,0.12756718158244637,batch,p130826
0.09090532003464684,1.095165310135998,4.973135390794506e-122,age,p130828
0.28885393025350653,1.3348967262604894,6.050293853777574e-10,sex,p130828
-3.510803934207847e-5,0.9999648925769379,0.7189649163627639,date_centre,p130828
0.011719904795216302,1.011788851967583,0.005567518565896667,centre,p130828
1.2873082464748406e-4,1.0001287391108156,0.39104512308035294,plate,p130828
-0.0011888272955645994,0.9988118790796576,0.1956483586997355,well,p130828
-0.011941931163587962,0.9881290907025042,0.2426274688389635,plate_row,p130828
-0.00789321751908614,0.992137852122095,0.28673312608769497,plate_column,p130828
3.186345068458273e-4,1.0003186852762125,0.6408624953797694,mean_date_processing,p130828
3.4588793054396873e-5,1.0000345893912537,0.6545262695421866,storage_time,p130828
0.00973405144470901,1.0097815814180287,0.546083252748544,batch,p130828
0.23068975315410697,1.2594684327203354,1.3856688379536505e-68,age,p130842
0.19945629710294085,1.2207388584405374,0.07048859817749989,sex,p130842
-4.928102548085955e-4,0.99950731115622,0.04054423172491698,date_centre,p130842
0.0026457747129667595,1.0026492778637173,0.7952760346689486,centre,p130842
5.748440721165225e-5,1.0000574860594718,0.8728574523509823,plate,p130842
0.0037000409300626796,1.0037068945317666,0.08753795522748117,well,p130842
0.040208194613781514,1.0410274879480763,0.09607776043110527,plate_row,p130842
0.006886714475664084,1.0069104824234956,0.689335643218221,plate_column,p130842
1.4797199911682917e-4,1.000147982947513,0.9276955609280579,mean_date_processing,p130842
3.859688416176206e-4,1.000386043337175,0.04022752660986117,storage_time,p130842
0.015417972057311215,1.0155374421945464,0.693607657537673,batch,p130842
0.16440640035532328,1.1786932391198786,7.179046899952293e-77,age,p130846
0.4604111280136935,1.5847253760788622,5.058414757084476e-8,sex,p130846
-2.544817091502003e-4,0.9997455506685734,0.14364504825940347,date_centre,p130846
0.006132841456052879,1.0061516858317088,0.4045481596711195,centre,p130846
-2.3459625287508982e-4,0.9997654312626741,0.3985390946944352,plate,p130846
0.0013490821059931794,1.0013499925266223,0.41386019629195303,well,p130846
0.01569630245302011,1.0158201364720698,0.39246270419865686,plate_row,p130846
-0.0034898688542309517,0.9965162136602956,0.7983018598506403,plate_column,p130846
-0.0010451708063094188,0.9989553751944599,0.4055765832476559,mean_date_processing,p130846
1.825492066127868e-4,1.0001825658697332,0.18338597686985197,storage_time,p130846
-0.026879797774505467,0.9734782487439013,0.37474313893375805,batch,p130846
0.12757879275879805,1.136074379149243,6.968980139165236e-33,age,p131022
0.8750332748915417,2.398955117610381,5.372004192013354e-11,sex,p131022
-4.054818828213698e-4,0.9995946003138472,0.13412590480578185,date_centre,p131022
0.012841815125707262,1.0129246253316846,0.2606429678093084,centre,p131022
-5.696962421989291e-4,0.9994304660038935,0.15297635109261365,plate,p131022
0.005416371115018645,1.0054310661723616,0.03132133004346044,well,p131022
0.05735749173589795,1.0590343387552257,0.03967940431465155,plate_row,p131022
0.01865364065178604,1.0188287066517843,0.33725891329512936,plate_column,p131022
-0.0014639996804972682,0.9985370714442624,0.43019064879143487,mean_date_processing,p131022
2.951578207610088e-4,1.0002952013841164,0.16678631522319431,storage_time,p131022
-0.05288852645645563,0.9484857376555866,0.22854202556735187,batch,p131022
0.20842241470156514,1.2317333619531703,1.7510052700131663e-47,age,p131036
-0.010321492160387259,0.9897315916481363,0.930006614910138,sex,p131036
-8.189592242005181e-4,0.9991813760313785,9.923993083835983e-4,date_centre,p131036
0.002966466724074082,1.0029708710404959,0.7908857890701024,centre,p131036
4.153751533157272e-4,1.0004154614335206,0.27730988421616515,plate,p131036
-0.0013617680692022953,0.9986391587161982,0.5491881456822397,well,p131036
-0.00860054023893743,0.9914363386055365,0.7315181146469732,plate_row,p131036
-0.038585564555620434,0.9621493753338873,0.034986488310303744,plate_column,p131036
0.001829471726859118,1.001831146231256,0.2935467691474298,mean_date_processing,p131036
6.671986193713275e-4,1.0006674212458795,6.746283504609169e-4,storage_time,p131036
0.05165608480704652,1.053013532879894,0.2108731973215359,batch,p131036
0.12721054956697353,1.1356561045118352,1.5886615269514592e-23,age,p131038
0.7914960827208148,2.206695356697456,1.3831473477991494e-8,sex,p131038
-2.4143870933740898e-4,0.9997585904346422,0.35695282384077703,date_centre,p131038
-0.0032098478641531974,0.9967952981900129,0.7801662366186898,centre,p131038
-3.4989746760390487e-4,0.9996501637393761,0.4213788629329003,plate,p131038
0.0020389156646102927,1.0020409956665632,0.43204567815234074,well,p131038
0.019758849103611427,1.0199553472209966,0.49824692515211655,plate_row,p131038
0.017708028920773455,1.0178657456402516,0.40491876140076716,plate_column,p131038
-0.0016880524144260746,0.9983133715446989,0.3860927156588337,mean_date_processing,p131038
1.6679416198199377e-4,1.0001668080729016,0.4094371930355996,storage_time,p131038
-0.06374706588172897,0.9382422830054978,0.18007781291147404,batch,p131038
0.0782189048621746,1.0813593475819048,1.4544045602512237e-25,age,p131056
0.2751213888591554,1.316690496724387,0.0051914098238683365,sex,p131056
-2.4096000175630931e-4,0.9997590690267733,0.2269998163567677,date_centre,p131056
0.001095454250020666,1.001096054479182,0.9041472134459269,centre,p131056
-9.072541757819003e-5,0.9999092786978481,0.7705452587767139,plate,p131056
0.0019977432552198654,1.0019997400737657,0.30336846798549905,well,p131056
0.02419461220007975,1.0244896766811038,0.26371585041614026,plate_row,p131056
-0.010666078747211857,0.989390602170672,0.47779520462495895,plate_column,p131056
-1.886828502464546e-4,0.999811334949243,0.8956984204152899,mean_date_processing,p131056
1.7837293391483248e-4,1.0001783888433124,0.2616705256655127,storage_time,p131056
0.005771739601304698,1.0057884281822496,0.864509884210038,batch,p131056
0.047073902766699,1.0481994710582567,4.903379581733028e-9,age,p131086
0.3970712900605315,1.4874619675252558,6.334497667910457e-4,sex,p131086
-9.999777844886575e-5,0.9999000072211623,0.6900210406343048,date_centre,p131086
0.002372147384495239,1.002374963152134,0.8367953912367002,centre,p131086
7.08316062614013e-4,1.0007085669776752,0.05120239640513563,plate,p131086
-0.0020430548352081647,0.9979590307807373,0.36292171555571534,well,p131086
-0.021244904693511472,0.9789791786126127,0.39839717434890615,plate_row,p131086
-0.009359663242337732,0.9906840020686087,0.5954603644173921,plate_column,p131086
0.00250155534606042,1.0025046868462977,0.1326408837825552,mean_date_processing,p131086
1.1599920669980095e-4,1.000116005934868,0.5571956791065121,storage_time,p131086
0.04493358108823798,1.045958386183799,0.2531639262973762,batch,p131086
0.041771569226631,1.0426562767658076,1.6735364511088997e-4,age,p131126
0.6834003826457341,1.9806010963429521,6.068095216411834e-5,sex,p131126
-1.0067107662711764e-4,0.9998993339905357,0.751162865501555,date_centre,p131126
0.020141865302286004,1.0203460814649026,0.2105131715452382,centre,p131126
-4.467109408017579e-4,0.9995533888196753,0.4275133401687903,plate,p131126
-0.0014488147511879323,0.998552234274228,0.6630838977870963,well,p131126
-0.019652798852710585,0.9805390584983441,0.5984458937301398,plate_row,p131126
0.019981083312895474,1.0201820413797567,0.4472427383514903,plate_column,p131126
-0.0020647788195495244,0.9979373513698617,0.4066612378394017,mean_date_processing,p131126
7.46530014822947e-5,1.0000746557880869,0.7725507114705191,storage_time,p131126
-0.010288643334716331,0.9897641037026399,0.8659136359942222,batch,p131126
0.12671895169377445,1.1350979555898237,4.543053922425286e-280,age,p131164
-0.24008691300695598,0.7865594958447493,1.5305378761000398e-8,sex,p131164
4.6227650986312656e-4,1.0004623833761155,6.9956949616541805e-9,date_centre,p131164
0.008907481160727022,1.0089472708251892,0.012340853210126412,centre,p131164
1.2014339419875225e-4,1.0001201506117054,0.37431457146680736,plate,p131164
-3.1980216897354896e-4,0.9996802489622894,0.6995204339744723,well,p131164
-0.004241505229411566,0.9957674772496624,0.6449552921516827,plate_row,p131164
0.003847102884482283,1.0038545124835672,0.5537387923671245,plate_column,p131164
6.755311471748562e-4,1.0006757593697277,0.27592681797896274,mean_date_processing,p131164
-3.513496982691884e-4,0.9996487120178079,3.098806015057492e-8,storage_time,p131164
0.01175680173624025,1.011826184569908,0.4227220042487526,batch,p131164
0.10512588883227898,1.110850445219082,2.5727200564977285e-285,age,p131166
-0.2061045756439312,0.8137479736148266,4.659280557374718e-8,sex,p131166
-5.097206716362813e-4,0.9994904092138759,1.9848392308995782e-10,date_centre,p131166
0.002452753851720013,1.0024557643132526,0.48351041631760816,centre,p131166
5.202833740243222e-4,1.000520418744895,1.469715945478432e-5,plate,p131166
9.601960197937291e-5,1.000096024212009,0.8970040257448112,well,p131166
6.703279555315607e-4,1.0006705526755248,0.9349329540581836,plate_row,p131166
0.0023396957538629297,1.0023424349778736,0.6923808550273574,plate_column,p131166
0.0026222417843550544,1.0026256828674696,2.46803892186079e-6,mean_date_processing,p131166
4.4249349198163823e-4,1.0004425914066686,3.3342897445519023e-12,storage_time,p131166
0.0508829499816338,1.0521997260777205,9.778692027212729e-5,batch,p131166
0.10926637782488648,1.115459444430609,5.056854413597718e-16,age,p131180
0.5284464016863651,1.6962948995165534,0.0016794349953031754,sex,p131180
6.41605461068607e-5,1.0000641626044386,0.8590248963103742,date_centre,p131180
0.0037561977877282127,1.0037632611396519,0.7990229122944633,centre,p131180
5.932521551366654e-4,1.0005934281640005,0.23746347111053592,plate,p131180
0.001507033110965173,1.0015081692560284,0.6361000647860676,well,p131180
0.012199110064835329,1.0122738227081742,0.7317109261167272,plate_row,p131180
0.027074670550032442,1.0274445197466213,0.2972283160251369,plate_column,p131180
0.0023575567005459227,1.002360337922544,0.3192116866453883,mean_date_processing,p131180
-1.3940338811173657e-5,0.9999860597583549,0.9599587479163059,storage_time,p131180
0.056495096614609726,1.0581214264103624,0.29509086768719295,batch,p131180
0.10422164381624552,1.1098464182520371,1.0866249046409372e-88,age,p131182
-0.08358864204853117,0.9198095492547635,0.19951946463641426,sex,p131182
1.0257486651020265e-4,1.0001025801274916,0.44357130449846727,date_centre,p131182
4.2635647682593114e-4,1.0004264473796671,0.9427687216697255,centre,p131182
3.026421859894478e-4,1.000302687986756,0.1406018235863112,plate,p131182
-0.0010954492938137458,0.9989051504917323,0.3901468002569345,well,p131182
-0.015773855008899013,0.98434990068612,0.2664893124269711,plate_row,p131182
0.020417421663871227,1.0206272830603336,0.04563645681330027,plate_column,p131182
0.0019575351360468034,1.0019594523587574,0.040469663694172354,mean_date_processing,p131182
-5.3181597527666646e-5,0.9999468198165884,0.615818842387502,storage_time,p131182
0.032667725944829334,1.0332071742612043,0.14135284243862248,batch,p131182
0.05515194852899523,1.0567011666652284,4.93386282428657e-25,age,p131190
-0.3439505063712389,0.708964016383011,1.472899720493244e-4,sex,p131190
5.318053922303981e-4,1.0005319468257885,0.0025078390291925503,date_centre,p131190
0.018041411663683,1.0182051410855957,0.023818864812048618,centre,p131190
-3.474227441523121e-5,0.9999652583290906,0.9032699016691419,plate,p131190
-8.422655109903914e-4,0.9991580890950407,0.6226643381992387,well,p131190
-0.006343833645502672,0.9936762459841109,0.7376746440539762,plate_row,p131190
-0.01787643710054579,0.9822823985212129,0.1993573459748144,plate_column,p131190
-0.001029422528010447,0.9989711071455919,0.42714967129736814,mean_date_processing,p131190
-4.3360634111995125e-4,0.9995664876525236,0.0019165399763966396,storage_time,p131190
-0.00694203744239979,0.9930820028378505,0.8220743909220155,batch,p131190
0.10973641033851561,1.115983869875976,2.893078190463784e-52,age,p131282
0.4653614902730848,1.5925897905619322,2.2507556704695208e-8,sex,p131282
9.903713531444309e-5,1.0000990420396534,0.5674508763025824,date_centre,p131282
-0.00665658854650516,0.9933655174616365,0.37048034561924886,centre,p131282
6.232306608891467e-4,1.0006234249094692,0.017964532272757464,plate,p131282
0.0010534655454099203,1.001054020635143,0.5103385207882303,well,p131282
0.015039005098839146,1.0151526599733427,0.3985647885449351,plate_row,p131282
-0.018880367719112928,0.9812967499894124,0.1555818302188185,plate_column,p131282
0.0025266231050471957,1.0025298177071567,0.041483140532788634,mean_date_processing,p131282
-3.1024904996887495e-5,0.9999689755762705,0.8232483158062451,storage_time,p131282
0.05602452362479879,1.057623620183422,0.049203275766740315,batch,p131282
0.08358341157286103,1.0871758945623167,4.056962893244393e-20,age,p131304
0.7823849063614671,2.1866810813817374,1.9743157744188214e-10,sex,p131304
8.1969270681595e-5,1.0000819726302541,0.7428606667231367,date_centre,p131304
0.018106718840321237,1.018271639359982,0.10053488146811469,centre,p131304
-1.6703258858989488e-4,0.9998329813605763,0.6662535799455533,plate,p131304
9.265088696495337e-4,1.0009269382115784,0.6736259131170491,well,p131304
0.004348381813188129,1.0043578497438028,0.8593128104982337,plate_row,p131304
0.0350287856038654,1.035649520167383,0.06808294977928482,plate_column,p131304
-0.0012946411363400127,0.9987061965499558,0.45393823818328183,mean_date_processing,p131304
-8.234035868892138e-5,0.9999176630311853,0.6762556566137712,storage_time,p131304
-0.016376903810252752,0.9837564686106338,0.6929474786372434,batch,p131304
0.07541787980149735,1.0783346710247177,1.797662656351696e-152,age,p131306
0.826443672267332,2.2851774323883984,5.466743550346768e-92,sex,p131306
-1.3891475574123196e-4,0.9998610948924667,0.08759303254794303,date_centre,p131306
0.008229689142226087,1.008263646121791,0.021644506093290918,centre,p131306
-6.307979639116067e-5,0.9999369221930974,0.6142542865533897,plate,p131306
8.669711632035156e-4,1.0008673470913343,0.2524345845416504,well,p131306
0.010007879661091453,1.0100581259685266,0.23396436909654392,plate_row,p131306
-0.0017904215831067649,0.9982111802654785,0.7707548065244892,plate_column,p131306
-3.482966061809141e-4,0.9996517640420406,0.543154436124853,mean_date_processing,p131306
1.0301057316316885e-4,1.0001030158789344,0.10938721100521616,storage_time,p131306
-0.011708009313599551,0.9883602627244681,0.38968095469145136,batch,p131306
0.12127456809389005,1.1289348393043266,5.661843319219149e-18,age,p131310
0.1466292419200131,1.1579245735433066,0.3122427195080216,sex,p131310
-2.15987566700754e-5,0.9999784014765813,0.947036958120492,date_centre,p131310
0.027715598743887758,1.0281032489834692,0.03443708801322082,centre,p131310
6.37288836482246e-4,1.0006374919481575,0.17770439145802744,plate,p131310
-1.5243938222541566e-4,0.9998475722360668,0.9557336513980442,well,p131310
-0.0012823551437801692,0.9987184667222316,0.9665795669224024,plate_row,p131310
-0.002456257473913378,0.9975467566581425,0.9183451253326278,plate_column,p131310
0.0026645742459799975,1.0026681273790976,0.2159026327921157,mean_date_processing,p131310
4.8672842333057774e-5,1.000048674026875,0.8506222282253452,storage_time,p131310
0.06522541270462895,1.067399602699834,0.20070612269644017,batch,p131310
0.0898785645877618,1.0940414202673345,2.3342879528458527e-35,age,p131322
0.22099301937235327,1.2473147234940316,0.017577761392824114,sex,p131322
-2.3372660778477294e-4,0.999766300704151,0.22723198170271572,date_centre,p131322
0.011104106088394797,1.0111659855008304,0.2032031596534457,centre,p131322
1.0997782939795454e-4,1.0001099838771812,0.7100799695505167,plate,p131322
7.003038042726331e-4,1.000700549074233,0.6910401757159268,well,p131322
0.01242290761887328,1.0125003924656462,0.5235537904003621,plate_row,p131322
-0.026659430058550204,0.973692795560837,0.07551919909353645,plate_column,p131322
7.577968000697248e-4,1.0007580840006067,0.5794496591999838,mean_date_processing,p131322
1.9769525146805735e-4,1.000197714794462,0.2008124262848151,storage_time,p131322
0.014690629033249084,1.0147990666789843,0.6489471704485564,batch,p131322
0.11737562734615459,1.124541759002926,1.489243741207669e-57,age,p131324
0.6108196809347181,1.8419405837514498,5.750962506195922e-12,sex,p131324
-3.051295581054402e-4,0.9996949169891838,0.09986483142903971,date_centre,p131324
0.004748928439759472,1.004760222471528,0.5634906225092212,centre,p131324
4.5527590601646427e-4,1.0004553795598214,0.0961983611225797,plate,p131324
0.0013031607883960883,1.0013040102713806,0.4353947730179173,well,p131324
0.019789586590696,1.0199866985671369,0.28888628411119477,plate_row,p131324
-0.03024054045076614,0.9702121302150214,0.028628185315286818,plate_column,p131324
0.0018590156325215372,1.0018607446733545,0.1386673717021113,mean_date_processing,p131324
2.6668439318921073e-4,1.0002667199566333,0.0686513612766659,storage_time,p131324
0.03877965756111102,1.0395414033248913,0.1861702810050701,batch,p131324
0.10340178306740062,1.1089368716381978,1.6620777978906734e-65,age,p131342
0.7344469124643735,2.0843288573309415,2.180821812374596e-25,sex,p131342
8.378474644530029e-5,1.0000837882564853,0.555336277620736,date_centre,p131342
-8.566760249747827e-4,0.9991436908171687,0.8920744973282393,centre,p131342
-2.381996229438386e-4,0.999761828744334,0.268238533381685,plate,p131342
3.774050920496962e-4,1.0003774763183115,0.7766388980090315,well,p131342
0.005219736891969144,1.005233383452066,0.7223874530593841,plate_row,p131342
-0.005786608888046377,0.9942301012858815,0.5852625670738145,plate_column,p131342
-5.882551523549037e-4,0.9994119178357852,0.546935153599661,mean_date_processing,p131342
-7.74870280889067e-5,0.9999225159739533,0.48737246335226164,storage_time,p131342
-0.014808136958816068,0.9853009643085491,0.518902390441756,batch,p131342
0.09963924771708087,1.1047722970499816,4.380516562088105e-40,age,p131344
0.9672446588318467,2.6306860267072465,3.362575999133603e-25,sex,p131344
1.8817871019996592e-4,1.0001881964169241,0.2713752124115148,date_centre,p131344
0.012940083821826954,1.013024169004817,0.12276138885116468,centre,p131344
1.7342095786162856e-4,1.0001734359961452,0.5404271941216311,plate,p131344
-9.366133614982886e-4,0.9990638251238884,0.5911015428582097,well,p131344
-0.007031598307548766,0.9929930655372228,0.7159354975572791,plate_row,p131344
-0.020004920464235482,0.9801938502861054,0.1451794939958358,plate_column,p131344
8.342589078595103e-4,1.0008346069986147,0.5181523252275226,mean_date_processing,p131344
-1.4100698875669566e-4,0.9998590029522615,0.2981879846752816,storage_time,p131344
0.024332010169413745,1.0246304491529878,0.42403056326121463,batch,p131344
0.08340569072002907,1.0869826979032027,5.081903553479011e-13,age,p131346
0.9766320719049358,2.655497639326925,7.785373919306505e-12,sex,p131346
-2.604809685129676e-4,0.9997395529537091,0.34524401407888067,date_centre,p131346
0.003154742718846617,1.0031597241566652,0.7984936031923615,centre,p131346
-2.9037940531859185e-4,0.9997096627507004,0.4911876406554685,plate,p131346
-6.54889829565788e-4,0.9993453245639747,0.7972873746960373,well,p131346
-0.0030039847475054715,0.9970005227001119,0.9154890268539269,plate_row,p131346
-0.02511944536360613,0.9751934227384531,0.24317081971903276,plate_column,p131346
-6.883125469967263e-4,0.999311924285743,0.717056604609803,mean_date_processing,p131346
1.9526356898768554e-4,1.0001952826341594,0.36653576780833463,storage_time,p131346
-0.027420480250442924,0.9729520483805759,0.5558230415303711,batch,p131346
0.1050212460143264,1.1107342087799306,1.8166137899157853e-208,age,p131350
0.6246048525676161,1.8675078706752288,5.7519851865458736e-49,sex,p131350
-1.303687926192513e-4,0.9998696397050225,0.14149878863740747,date_centre,p131350
0.005908386742637025,1.0059258756864362,0.11855851005229676,centre,p131350
4.340084415862128e-4,1.0004341026368766,0.0011408787354310916,plate,p131350
6.962635188529464e-4,1.0006965059665627,0.3847210017076812,well,p131350
0.008935855363767453,1.008975899306062,0.31661537506402737,plate_row,p131350
-0.006653919157813904,0.9933681691438543,0.3153334504897381,plate_column,p131350
0.0019220009062935776,1.0019238491339442,0.0016766695117564087,mean_date_processing,p131350
1.3132150578911556e-4,1.0001313301288355,0.0627897313317057,storage_time,p131350
0.04265969611434064,1.043582699169271,0.0031736120975024364,batch,p131350
0.11129888016129967,1.1177289239375077,4.322333782967714e-108,age,p131354
0.7172799847316452,2.0488527139018933,1.0433996694389103e-34,sex,p131354
-3.421560957152413e-4,0.9996579024330061,0.004110106652207579,date_centre,p131354
0.00926726081599842,1.0093103348340795,0.07873672725490542,centre,p131354
2.5041576636015256e-4,1.0002504471230056,0.17232911323693834,plate,p131354
0.0021108644745683526,1.0021130939173912,0.051156956798524986,well,p131354
0.027400243614091897,1.0277790824664161,0.023459672896747774,plate_row,p131354
-0.021914264408612123,0.9783241086517066,0.015564975752463,plate_column,p131354
0.001196337499587585,1.0011970533967505,0.15178645055284745,mean_date_processing,p131354
2.856861332043018e-4,1.000285726945374,0.0025417083452278066,storage_time,p131354
0.02002612436803697,1.0202279924901723,0.3112303705730033,batch,p131354
0.09037975988118825,1.0945898861107548,3.442474625709005e-49,age,p131366
0.478708722792816,1.613988948891159,7.003278428561284e-10,sex,p131366
-3.3041359928761747e-4,0.9996696409812741,0.038788389227847775,date_centre,p131366
0.01081239638916713,1.0108710615935041,0.1167444656926907,centre,p131366
-6.264275227695566e-5,0.9999373592097393,0.7992617855037878,plate,p131366
-5.084555021395922e-4,0.9994916737394538,0.736026260145328,well,p131366
-0.006373585470826821,0.9936466827417939,0.7054482305733519,plate_row,p131366
0.003974065715105892,1.0039819727851955,0.7442779943687189,plate_column,p131366
-4.388503654098896e-4,0.9995612459153269,0.6936260218289302,mean_date_processing,p131366
2.504538264195373e-4,1.0002504851925977,0.046645386171459,storage_time,p131366
-0.022349954256335687,0.9778979556118016,0.40167725515258007,batch,p131366
0.10504041347440157,1.11075549893757,3.448151253868598e-17,age,p131370
0.669209266580774,1.952692650668981,5.573065938394047e-6,sex,p131370
-7.323842956660618e-4,0.9992678838322506,0.017524836244307476,date_centre,p131370
-0.00500741503196807,0.9950051011706946,0.7165233810769114,centre,p131370
-9.151853197094065e-5,0.9999084856557221,0.8249264482471065,plate,p131370
-8.036610296573592e-5,0.999919637126303,0.9771592405955787,well,p131370
0.0017282696863447316,1.001729764005137,0.9552224987127017,plate_row,p131370
-0.015252286040179064,0.9848634409603744,0.49800317110993814,plate_column,p131370
-5.380869172542961e-4,0.9994620578255484,0.786199651505948,mean_date_processing,p131370
5.639589493091617e-4,1.000564118004056,0.020914818277428,storage_time,p131370
-0.03322776807286047,0.9673182102911163,0.47111328211061837,batch,p131370
0.12105755696743285,1.1286898744641618,4.1705336723464755e-76,age,p131374
0.35119293022988063,1.420761407296968,8.144572447091463e-7,sex,p131374
-2.790490468973043e-4,0.9997209898836668,0.0583942300489972,date_centre,p131374
-0.01039561577104691,0.9896582318878582,0.12288990244975247,centre,p131374
2.502422313735544e-4,1.0002502735445726,0.2820270757268646,plate,p131374
0.001751201840154195,1.0017527360895595,0.21564891642826864,well,p131374
0.019612985872632712,1.019806584088396,0.20964819675124588,plate_row,p131374
-1.345224008437108e-4,0.9998654866468888,0.9904421184788568,plate_column,p131374
9.611742180285985e-4,1.0009616362940006,0.37050878242300533,mean_date_processing,p131374
2.2774811189085623e-4,1.000227774048461,0.04942980510391455,storage_time,p131374
0.023134818728560026,1.0234045043409674,0.3591733553128364,batch,p131374
0.08928450823445351,1.0933916910178443,4.390175720070348e-18,age,p131378
0.6666540638587155,1.9477094942912958,9.422490868161982e-7,sex,p131378
1.501885617112566e-4,1.000150199840578,0.5823677207984659,date_centre,p131378
-2.505839174398447e-4,0.9997494474760877,0.9835840118487778,centre,p131378
-4.365271497732455e-4,0.9995635681143407,0.29975817185709397,plate,p131378
-0.004952640721411456,0.9950596033817585,0.05614984199941418,well,p131378
-0.05370658812202383,0.9477101351218771,0.06273590722386858,plate_row,p131378
-0.00982439144913837,0.9902237102324053,0.6316831925384189,plate_column,p131378
-9.345224194774238e-4,0.9990659141106059,0.6227133488337137,mean_date_processing,p131378
-1.3932695551229944e-4,0.9998606827500373,0.5182425944193255,storage_time,p131378
-0.020741786003470816,0.97947184525904,0.6487317401823612,batch,p131378
0.0965236534450389,1.1013356312175284,1.2561259424676596e-17,age,p131380
0.5927418364339856,1.8089414436554159,8.833316637087603e-6,sex,p131380
-5.933985616388595e-4,0.999406777464468,0.02664064443455201,date_centre,p131380
-0.017513428900303732,0.9826390398147703,0.17620188010067422,centre,p131380
3.8352938864306323e-4,1.0003836029454425,0.3548435529987564,plate,p131380
0.0030313341476233477,1.0030359332869825,0.23694756842797346,well,p131380
0.033218121590778374,1.033776003517494,0.2479979197462281,plate_row,p131380
0.004048471575885069,1.004056677707295,0.8388377206729124,plate_column,p131380
0.0017401802786434278,1.0017416952710037,0.37018570809061613,mean_date_processing,p131380
5.030172660651584e-4,1.0005031438004657,0.017814225986492422,storage_time,p131380
0.051887693886442265,1.053257448620295,0.2475961459873378,batch,p131380
0.10969240336354913,1.1159347598823504,2.954868599127168e-33,age,p131382
1.5471669078140313,4.698141043487367,3.496501456973818e-32,sex,p131382
6.610033161356318e-5,1.0000661025162887,0.7595986123735745,date_centre,p131382
0.0014712999342225122,1.0014723828269922,0.8817050851931558,centre,p131382
2.3361347461029985e-4,1.000233640764363,0.5008835474445147,plate,p131382
-0.0010860896108269374,0.9989144999710289,0.6006050400681672,well,p131382
-0.01508640687778629,0.9850268228334816,0.5164959328599159,plate_row,p131382
0.017028685939213355,1.017174500512628,0.29365330747919033,plate_column,p131382
5.956281203780506e-4,1.000595805542031,0.7026582614248534,mean_date_processing,p131382
-4.75414319670274e-5,0.999952459698109,0.7804895657149292,storage_time,p131382
0.01981095238073428,1.0200084916215924,0.5933765396300462,batch,p131382
0.09360478486427577,1.0981256642615602,1.9421092785821036e-16,age,p131390
0.6678098595782272,1.9499619500262508,2.841302657738764e-6,sex,p131390
-3.580304263112102e-4,0.9996420336589334,0.23379894851463198,date_centre,p131390
0.013404922155475488,1.0134951709328774,0.3190361215178407,centre,p131390
-3.2203021343241395e-4,0.9996780216327312,0.4594342338555683,plate,p131390
0.0029119604593774227,1.0029162043345683,0.24075931092157643,well,p131390
0.03308205769056972,1.0336353534914258,0.23470117577495825,plate_row,p131390
-0.002889341351629124,0.997114828777818,0.8973351784530955,plate_column,p131390
-0.001824071292573284,0.9981775913144088,0.36087264172782735,mean_date_processing,p131390
2.541995442323024e-4,1.0002542318556742,0.2795799184252169,storage_time,p131390
-0.020819693099482832,0.9793955404243329,0.6555300554631152,batch,p131390
0.08225508202197486,1.0857327254088762,1.4260996675823155e-80,age,p131416
0.3339149848977389,1.3964244213630044,4.763142104934646e-10,sex,p131416
9.309915918040309e-6,1.0000093099592555,0.9334186741550395,date_centre,p131416
0.014680090847654455,1.0147883725944267,0.003677469483724918,centre,p131416
2.7298545615200757e-5,1.000027298918224,0.8747162090522036,plate,p131416
1.3755790186168617e-4,1.0001375673633837,0.894664148996956,well,p131416
0.005808456818483947,1.0058253586123906,0.6139204981416856,plate_row,p131416
-0.02481333072653685,0.9754919894146103,0.0032628233670469187,plate_column,p131416
-2.286727254674219e-4,0.9997713534181475,0.7727457809403249,mean_date_processing,p131416
-1.430922672603428e-5,0.9999856908756505,0.8706396917605402,storage_time,p131416
-0.007925989028988507,0.992105338799408,0.6719249688024613,batch,p131416
0.048206420972752365,1.0493872485056444,3.0674934738503093e-7,age,p131444
0.6182998347778427,1.85577024219033,4.579069215698643e-6,sex,p131444
1.3230926835083526e-4,1.0001323180216082,0.6132984721375282,date_centre,p131444
0.020023825806792135,1.0202256474363431,0.10113263561671305,centre,p131444
-6.874581975252943e-5,0.9999312565431872,0.8763261631982284,plate,p131444
0.0020992346400464617,1.002101439575706,0.4217120835983511,well,p131444
0.021417619337958823,1.0216486227806219,0.4550904935139961,plate_row,p131444
0.011981885206615465,1.0120539555517274,0.5802958011120678,plate_column,p131444
-5.097254802454182e-4,0.9994904044077172,0.7997918670422453,mean_date_processing,p131444
-1.1703875556316504e-4,0.9998829680932048,0.5712669554019035,storage_time,p131444
-0.029012377277365643,0.9714044410499953,0.5494355186086556,batch,p131444
0.08879445800625169,1.092856005437288,6.958916274897982e-28,age,p131490
0.4163223933412922,1.5163746591679865,5.271444383581458e-5,sex,p131490
-2.36669441047921e-4,0.999763358562955,0.2771576786498186,date_centre,p131490
-0.006359552065804481,0.993660627085985,0.4919045714172448,centre,p131490
-2.890901008939366e-4,0.9997109516816228,0.37967232124535194,plate,p131490
-7.270805171650943e-4,0.9992731837418244,0.7202589756645421,well,p131490
-0.011435327841855138,0.9886298070037167,0.6081321769920043,plate_row,p131490
0.019173317599166285,1.0193583060423388,0.23728261415480723,plate_column,p131490
-0.0017392233729536235,0.9982622881995692,0.23774667686606782,mean_date_processing,p131490
1.7096586650285197e-4,1.0001709804819996,0.32007298742286816,storage_time,p131490
-0.04658922810697396,0.9544793903810901,0.1808069998038332,batch,p131490
0.08814038955289744,1.0921414365140425,1.3716647402315861e-18,age,p131518
0.7679087826316923,2.1552544323274665,2.7176845961755233e-9,sex,p131518
-1.9386736542240972e-4,0.9998061514256409,0.47800167946053373,date_centre,p131518
-0.005999276661447219,0.9940186830657108,0.5876404931651634,centre,p131518
3.8747497265626793e-4,1.0003875500507802,0.36889591086739554,plate,p131518
-9.619047421800886e-4,0.9990385577398866,0.6794357772296217,well,p131518
-0.01526189223995359,0.9848539802108509,0.5571221485851943,plate_row,p131518
0.02616423951236237,1.026509528053672,0.18620504031196716,plate_column,p131518
4.391041344671583e-4,1.0004392005548,0.8172925525384972,mean_date_processing,p131518
1.531979290560433e-4,1.000153209664458,0.4789322457797045,storage_time,p131518
0.015964199563338166,1.0160923082066164,0.729647385505996,batch,p131518
0.11218299326111525,1.1187175596897156,8.512478798506924e-25,age,p131528
0.4336532975527368,1.54288385376851,3.150504482714487e-4,sex,p131528
-6.018394918822683e-4,0.9993983415771781,0.01214544108128306,date_centre,p131528
-0.007034749520176259,0.9929899364098659,0.506049991281044,centre,p131528
-7.461893837632793e-4,0.9992540889463016,0.05740592644942939,plate,p131528
0.003480164542221239,1.0034862273459864,0.1370333068561883,well,p131528
0.0410103393411047,1.0418628776654677,0.11200993903752482,plate_row,p131528
-0.011972015963768847,0.9880993634834284,0.5380000072190273,plate_column,p131528
-0.0033023804981982935,0.9967030663627603,0.060023038661035956,mean_date_processing,p131528
4.3652881569787214e-4,1.0004366241082667,0.021482009886944646,storage_time,p131528
-0.07472282999381645,0.9280006646358054,0.07534072193372776,batch,p131528
0.07903110036480551,1.0822379795429022,2.0557244115683684e-66,age,p131534
0.46349008200827463,1.5896121918858126,5.9801314175245175e-15,sex,p131534
-8.28365293521242e-5,0.9999171669014985,0.49685141512393977,date_centre,p131534
-0.007441803955658588,0.9925858177065963,0.1735540157577282,centre,p131534
2.845144204828678e-4,1.0002845548985493,0.13454925561036746,plate,p131534
3.891843539622708e-4,1.0003892600960185,0.7388696211159911,well,p131534
0.005892903941453444,1.0059103012566657,0.6495808190797042,plate_row,p131534
-0.00892162938728274,0.9911180502581368,0.334515885738178,plate_column,p131534
6.274895813202418e-4,1.0006276864940924,0.46730672412680485,mean_date_processing,p131534
7.423497613056538e-5,1.0000742377316145,0.44302083824660904,storage_time,p131534
0.013817397247636217,1.0139132986746238,0.5020676669127521,batch,p131534
0.13188521545093454,1.1409773451804177,2.7044546251794458e-30,age,p131538
1.8796209195324267,6.5510210273201315,6.026231969911117e-22,sex,p131538
-6.11326356637947e-4,0.9993888604652476,0.02735140764046205,date_centre,p131538
9.902417034824398e-4,1.0009907321546732,0.9363954402223428,centre,p131538
-1.6974151177303066e-4,0.9998302728935023,0.7072383258046091,plate,p131538
-0.003301769887254449,0.9967036749607462,0.23148876022453868,well,p131538
-0.0323807862642866,0.9681378582828045,0.2963999054350365,plate_row,p131538
-0.026403760089935273,0.973941771393784,0.2335564256231872,plate_column,p131538
1.1750914268197694e-4,1.0001175160471518,0.9555929229301962,mean_date_processing,p131538
4.765667442916693e-4,1.000476680320264,0.025928058670762935,storage_time,p131538
-0.020951125504703686,0.9792668245716947,0.6774999552001277,batch,p131538
0.08153591624475934,1.08495218429243,1.7356763777203362e-39,age,p131546
0.4549068008255444,1.5760264918210698,8.447256830617058e-9,sex,p131546
1.5415647472416047e-4,1.0001541683574442,0.339915932550341,date_centre,p131546
0.004313356508616634,1.0043226724202687,0.5454697389997699,centre,p131546
4.4719896081988094e-5,1.0000447208960315,0.8607584544997883,plate,p131546
-0.0023142803755517895,0.9976883955066312,0.13399526900245562,well,p131546
-0.024012080378137103,0.9762739159286027,0.16236706499194853,plate_row,p131546
-0.010916342185845952,0.9891430248574875,0.3814052089018677,plate_column,p131546
5.0015657059515034e-5,1.0000500169078634,0.9651070830340247,mean_date_processing,p131546
-1.226701103251527e-4,0.9998773374133452,0.33680768797552796,storage_time,p131546
-0.010288387637843408,0.9897643567822585,0.7096393016567899,batch,p131546
0.048097912531295334,1.0492733873083864,1.2387665725425044e-35,age,p131602
-0.1792610962496364,0.8358876237791167,0.00243015645417621,sex,p131602
7.510793744795769e-5,1.0000751107581196,0.5258568516235828,date_centre,p131602
0.002060627498995685,1.0020627520508931,0.6980718954736125,centre,p131602
1.2622589372769942e-4,1.000126233860551,0.5028476486466131,plate,p131602
6.981777960980434e-4,1.0006984215789467,0.5509995740463001,well,p131602
0.008059322959498866,1.0080918867246305,0.5354026469073753,plate_row,p131602
-0.0014369048627126985,0.9985641269907952,0.8790793441265408,plate_column,p131602
7.764819867451994e-5,1.000077651213374,0.9280781996991144,mean_date_processing,p131602
-5.725932280839413e-5,0.9999427423164754,0.5443445338830124,storage_time,p131602
0.007682266754822439,1.0077118510757592,0.7053764536797554,batch,p131602
0.07408200262761512,1.0768951101042599,6.880174511412664e-15,age,p131632
-0.06912303599798975,0.9332118543626612,0.5895650306027865,sex,p131632
-2.835068972810255e-4,0.9997165332870018,0.2810099531108551,date_centre,p131632
-5.360961472258507e-4,0.9994640475266382,0.9642379095480237,centre,p131632
1.8855096908556253e-4,1.0001885687459369,0.6385470111251398,plate,p131632
0.004483621954613092,1.0044936884266578,0.08426554508570731,well,p131632
0.04852245236791664,1.049718940231596,0.09093716540891268,plate_row,p131632
0.009456086461402809,1.0095009365041432,0.6332903393683416,plate_column,p131632
0.0017203128987320433,1.0017217934858695,0.3474988929028616,mean_date_processing,p131632
2.4361668501977904e-4,1.0002436463619744,0.24870211575930104,storage_time,p131632
0.03376200828008798,1.0343384134553104,0.43435863350153237,batch,p131632
0.04762046749650965,1.04877253651336,1.1598628906417793e-113,age,p131636
0.121349854855971,1.1290198363525143,8.740643502363228e-5,sex,p131636
1.5985915693628297e-5,1.000015986043469,0.800570063249867,date_centre,p131636
0.0013667280324122597,1.0013676624308105,0.6292093836889999,centre,p131636
6.515726964453862e-5,1.0000651593924255,0.5186516935811288,plate,p131636
-6.45634548180897e-4,0.9993545738289564,0.29226198384282576,well,p131636
-0.006643359517041886,0.9933786588102583,0.3276786834961272,plate_row,p131636
-0.003352589330033193,0.9966530243223987,0.4974969821090257,plate_column,p131636
4.366891025659103e-4,1.0004367844651327,0.3436156382394489,mean_date_processing,p131636
-6.170087363804405e-6,0.9999938299316712,0.902213980502799,storage_time,p131636
0.009405936673043545,1.009450311515256,0.38888131422539013,batch,p131636
0.029969659628275285,1.0304232700541929,3.066703453107273e-29,age,p131648
0.3545377775257523,1.4255215938587376,5.792899288271378e-18,sex,p131648
-4.420419327980198e-5,0.9999557967837112,0.599344621737356,date_centre,p131648
-0.0015402806293357935,0.9984609049940637,0.6862722798325436,centre,p131648
-2.2659870774917313e-4,0.9997734269637989,0.09075694938954204,plate,p131648
-4.699136658485222e-4,0.9995301967262858,0.5590527998819572,well,p131648
-0.00520777534186356,0.9948057616108114,0.5589675306766024,plate_row,p131648
-2.814453830760239e-4,0.9997185942189605,0.9653211752276731,plate_column,p131648
-9.145364752382569e-4,0.9990858815857903,0.1295533914557884,mean_date_processing,p131648
2.2295251503796677e-5,1.0000222955000448,0.7390529935093784,storage_time,p131648
-0.0241936846993792,0.9760966364645997,0.094453715333594,batch,p131648
0.02396739390046634,1.0242569203230503,7.970730125129875e-9,age,p131670
0.1563237235798063,1.1692046409438281,0.015022234185795803,sex,p131670
-1.9851362710906516e-4,0.9998015060754173,0.12373134039610176,date_centre,p131670
0.008855307594321526,1.0088946318209495,0.13654143130172827,centre,p131670
-1.3519708359438718e-4,0.9998648120551195,0.5065934850495515,plate,p131670
-0.001592823471273648,0.998408444398778,0.20837784317251049,well,p131670
-0.01590684171581271,0.9842190039383336,0.26185067751049607,plate_row,p131670
-0.011139810827046862,0.9889220071059573,0.2803802491251628,plate_column,p131670
-2.8934386882916027e-4,0.999710697987071,0.7564178699500745,mean_date_processing,p131670
1.5026432021103835e-4,1.0001502756104594,0.1411621175427545,storage_time,p131670
-0.01258538859181198,0.9874934762164094,0.5697700917564671,batch,p131670
0.05632221145901392,1.057938508735249,7.740897289195569e-14,age,p131680
0.12832610397255254,1.136923697585509,0.22547118407435313,sex,p131680
-2.566487245505037e-4,0.9997433842069161,0.2279281840109027,date_centre,p131680
0.008208472570403734,1.008242254450657,0.39048285571576974,centre,p131680
2.762934649633598e-4,1.0002763316375183,0.4187122739532379,plate,p131680
-0.002449432750114692,0.9975535646624644,0.24348379718502117,well,p131680
-0.02430581000559888,0.9759871974658914,0.2938731563349881,plate_row,p131680
-0.01793961868418662,0.9822203383242433,0.2843423683682545,plate_column,p131680
3.1488473587336217e-4,1.000314934317276,0.8406073904094615,mean_date_processing,p131680
2.012886866785153e-4,1.0002013089466055,0.2261076315274121,storage_time,p131680
0.007102000739467298,1.0071272797551474,0.8457220413467558,batch,p131680
0.0774667414578461,1.0805462944664568,1.1703793652767362e-12,age,p131684
0.12949376954877231,1.1382520196169992,0.34591456612699617,sex,p131684
1.3162582228244985e-4,1.000131634485341,0.652607696351403,date_centre,p131684
-0.02410637375385588,0.9761818641054504,0.06927340784248684,centre,p131684
-2.0435246864830732e-4,0.9997956684098952,0.6343608391463105,plate,p131684
-0.0015599417041005851,0.998441274372541,0.5667773145971459,well,p131684
-0.020969114338385483,0.9792492088621009,0.49184298449164954,plate_row,p131684
0.02040431868956286,1.0206139098948797,0.36101709544154953,plate_column,p131684
-7.064651599790893e-4,0.9992937843277772,0.713194097838018,mean_date_processing,p131684
-1.2346366378501345e-4,0.9998765439575394,0.5955835370551743,storage_time,p131684
-0.03605289992891757,0.9645892654298689,0.4291972132983409,batch,p131684
0.07272037982821934,1.075429783007571,1.4038025611099538e-65,age,p131768
0.3663588704798582,1.4424728106887712,1.5296725281142797e-9,sex,p131768
-9.912266772510499e-5,0.9999008822447643,0.42049206910113984,date_centre,p131768
-0.028598055003145346,0.9718069989357895,8.935713722819421e-8,centre,p131768
3.222785390598959e-4,1.0003223304763675,0.10291325104095765,plate,p131768
8.247232529528405e-4,1.000825063430686,0.4885303920380023,well,p131768
0.005996985480585498,1.0060150033977349,0.6491421646613316,plate_row,p131768
0.01875042231229328,1.0189273153574665,0.050418897026280544,plate_column,p131768
0.0017682093967230467,1.0017697736007694,0.050878999937866,mean_date_processing,p131768
9.284453044546433e-5,1.0000928488406322,0.3369035394351157,storage_time,p131768
0.03558467351766188,1.0362253852619672,0.098641745345304,batch,p131768
0.12177340120952769,1.129498129869882,1.8539981975102522e-43,age,p131820
0.5254996924199399,1.6913037689344643,1.3704895329484398e-7,sex,p131820
4.977913100696282e-4,1.0004979152287248,0.0157345713116637,date_centre,p131820
0.013731218097015682,1.0138259242527219,0.14825976333081603,centre,p131820
4.103242210741285e-4,1.0004104084155727,0.1974027181695114,plate,p131820
-7.938512326809134e-4,0.9992064637838446,0.6860305140680835,well,p131820
-0.005082362148060062,0.994930531202302,0.8153175015795905,plate_row,p131820
-0.022049369817807595,0.978191940701185,0.1431431904435137,plate_column,p131820
0.00212930731225247,1.0021315758969531,0.1380653619140036,mean_date_processing,p131820
-3.5061061060701786e-4,0.9996494508461105,0.031156509339540908,storage_time,p131820
0.04065570664345117,1.0414934645294363,0.23408056394192264,batch,p131820
0.09006173609798593,1.094241835841184,1.8661508867722823e-17,age,p131834
0.510186495168987,1.6656017926702875,5.9303534948700325e-5,sex,p131834
-2.5114075074874926e-4,0.9997488907824498,0.34946875839711333,date_centre,p131834
0.018821043827648487,1.018999276089472,0.11315441300780371,centre,p131834
1.2213745264100145e-4,1.0001221449117232,0.7595588223912437,plate,p131834
-7.865349007053352e-4,0.999213774336789,0.7465307626628663,well,p131834
-0.01161114294101027,0.988456006235018,0.6689853026641458,plate_row,p131834
0.016326517591477723,1.0164605234696196,0.40580410003007317,plate_column,p131834
8.809602740225464e-4,1.0008813484335009,0.6341354930060246,mean_date_processing,p131834
2.1594893631934295e-4,1.0002159722549695,0.308920473242697,storage_time,p131834
0.04003617222060392,1.0408484233102413,0.35439930486945276,batch,p131834
0.06214359109366563,1.064115131213859,1.7159240490887313e-43,age,p131868
-0.5223123161322338,0.593147416684812,6.640226851709425e-14,sex,p131868
2.7624435804601225e-4,1.0002762825170324,0.031097643978779475,date_centre,p131868
0.015517556055761503,1.0156385785093118,0.0100632867798277,centre,p131868
2.231667755309598e-4,1.0002231916790882,0.29285358779665205,plate,p131868
2.1008780058238348e-4,1.0002101098705698,0.871489695077283,well,p131868
-3.478679502764667e-4,0.9996521925487635,0.9807058225629136,plate_row,p131868
0.015660907058355534,1.0157841817537505,0.1287803946173827,plate_column,p131868
0.0015689456887674168,1.0015701771279908,0.10708729371043416,mean_date_processing,p131868
-1.9649401110925178e-4,0.9998035252925745,0.052723517978687316,storage_time,p131868
0.02947538379896305,1.0299140825877393,0.20055855488440494,batch,p131868
0.06481330223282915,1.066959806774444,8.758712917380388e-78,age,p131870
-0.3446481247538438,0.7084696025287248,2.552134648454529e-11,sex,p131870
-2.0001507084830737e-4,0.9998000049308324,0.05256331314733721,date_centre,p131870
0.0023772579866856475,1.0023800859049063,0.6075560742602129,centre,p131870
-2.757124854738278e-5,0.999972429131536,0.864971339235834,plate,p131870
0.0014421489390385848,1.0014431893358955,0.13820000767403845,well,p131870
0.016306304945974223,1.016439978321027,0.12941833718855794,plate_row,p131870
-0.0010071902608602568,0.9989933167850057,0.8970536901909354,plate_column,p131870
4.988918741865916e-4,1.0004990163414353,0.4995886571383008,mean_date_processing,p131870
1.6309672691823353e-4,1.0001631100279125,0.04489347249183427,storage_time,p131870
-5.232598971187378e-4,0.9994768769794662,0.9761130806810943,batch,p131870
0.054197469824321824,1.0556930490943548,6.75252268778749e-81,age,p131872
-0.08106168795361562,0.9221368049575691,0.05361359958349738,sex,p131872
-2.1190654302279032e-4,0.9997881159075829,0.012455062846234483,date_centre,p131872
0.007775771528731149,1.0078060813499807,0.04148022980022738,centre,p131872
8.597070947092516e-5,1.0000859744050583,0.5269010291239273,plate,p131872
-6.001431554077775e-4,0.9994000368944753,0.463946791931899,well,p131872
-0.005546534670073214,0.9944688189537653,0.5425619839099565,plate_row,p131872
-0.0067739676120265055,0.9932489239884261,0.29946520085572015,plate_column,p131872
2.7190335950858825e-4,1.0002719403285776,0.6617338519904729,mean_date_processing,p131872
1.709854467142515e-4,1.000171000065559,0.011208687186467746,storage_time,p131872
0.010657363235958148,1.0107143552129936,0.4688320218683724,batch,p131872
0.033491216437808224,1.0340583609704657,3.2684492821865425e-4,age,p131874
-0.8624467500314257,0.4221279760951531,9.135943588346558e-7,sex,p131874
6.407833901949026e-4,1.0006409887357297,0.0674579493461059,date_centre,p131874
0.026869547100962957,1.0272337883967129,0.07876783860345296,centre,p131874
2.0476688602295815e-4,1.0002047878521927,0.6900639143992877,plate,p131874
-0.004503890711819522,0.9955062365941546,0.13623864573823136,well,p131874
-0.05193401514940596,0.9493915102330674,0.11845849512445522,plate_row,p131874
0.008896464348389145,1.0089361555036755,0.7302023785241694,plate_column,p131874
0.0016217289689122673,1.001623044682484,0.5019721730236482,mean_date_processing,p131874
-4.8036138491171085e-4,0.9995197539701469,0.08291672440535264,storage_time,p131874
0.03201423171394794,1.0325321999034647,0.5670539293397128,batch,p131874
0.09431361419183162,1.0989043238735128,3.1820884138756857e-31,age,p131900
-0.550930721044964,0.5764130808615517,1.4047937750193138e-7,sex,p131900
-4.294132400041226e-4,0.9995706789446657,0.04034436569304167,date_centre,p131900
0.0011733836354389311,1.001174072319354,0.897358535263371,centre,p131900
-1.421397368405162e-5,0.999985786127334,0.9641868401340803,plate,p131900
0.0018116222103779025,1.0018132641892932,0.34888409834540984,well,p131900
0.02050276445932725,1.0207143899627091,0.3405228593843221,plate_row,p131900
-0.0013463165243604194,0.9986545893531532,0.9339849865816187,plate_column,p131900
-0.0017717969703650246,0.9982297717352743,0.21985571632503298,mean_date_processing,p131900
3.10988500330198e-4,1.000311036862267,0.05982800670232828,storage_time,p131900
-0.020387001694890113,0.979819408151719,0.553641101592994,batch,p131900
0.07995230042199838,1.0832353965713306,1.81932551260411e-86,age,p131964
-1.4432027341038098,0.23617015591695065,1.243838152421417e-80,sex,p131964
-2.0549436284636105e-4,0.9997945267496741,0.08002939768102542,date_centre,p131964
0.0010487864536574533,1.00104933662249,0.8429403339880857,centre,p131964
9.182139292454253e-5,1.0000918256086377,0.6142626536546368,plate,p131964
-6.341056572775591e-4,0.9993660953452269,0.5669338395675744,well,p131964
-0.005830435297329012,0.9941865287053633,0.6336423824080137,plate_row,p131964
-0.0073367249064541585,0.9926901231606376,0.4254011432581588,plate_column,p131964
1.8482491906870663e-4,1.0001848420002464,0.825058606578627,mean_date_processing,p131964
1.6839695955648003e-4,1.0001684111391205,0.06871825601440826,storage_time,p131964
-0.0012605180924208676,0.9987402760268075,0.9485898586327702,batch,p131964
0.05860967146292185,1.06036127068969,1.0025314393371698e-32,age,p131972
-1.4231149662968732,0.24096225734162066,1.5937040034687317e-50,sex,p131972
2.1456586683329682e-4,1.0002145888877354,0.14993918765985054,date_centre,p131972
0.009382117804854515,1.0094262678376902,0.14809503839767982,centre,p131972
1.3290220196191599e-5,1.0000132903085115,0.9547479222103267,plate,p131972
-1.5199389434724262e-4,0.9998480176561395,0.9133738600126614,well,p131972
-0.001663597348245315,0.9983377856627924,0.9140377556603471,plate_row,p131972
-2.1309824912963803e-4,0.9997869244546895,0.9849390890058449,plate_column,p131972
-4.8759974750419533e-4,0.9995125191099337,0.6431418878871579,mean_date_processing,p131972
-1.7667923429102244e-4,0.9998233363725657,0.13456712651643743,storage_time,p131972
-0.0021072266035586794,0.9978949920397523,0.9332185268349128,batch,p131972
0.09719646598450961,1.1020768729707888,9.531663193331533e-128,age,p132030
0.6462710239078785,1.9084111245694284,2.4126055533926707e-39,sex,p132030
-2.666542284185448e-4,0.9997333813206604,0.007644719582859523,date_centre,p132030
0.0070675707227935165,1.0070926049430433,0.10596388319234858,centre,p132030
3.4611662153541644e-4,1.0003461765268045,0.025209392166761758,plate,p132030
-9.87585979694355e-4,0.9990129015228425,0.28895403101342854,well,p132030
-0.009688629505272018,0.9903581540541398,0.3513356969934943,plate_row,p132030
-0.007921271985061354,0.9921100186149089,0.30165522020110647,plate_column,p132030
0.0016448537092094363,1.0016462072230807,0.019247377623217977,mean_date_processing,p132030
2.3468608464243565e-4,1.000234713625576,0.003126857279884219,storage_time,p132030
0.03281511287201059,1.0333594667144428,0.04755907079370185,batch,p132030
0.11596931263705196,1.1229614108801027,8.088544283234789e-162,age,p132032
0.22031326241148644,1.2464671407361214,5.297311577625228e-6,sex,p132032
3.931509975339307e-5,1.000039315872602,0.6818715167500256,date_centre,p132032
0.018034655850000848,1.0181982623046082,5.11486720511877e-5,centre,p132032
2.1410207969590445e-4,1.000214125001182,0.17751351626525527,plate,p132032
-0.0010767791414165143,0.99892380037722,0.25809859199509955,well,p132032
-0.012409302449236558,0.9876673754436275,0.2415971794036201,plate_row,p132032
0.0020916016360053953,1.0020937905605607,0.7880858434361643,plate_column,p132032
0.0011298709114516416,1.0011305094560583,0.11833149664148979,mean_date_processing,p132032
-1.648513926640285e-5,0.9999835149966128,0.8287317514293797,storage_time,p132032
0.020701249266653517,1.02091700636921,0.22517621720560968,batch,p132032
