disease1,disease2,gene_id,disease_pair
p130708,p130842,ENSG00000159915,p130708-p130842
p130708,p130842,ENSG00000062370,p130708-p130842
p130708,p130842,ENSG00000267173,p130708-p130842
p130708,p130842,ENSG00000267508,p130708-p130842
p130708,p130842,ENSG00000167383,p130708-p130842
p130708,p130842,ENSG00000267242,p130708-p130842
p130708,p130842,ENSG00000167384,p130708-p130842
p130708,p130842,ENSG00000267614,p130708-p130842
p130708,p130842,ENSG00000216588,p130708-p130842
p130708,p130842,ENSG00000266903,p130708-p130842
p130708,p130842,ENSG00000073008,p130708-p130842
p130708,p130842,ENSG00000186567,p130708-p130842
p130708,p130842,ENSG00000213892,p130708-p130842
p130708,p130842,ENSG00000069399,p130708-p130842
p130708,p130842,ENSG00000142273,p130708-p130842
p130708,p130842,ENSG00000187244,p130708-p130842
p130708,p130842,ENSG00000130202,p130708-p130842
p130708,p130842,ENSG00000267282,p130708-p130842
p130708,p130842,ENSG00000130204,p130708-p130842
p130708,p130842,ENSG00000130203,p130708-p130842
p130708,p130842,ENSG00000130208,p130708-p130842
p130708,p130842,ENSG00000224916,p130708-p130842
p130708,p130842,ENSG00000267467,p130708-p130842
p130708,p130842,ENSG00000234906,p130708-p130842
p130708,p130842,ENSG00000267114,p130708-p130842
p130708,p130842,ENSG00000104853,p130708-p130842
p130708,p130842,ENSG00000104856,p130708-p130842
p130708,p130842,ENSG00000104859,p130708-p130842
p130708,p130842,ENSG00000170684,p130708-p130842
p130708,p130842,ENSG00000267348,p130708-p130842
p130708,p130842,ENSG00000142252,p130708-p130842
p130708,p130842,ENSG00000007047,p130708-p130842
p130708,p130842,ENSG00000104866,p130708-p130842
p130708,p130842,ENSG00000267044,p130708-p130842
p130708,p130842,ENSG00000267037,p130708-p130842
p130708,p130842,ENSG00000179846,p130708-p130842
p130708,p130842,ENSG00000007255,p130708-p130842
p130708,p130842,ENSG00000189114,p130708-p130842
p130708,p130842,ENSG00000267545,p130708-p130842
p130708,p130842,ENSG00000266958,p130708-p130842
p130708,p130842,ENSG00000130201,p130708-p130842
p130708,p130842,ENSG00000267045,p130708-p130842
p130708,p130842,ENSG00000104879,p130708-p130842
p130708,p130842,ENSG00000104892,p130708-p130842
p130708,p130842,ENSG00000268341,p130708-p130842
p130708,p130842,ENSG00000104884,p130708-p130842
p130708,p130842,ENSG00000104881,p130708-p130842
p130708,p130842,ENSG00000117877,p130708-p130842
p130708,p130842,ENSG00000012061,p130708-p130842
p130708,p130842,ENSG00000125740,p130708-p130842
p130708,p130842,ENSG00000125744,p130708-p130842
p130708,p130842,ENSG00000213889,p130708-p130842
p130708,p130842,ENSG00000125753,p130708-p130842
p130708,p131036,ENSG00000159915,p130708-p131036
p130708,p131036,ENSG00000062370,p130708-p131036
p130708,p131036,ENSG00000267173,p130708-p131036
p130708,p131036,ENSG00000267508,p130708-p131036
p130708,p131036,ENSG00000167383,p130708-p131036
p130708,p131036,ENSG00000267242,p130708-p131036
p130708,p131036,ENSG00000167384,p130708-p131036
p130708,p131036,ENSG00000267614,p130708-p131036
p130708,p131036,ENSG00000216588,p130708-p131036
p130708,p131036,ENSG00000266903,p130708-p131036
p130708,p131036,ENSG00000073008,p130708-p131036
p130708,p131036,ENSG00000186567,p130708-p131036
p130708,p131036,ENSG00000213892,p130708-p131036
p130708,p131036,ENSG00000069399,p130708-p131036
p130708,p131036,ENSG00000142273,p130708-p131036
p130708,p131036,ENSG00000187244,p130708-p131036
p130708,p131036,ENSG00000130202,p130708-p131036
p130708,p131036,ENSG00000267282,p130708-p131036
p130708,p131036,ENSG00000130204,p130708-p131036
p130708,p131036,ENSG00000130203,p130708-p131036
p130708,p131036,ENSG00000130208,p130708-p131036
p130708,p131036,ENSG00000224916,p130708-p131036
p130708,p131036,ENSG00000267467,p130708-p131036
p130708,p131036,ENSG00000234906,p130708-p131036
p130708,p131036,ENSG00000267114,p130708-p131036
p130708,p131036,ENSG00000104853,p130708-p131036
p130708,p131036,ENSG00000104856,p130708-p131036
p130708,p131036,ENSG00000104859,p130708-p131036
p130708,p131036,ENSG00000170684,p130708-p131036
p130708,p131036,ENSG00000267348,p130708-p131036
p130708,p131036,ENSG00000142252,p130708-p131036
p130708,p131036,ENSG00000007047,p130708-p131036
p130708,p131036,ENSG00000104866,p130708-p131036
p130708,p131036,ENSG00000267044,p130708-p131036
p130708,p131036,ENSG00000267037,p130708-p131036
p130708,p131036,ENSG00000179846,p130708-p131036
p130708,p131036,ENSG00000007255,p130708-p131036
p130708,p131036,ENSG00000189114,p130708-p131036
p130708,p131036,ENSG00000267545,p130708-p131036
p130708,p131036,ENSG00000266958,p130708-p131036
p130708,p131036,ENSG00000130201,p130708-p131036
p130708,p131036,ENSG00000267045,p130708-p131036
p130708,p131036,ENSG00000104879,p130708-p131036
p130708,p131036,ENSG00000104892,p130708-p131036
p130708,p131036,ENSG00000268341,p130708-p131036
p130708,p131036,ENSG00000104884,p130708-p131036
p130708,p131036,ENSG00000104881,p130708-p131036
p130708,p131036,ENSG00000117877,p130708-p131036
p130708,p131036,ENSG00000012061,p130708-p131036
p130708,p131036,ENSG00000125740,p130708-p131036
p130708,p131036,ENSG00000125744,p130708-p131036
p130708,p131036,ENSG00000213889,p130708-p131036
p130708,p131036,ENSG00000125753,p130708-p131036
p130842,p130846,ENSG00000159915,p130842-p130846
p130842,p130846,ENSG00000062370,p130842-p130846
p130842,p130846,ENSG00000267173,p130842-p130846
p130842,p130846,ENSG00000267508,p130842-p130846
p130842,p130846,ENSG00000167383,p130842-p130846
p130842,p130846,ENSG00000267242,p130842-p130846
p130842,p130846,ENSG00000167384,p130842-p130846
p130842,p130846,ENSG00000267614,p130842-p130846
p130842,p130846,ENSG00000216588,p130842-p130846
p130842,p130846,ENSG00000266903,p130842-p130846
p130842,p130846,ENSG00000073008,p130842-p130846
p130842,p130846,ENSG00000186567,p130842-p130846
p130842,p130846,ENSG00000213892,p130842-p130846
p130842,p130846,ENSG00000069399,p130842-p130846
p130842,p130846,ENSG00000142273,p130842-p130846
p130842,p130846,ENSG00000187244,p130842-p130846
p130842,p130846,ENSG00000130202,p130842-p130846
p130842,p130846,ENSG00000267282,p130842-p130846
p130842,p130846,ENSG00000130204,p130842-p130846
p130842,p130846,ENSG00000130203,p130842-p130846
p130842,p130846,ENSG00000130208,p130842-p130846
p130842,p130846,ENSG00000224916,p130842-p130846
p130842,p130846,ENSG00000267467,p130842-p130846
p130842,p130846,ENSG00000234906,p130842-p130846
p130842,p130846,ENSG00000267114,p130842-p130846
p130842,p130846,ENSG00000104853,p130842-p130846
p130842,p130846,ENSG00000104856,p130842-p130846
p130842,p130846,ENSG00000104859,p130842-p130846
p130842,p130846,ENSG00000170684,p130842-p130846
p130842,p130846,ENSG00000267348,p130842-p130846
p130842,p130846,ENSG00000142252,p130842-p130846
p130842,p130846,ENSG00000007047,p130842-p130846
p130842,p130846,ENSG00000104866,p130842-p130846
p130842,p130846,ENSG00000267044,p130842-p130846
p130842,p130846,ENSG00000267037,p130842-p130846
p130842,p130846,ENSG00000179846,p130842-p130846
p130842,p130846,ENSG00000007255,p130842-p130846
p130842,p130846,ENSG00000189114,p130842-p130846
p130842,p130846,ENSG00000267545,p130842-p130846
p130842,p130846,ENSG00000266958,p130842-p130846
p130842,p130846,ENSG00000130201,p130842-p130846
p130842,p130846,ENSG00000267045,p130842-p130846
p130842,p130846,ENSG00000104879,p130842-p130846
p130842,p130846,ENSG00000104892,p130842-p130846
p130842,p130846,ENSG00000268341,p130842-p130846
p130842,p130846,ENSG00000104884,p130842-p130846
p130842,p130846,ENSG00000104881,p130842-p130846
p130842,p130846,ENSG00000117877,p130842-p130846
p130842,p130846,ENSG00000012061,p130842-p130846
p130842,p130846,ENSG00000125740,p130842-p130846
p130842,p130846,ENSG00000125744,p130842-p130846
p130842,p130846,ENSG00000213889,p130842-p130846
p130842,p130846,ENSG00000125753,p130842-p130846
p130842,p131036,ENSG00000159915,p130842-p131036
p130842,p131036,ENSG00000062370,p130842-p131036
p130842,p131036,ENSG00000267173,p130842-p131036
p130842,p131036,ENSG00000267508,p130842-p131036
p130842,p131036,ENSG00000167383,p130842-p131036
p130842,p131036,ENSG00000267242,p130842-p131036
p130842,p131036,ENSG00000167384,p130842-p131036
p130842,p131036,ENSG00000267614,p130842-p131036
p130842,p131036,ENSG00000216588,p130842-p131036
p130842,p131036,ENSG00000266903,p130842-p131036
p130842,p131036,ENSG00000073008,p130842-p131036
p130842,p131036,ENSG00000186567,p130842-p131036
p130842,p131036,ENSG00000213892,p130842-p131036
p130842,p131036,ENSG00000069399,p130842-p131036
p130842,p131036,ENSG00000142273,p130842-p131036
p130842,p131036,ENSG00000187244,p130842-p131036
p130842,p131036,ENSG00000130202,p130842-p131036
p130842,p131036,ENSG00000267282,p130842-p131036
p130842,p131036,ENSG00000130204,p130842-p131036
p130842,p131036,ENSG00000130203,p130842-p131036
p130842,p131036,ENSG00000130208,p130842-p131036
p130842,p131036,ENSG00000224916,p130842-p131036
p130842,p131036,ENSG00000267467,p130842-p131036
p130842,p131036,ENSG00000234906,p130842-p131036
p130842,p131036,ENSG00000267114,p130842-p131036
p130842,p131036,ENSG00000104853,p130842-p131036
p130842,p131036,ENSG00000104856,p130842-p131036
p130842,p131036,ENSG00000104859,p130842-p131036
p130842,p131036,ENSG00000170684,p130842-p131036
p130842,p131036,ENSG00000267348,p130842-p131036
p130842,p131036,ENSG00000142252,p130842-p131036
p130842,p131036,ENSG00000007047,p130842-p131036
p130842,p131036,ENSG00000104866,p130842-p131036
p130842,p131036,ENSG00000267044,p130842-p131036
p130842,p131036,ENSG00000267037,p130842-p131036
p130842,p131036,ENSG00000179846,p130842-p131036
p130842,p131036,ENSG00000007255,p130842-p131036
p130842,p131036,ENSG00000189114,p130842-p131036
p130842,p131036,ENSG00000267545,p130842-p131036
p130842,p131036,ENSG00000266958,p130842-p131036
p130842,p131036,ENSG00000130201,p130842-p131036
p130842,p131036,ENSG00000267045,p130842-p131036
p130842,p131036,ENSG00000104879,p130842-p131036
p130842,p131036,ENSG00000104892,p130842-p131036
p130842,p131036,ENSG00000268341,p130842-p131036
p130842,p131036,ENSG00000104884,p130842-p131036
p130842,p131036,ENSG00000104881,p130842-p131036
p130842,p131036,ENSG00000117877,p130842-p131036
p130842,p131036,ENSG00000012061,p130842-p131036
p130842,p131036,ENSG00000125740,p130842-p131036
p130842,p131036,ENSG00000125744,p130842-p131036
p130842,p131036,ENSG00000213889,p130842-p131036
p130842,p131036,ENSG00000125753,p130842-p131036
p130842,p131038,ENSG00000159915,p130842-p131038
p130842,p131038,ENSG00000062370,p130842-p131038
p130842,p131038,ENSG00000267173,p130842-p131038
p130842,p131038,ENSG00000267508,p130842-p131038
p130842,p131038,ENSG00000167383,p130842-p131038
p130842,p131038,ENSG00000267242,p130842-p131038
p130842,p131038,ENSG00000167384,p130842-p131038
p130842,p131038,ENSG00000267614,p130842-p131038
p130842,p131038,ENSG00000216588,p130842-p131038
p130842,p131038,ENSG00000266903,p130842-p131038
p130842,p131038,ENSG00000073008,p130842-p131038
p130842,p131038,ENSG00000186567,p130842-p131038
p130842,p131038,ENSG00000213892,p130842-p131038
p130842,p131038,ENSG00000069399,p130842-p131038
p130842,p131038,ENSG00000142273,p130842-p131038
p130842,p131038,ENSG00000187244,p130842-p131038
p130842,p131038,ENSG00000130202,p130842-p131038
p130842,p131038,ENSG00000267282,p130842-p131038
p130842,p131038,ENSG00000130204,p130842-p131038
p130842,p131038,ENSG00000130203,p130842-p131038
p130842,p131038,ENSG00000130208,p130842-p131038
p130842,p131038,ENSG00000224916,p130842-p131038
p130842,p131038,ENSG00000267467,p130842-p131038
p130842,p131038,ENSG00000234906,p130842-p131038
p130842,p131038,ENSG00000267114,p130842-p131038
p130842,p131038,ENSG00000104853,p130842-p131038
p130842,p131038,ENSG00000104856,p130842-p131038
p130842,p131038,ENSG00000104859,p130842-p131038
p130842,p131038,ENSG00000170684,p130842-p131038
p130842,p131038,ENSG00000267348,p130842-p131038
p130842,p131038,ENSG00000142252,p130842-p131038
p130842,p131038,ENSG00000007047,p130842-p131038
p130842,p131038,ENSG00000104866,p130842-p131038
p130842,p131038,ENSG00000267044,p130842-p131038
p130842,p131038,ENSG00000267037,p130842-p131038
p130842,p131038,ENSG00000179846,p130842-p131038
p130842,p131038,ENSG00000007255,p130842-p131038
p130842,p131038,ENSG00000189114,p130842-p131038
p130842,p131038,ENSG00000267545,p130842-p131038
p130842,p131038,ENSG00000266958,p130842-p131038
p130842,p131038,ENSG00000130201,p130842-p131038
p130842,p131038,ENSG00000267045,p130842-p131038
p130842,p131038,ENSG00000104879,p130842-p131038
p130842,p131038,ENSG00000104892,p130842-p131038
p130842,p131038,ENSG00000268341,p130842-p131038
p130842,p131038,ENSG00000104884,p130842-p131038
p130842,p131038,ENSG00000104881,p130842-p131038
p130842,p131038,ENSG00000117877,p130842-p131038
p130842,p131038,ENSG00000012061,p130842-p131038
p130842,p131038,ENSG00000125740,p130842-p131038
p130842,p131038,ENSG00000125744,p130842-p131038
p130842,p131038,ENSG00000213889,p130842-p131038
p130842,p131038,ENSG00000125753,p130842-p131038
p130842,p131306,ENSG00000159915,p130842-p131306
p130842,p131306,ENSG00000062370,p130842-p131306
p130842,p131306,ENSG00000267173,p130842-p131306
p130842,p131306,ENSG00000267508,p130842-p131306
p130842,p131306,ENSG00000167383,p130842-p131306
p130842,p131306,ENSG00000267242,p130842-p131306
p130842,p131306,ENSG00000167384,p130842-p131306
p130842,p131306,ENSG00000267614,p130842-p131306
p130842,p131306,ENSG00000216588,p130842-p131306
p130842,p131306,ENSG00000266903,p130842-p131306
p130842,p131306,ENSG00000073008,p130842-p131306
p130842,p131306,ENSG00000186567,p130842-p131306
p130842,p131306,ENSG00000213892,p130842-p131306
p130842,p131306,ENSG00000069399,p130842-p131306
p130842,p131306,ENSG00000142273,p130842-p131306
p130842,p131306,ENSG00000187244,p130842-p131306
p130842,p131306,ENSG00000130202,p130842-p131306
p130842,p131306,ENSG00000267282,p130842-p131306
p130842,p131306,ENSG00000130204,p130842-p131306
p130842,p131306,ENSG00000130203,p130842-p131306
p130842,p131306,ENSG00000130208,p130842-p131306
p130842,p131306,ENSG00000224916,p130842-p131306
p130842,p131306,ENSG00000267467,p130842-p131306
p130842,p131306,ENSG00000234906,p130842-p131306
p130842,p131306,ENSG00000267114,p130842-p131306
p130842,p131306,ENSG00000104853,p130842-p131306
p130842,p131306,ENSG00000104856,p130842-p131306
p130842,p131306,ENSG00000104859,p130842-p131306
p130842,p131306,ENSG00000170684,p130842-p131306
p130842,p131306,ENSG00000267348,p130842-p131306
p130842,p131306,ENSG00000142252,p130842-p131306
p130842,p131306,ENSG00000007047,p130842-p131306
p130842,p131306,ENSG00000104866,p130842-p131306
p130842,p131306,ENSG00000267044,p130842-p131306
p130842,p131306,ENSG00000267037,p130842-p131306
p130842,p131306,ENSG00000179846,p130842-p131306
p130842,p131306,ENSG00000007255,p130842-p131306
p130842,p131306,ENSG00000189114,p130842-p131306
p130842,p131306,ENSG00000267545,p130842-p131306
p130842,p131306,ENSG00000266958,p130842-p131306
p130842,p131306,ENSG00000130201,p130842-p131306
p130842,p131306,ENSG00000267045,p130842-p131306
p130842,p131306,ENSG00000104879,p130842-p131306
p130842,p131306,ENSG00000104892,p130842-p131306
p130842,p131306,ENSG00000268341,p130842-p131306
p130842,p131306,ENSG00000104884,p130842-p131306
p130842,p131306,ENSG00000104881,p130842-p131306
p130842,p131306,ENSG00000117877,p130842-p131306
p130842,p131306,ENSG00000012061,p130842-p131306
p130842,p131306,ENSG00000125740,p130842-p131306
p130842,p131306,ENSG00000125744,p130842-p131306
p130842,p131306,ENSG00000213889,p130842-p131306
p130842,p131306,ENSG00000125753,p130842-p131306
p130842,p131820,ENSG00000159915,p130842-p131820
p130842,p131820,ENSG00000062370,p130842-p131820
p130842,p131820,ENSG00000267173,p130842-p131820
p130842,p131820,ENSG00000267508,p130842-p131820
p130842,p131820,ENSG00000167383,p130842-p131820
p130842,p131820,ENSG00000267242,p130842-p131820
p130842,p131820,ENSG00000167384,p130842-p131820
p130842,p131820,ENSG00000267614,p130842-p131820
p130842,p131820,ENSG00000216588,p130842-p131820
p130842,p131820,ENSG00000266903,p130842-p131820
p130842,p131820,ENSG00000073008,p130842-p131820
p130842,p131820,ENSG00000186567,p130842-p131820
p130842,p131820,ENSG00000213892,p130842-p131820
p130842,p131820,ENSG00000069399,p130842-p131820
p130842,p131820,ENSG00000142273,p130842-p131820
p130842,p131820,ENSG00000187244,p130842-p131820
p130842,p131820,ENSG00000130202,p130842-p131820
p130842,p131820,ENSG00000267282,p130842-p131820
p130842,p131820,ENSG00000130204,p130842-p131820
p130842,p131820,ENSG00000130203,p130842-p131820
p130842,p131820,ENSG00000130208,p130842-p131820
p130842,p131820,ENSG00000224916,p130842-p131820
p130842,p131820,ENSG00000267467,p130842-p131820
p130842,p131820,ENSG00000234906,p130842-p131820
p130842,p131820,ENSG00000267114,p130842-p131820
p130842,p131820,ENSG00000104853,p130842-p131820
p130842,p131820,ENSG00000104856,p130842-p131820
p130842,p131820,ENSG00000104859,p130842-p131820
p130842,p131820,ENSG00000170684,p130842-p131820
p130842,p131820,ENSG00000267348,p130842-p131820
p130842,p131820,ENSG00000142252,p130842-p131820
p130842,p131820,ENSG00000007047,p130842-p131820
p130842,p131820,ENSG00000104866,p130842-p131820
p130842,p131820,ENSG00000267044,p130842-p131820
p130842,p131820,ENSG00000267037,p130842-p131820
p130842,p131820,ENSG00000179846,p130842-p131820
p130842,p131820,ENSG00000007255,p130842-p131820
p130842,p131820,ENSG00000189114,p130842-p131820
p130842,p131820,ENSG00000267545,p130842-p131820
p130842,p131820,ENSG00000266958,p130842-p131820
p130842,p131820,ENSG00000130201,p130842-p131820
p130842,p131820,ENSG00000267045,p130842-p131820
p130842,p131820,ENSG00000104879,p130842-p131820
p130842,p131820,ENSG00000104892,p130842-p131820
p130842,p131820,ENSG00000268341,p130842-p131820
p130842,p131820,ENSG00000104884,p130842-p131820
p130842,p131820,ENSG00000104881,p130842-p131820
p130842,p131820,ENSG00000117877,p130842-p131820
p130842,p131820,ENSG00000012061,p130842-p131820
p130842,p131820,ENSG00000125740,p130842-p131820
p130842,p131820,ENSG00000125744,p130842-p131820
p130842,p131820,ENSG00000213889,p130842-p131820
p130842,p131820,ENSG00000125753,p130842-p131820
p130846,p131036,ENSG00000159915,p130846-p131036
p130846,p131036,ENSG00000062370,p130846-p131036
p130846,p131036,ENSG00000267173,p130846-p131036
p130846,p131036,ENSG00000267508,p130846-p131036
p130846,p131036,ENSG00000167383,p130846-p131036
p130846,p131036,ENSG00000267242,p130846-p131036
p130846,p131036,ENSG00000167384,p130846-p131036
p130846,p131036,ENSG00000267614,p130846-p131036
p130846,p131036,ENSG00000216588,p130846-p131036
p130846,p131036,ENSG00000266903,p130846-p131036
p130846,p131036,ENSG00000073008,p130846-p131036
p130846,p131036,ENSG00000186567,p130846-p131036
p130846,p131036,ENSG00000213892,p130846-p131036
p130846,p131036,ENSG00000069399,p130846-p131036
p130846,p131036,ENSG00000142273,p130846-p131036
p130846,p131036,ENSG00000187244,p130846-p131036
p130846,p131036,ENSG00000130202,p130846-p131036
p130846,p131036,ENSG00000267282,p130846-p131036
p130846,p131036,ENSG00000130204,p130846-p131036
p130846,p131036,ENSG00000130203,p130846-p131036
p130846,p131036,ENSG00000130208,p130846-p131036
p130846,p131036,ENSG00000224916,p130846-p131036
p130846,p131036,ENSG00000267467,p130846-p131036
p130846,p131036,ENSG00000234906,p130846-p131036
p130846,p131036,ENSG00000267114,p130846-p131036
p130846,p131036,ENSG00000104853,p130846-p131036
p130846,p131036,ENSG00000104856,p130846-p131036
p130846,p131036,ENSG00000104859,p130846-p131036
p130846,p131036,ENSG00000170684,p130846-p131036
p130846,p131036,ENSG00000267348,p130846-p131036
p130846,p131036,ENSG00000142252,p130846-p131036
p130846,p131036,ENSG00000007047,p130846-p131036
p130846,p131036,ENSG00000104866,p130846-p131036
p130846,p131036,ENSG00000267044,p130846-p131036
p130846,p131036,ENSG00000267037,p130846-p131036
p130846,p131036,ENSG00000179846,p130846-p131036
p130846,p131036,ENSG00000007255,p130846-p131036
p130846,p131036,ENSG00000189114,p130846-p131036
p130846,p131036,ENSG00000267545,p130846-p131036
p130846,p131036,ENSG00000266958,p130846-p131036
p130846,p131036,ENSG00000130201,p130846-p131036
p130846,p131036,ENSG00000267045,p130846-p131036
p130846,p131036,ENSG00000104879,p130846-p131036
p130846,p131036,ENSG00000104892,p130846-p131036
p130846,p131036,ENSG00000268341,p130846-p131036
p130846,p131036,ENSG00000104884,p130846-p131036
p130846,p131036,ENSG00000104881,p130846-p131036
p130846,p131036,ENSG00000117877,p130846-p131036
p130846,p131036,ENSG00000012061,p130846-p131036
p130846,p131036,ENSG00000125740,p130846-p131036
p130846,p131036,ENSG00000125744,p130846-p131036
p130846,p131036,ENSG00000213889,p130846-p131036
p130846,p131036,ENSG00000125753,p130846-p131036
p130846,p131038,ENSG00000159915,p130846-p131038
p130846,p131038,ENSG00000062370,p130846-p131038
p130846,p131038,ENSG00000267173,p130846-p131038
p130846,p131038,ENSG00000267508,p130846-p131038
p130846,p131038,ENSG00000167383,p130846-p131038
p130846,p131038,ENSG00000267242,p130846-p131038
p130846,p131038,ENSG00000167384,p130846-p131038
p130846,p131038,ENSG00000267614,p130846-p131038
p130846,p131038,ENSG00000216588,p130846-p131038
p130846,p131038,ENSG00000266903,p130846-p131038
p130846,p131038,ENSG00000073008,p130846-p131038
p130846,p131038,ENSG00000186567,p130846-p131038
p130846,p131038,ENSG00000213892,p130846-p131038
p130846,p131038,ENSG00000069399,p130846-p131038
p130846,p131038,ENSG00000142273,p130846-p131038
p130846,p131038,ENSG00000187244,p130846-p131038
p130846,p131038,ENSG00000130202,p130846-p131038
p130846,p131038,ENSG00000267282,p130846-p131038
p130846,p131038,ENSG00000130204,p130846-p131038
p130846,p131038,ENSG00000130203,p130846-p131038
p130846,p131038,ENSG00000130208,p130846-p131038
p130846,p131038,ENSG00000224916,p130846-p131038
p130846,p131038,ENSG00000267467,p130846-p131038
p130846,p131038,ENSG00000234906,p130846-p131038
p130846,p131038,ENSG00000267114,p130846-p131038
p130846,p131038,ENSG00000104853,p130846-p131038
p130846,p131038,ENSG00000104856,p130846-p131038
p130846,p131038,ENSG00000104859,p130846-p131038
p130846,p131038,ENSG00000170684,p130846-p131038
p130846,p131038,ENSG00000267348,p130846-p131038
p130846,p131038,ENSG00000142252,p130846-p131038
p130846,p131038,ENSG00000007047,p130846-p131038
p130846,p131038,ENSG00000104866,p130846-p131038
p130846,p131038,ENSG00000267044,p130846-p131038
p130846,p131038,ENSG00000267037,p130846-p131038
p130846,p131038,ENSG00000179846,p130846-p131038
p130846,p131038,ENSG00000007255,p130846-p131038
p130846,p131038,ENSG00000189114,p130846-p131038
p130846,p131038,ENSG00000267545,p130846-p131038
p130846,p131038,ENSG00000266958,p130846-p131038
p130846,p131038,ENSG00000130201,p130846-p131038
p130846,p131038,ENSG00000267045,p130846-p131038
p130846,p131038,ENSG00000104879,p130846-p131038
p130846,p131038,ENSG00000104892,p130846-p131038
p130846,p131038,ENSG00000268341,p130846-p131038
p130846,p131038,ENSG00000104884,p130846-p131038
p130846,p131038,ENSG00000104881,p130846-p131038
p130846,p131038,ENSG00000117877,p130846-p131038
p130846,p131038,ENSG00000012061,p130846-p131038
p130846,p131038,ENSG00000125740,p130846-p131038
p130846,p131038,ENSG00000125744,p130846-p131038
p130846,p131038,ENSG00000213889,p130846-p131038
p130846,p131038,ENSG00000125753,p130846-p131038
p130846,p131306,ENSG00000159915,p130846-p131306
p130846,p131306,ENSG00000062370,p130846-p131306
p130846,p131306,ENSG00000267173,p130846-p131306
p130846,p131306,ENSG00000267508,p130846-p131306
p130846,p131306,ENSG00000167383,p130846-p131306
p130846,p131306,ENSG00000267242,p130846-p131306
p130846,p131306,ENSG00000167384,p130846-p131306
p130846,p131306,ENSG00000267614,p130846-p131306
p130846,p131306,ENSG00000216588,p130846-p131306
p130846,p131306,ENSG00000266903,p130846-p131306
p130846,p131306,ENSG00000073008,p130846-p131306
p130846,p131306,ENSG00000186567,p130846-p131306
p130846,p131306,ENSG00000213892,p130846-p131306
p130846,p131306,ENSG00000069399,p130846-p131306
p130846,p131306,ENSG00000142273,p130846-p131306
p130846,p131306,ENSG00000187244,p130846-p131306
p130846,p131306,ENSG00000130202,p130846-p131306
p130846,p131306,ENSG00000267282,p130846-p131306
p130846,p131306,ENSG00000130204,p130846-p131306
p130846,p131306,ENSG00000130203,p130846-p131306
p130846,p131306,ENSG00000130208,p130846-p131306
p130846,p131306,ENSG00000224916,p130846-p131306
p130846,p131306,ENSG00000267467,p130846-p131306
p130846,p131306,ENSG00000234906,p130846-p131306
p130846,p131306,ENSG00000267114,p130846-p131306
p130846,p131306,ENSG00000104853,p130846-p131306
p130846,p131306,ENSG00000104856,p130846-p131306
p130846,p131306,ENSG00000104859,p130846-p131306
p130846,p131306,ENSG00000170684,p130846-p131306
p130846,p131306,ENSG00000267348,p130846-p131306
p130846,p131306,ENSG00000142252,p130846-p131306
p130846,p131306,ENSG00000007047,p130846-p131306
p130846,p131306,ENSG00000104866,p130846-p131306
p130846,p131306,ENSG00000267044,p130846-p131306
p130846,p131306,ENSG00000267037,p130846-p131306
p130846,p131306,ENSG00000179846,p130846-p131306
p130846,p131306,ENSG00000007255,p130846-p131306
p130846,p131306,ENSG00000189114,p130846-p131306
p130846,p131306,ENSG00000267545,p130846-p131306
p130846,p131306,ENSG00000266958,p130846-p131306
p130846,p131306,ENSG00000130201,p130846-p131306
p130846,p131306,ENSG00000267045,p130846-p131306
p130846,p131306,ENSG00000104879,p130846-p131306
p130846,p131306,ENSG00000104892,p130846-p131306
p130846,p131306,ENSG00000268341,p130846-p131306
p130846,p131306,ENSG00000104884,p130846-p131306
p130846,p131306,ENSG00000104881,p130846-p131306
p130846,p131306,ENSG00000117877,p130846-p131306
p130846,p131306,ENSG00000012061,p130846-p131306
p130846,p131306,ENSG00000125740,p130846-p131306
p130846,p131306,ENSG00000125744,p130846-p131306
p130846,p131306,ENSG00000213889,p130846-p131306
p130846,p131306,ENSG00000125753,p130846-p131306
p130846,p131820,ENSG00000159915,p130846-p131820
p130846,p131820,ENSG00000062370,p130846-p131820
p130846,p131820,ENSG00000267173,p130846-p131820
p130846,p131820,ENSG00000267508,p130846-p131820
p130846,p131820,ENSG00000167383,p130846-p131820
p130846,p131820,ENSG00000267242,p130846-p131820
p130846,p131820,ENSG00000167384,p130846-p131820
p130846,p131820,ENSG00000267614,p130846-p131820
p130846,p131820,ENSG00000216588,p130846-p131820
p130846,p131820,ENSG00000266903,p130846-p131820
p130846,p131820,ENSG00000073008,p130846-p131820
p130846,p131820,ENSG00000186567,p130846-p131820
p130846,p131820,ENSG00000213892,p130846-p131820
p130846,p131820,ENSG00000069399,p130846-p131820
p130846,p131820,ENSG00000142273,p130846-p131820
p130846,p131820,ENSG00000187244,p130846-p131820
p130846,p131820,ENSG00000130202,p130846-p131820
p130846,p131820,ENSG00000267282,p130846-p131820
p130846,p131820,ENSG00000130204,p130846-p131820
p130846,p131820,ENSG00000130203,p130846-p131820
p130846,p131820,ENSG00000130208,p130846-p131820
p130846,p131820,ENSG00000224916,p130846-p131820
p130846,p131820,ENSG00000267467,p130846-p131820
p130846,p131820,ENSG00000234906,p130846-p131820
p130846,p131820,ENSG00000267114,p130846-p131820
p130846,p131820,ENSG00000104853,p130846-p131820
p130846,p131820,ENSG00000104856,p130846-p131820
p130846,p131820,ENSG00000104859,p130846-p131820
p130846,p131820,ENSG00000170684,p130846-p131820
p130846,p131820,ENSG00000267348,p130846-p131820
p130846,p131820,ENSG00000142252,p130846-p131820
p130846,p131820,ENSG00000007047,p130846-p131820
p130846,p131820,ENSG00000104866,p130846-p131820
p130846,p131820,ENSG00000267044,p130846-p131820
p130846,p131820,ENSG00000267037,p130846-p131820
p130846,p131820,ENSG00000179846,p130846-p131820
p130846,p131820,ENSG00000007255,p130846-p131820
p130846,p131820,ENSG00000189114,p130846-p131820
p130846,p131820,ENSG00000267545,p130846-p131820
p130846,p131820,ENSG00000266958,p130846-p131820
p130846,p131820,ENSG00000130201,p130846-p131820
p130846,p131820,ENSG00000267045,p130846-p131820
p130846,p131820,ENSG00000104879,p130846-p131820
p130846,p131820,ENSG00000104892,p130846-p131820
p130846,p131820,ENSG00000268341,p130846-p131820
p130846,p131820,ENSG00000104884,p130846-p131820
p130846,p131820,ENSG00000104881,p130846-p131820
p130846,p131820,ENSG00000117877,p130846-p131820
p130846,p131820,ENSG00000012061,p130846-p131820
p130846,p131820,ENSG00000125740,p130846-p131820
p130846,p131820,ENSG00000125744,p130846-p131820
p130846,p131820,ENSG00000213889,p130846-p131820
p130846,p131820,ENSG00000125753,p130846-p131820
p131036,p131038,ENSG00000159915,p131036-p131038
p131036,p131038,ENSG00000062370,p131036-p131038
p131036,p131038,ENSG00000267173,p131036-p131038
p131036,p131038,ENSG00000267508,p131036-p131038
p131036,p131038,ENSG00000167383,p131036-p131038
p131036,p131038,ENSG00000267242,p131036-p131038
p131036,p131038,ENSG00000167384,p131036-p131038
p131036,p131038,ENSG00000267614,p131036-p131038
p131036,p131038,ENSG00000216588,p131036-p131038
p131036,p131038,ENSG00000266903,p131036-p131038
p131036,p131038,ENSG00000073008,p131036-p131038
p131036,p131038,ENSG00000186567,p131036-p131038
p131036,p131038,ENSG00000213892,p131036-p131038
p131036,p131038,ENSG00000069399,p131036-p131038
p131036,p131038,ENSG00000142273,p131036-p131038
p131036,p131038,ENSG00000187244,p131036-p131038
p131036,p131038,ENSG00000130202,p131036-p131038
p131036,p131038,ENSG00000267282,p131036-p131038
p131036,p131038,ENSG00000130204,p131036-p131038
p131036,p131038,ENSG00000130203,p131036-p131038
p131036,p131038,ENSG00000130208,p131036-p131038
p131036,p131038,ENSG00000224916,p131036-p131038
p131036,p131038,ENSG00000267467,p131036-p131038
p131036,p131038,ENSG00000234906,p131036-p131038
p131036,p131038,ENSG00000267114,p131036-p131038
p131036,p131038,ENSG00000104853,p131036-p131038
p131036,p131038,ENSG00000104856,p131036-p131038
p131036,p131038,ENSG00000104859,p131036-p131038
p131036,p131038,ENSG00000170684,p131036-p131038
p131036,p131038,ENSG00000267348,p131036-p131038
p131036,p131038,ENSG00000142252,p131036-p131038
p131036,p131038,ENSG00000007047,p131036-p131038
p131036,p131038,ENSG00000104866,p131036-p131038
p131036,p131038,ENSG00000267044,p131036-p131038
p131036,p131038,ENSG00000267037,p131036-p131038
p131036,p131038,ENSG00000179846,p131036-p131038
p131036,p131038,ENSG00000007255,p131036-p131038
p131036,p131038,ENSG00000189114,p131036-p131038
p131036,p131038,ENSG00000267545,p131036-p131038
p131036,p131038,ENSG00000266958,p131036-p131038
p131036,p131038,ENSG00000130201,p131036-p131038
p131036,p131038,ENSG00000267045,p131036-p131038
p131036,p131038,ENSG00000104879,p131036-p131038
p131036,p131038,ENSG00000104892,p131036-p131038
p131036,p131038,ENSG00000268341,p131036-p131038
p131036,p131038,ENSG00000104884,p131036-p131038
p131036,p131038,ENSG00000104881,p131036-p131038
p131036,p131038,ENSG00000117877,p131036-p131038
p131036,p131038,ENSG00000012061,p131036-p131038
p131036,p131038,ENSG00000125740,p131036-p131038
p131036,p131038,ENSG00000125744,p131036-p131038
p131036,p131038,ENSG00000213889,p131036-p131038
p131036,p131038,ENSG00000125753,p131036-p131038
p131036,p131306,ENSG00000159915,p131036-p131306
p131036,p131306,ENSG00000062370,p131036-p131306
p131036,p131306,ENSG00000267173,p131036-p131306
p131036,p131306,ENSG00000267508,p131036-p131306
p131036,p131306,ENSG00000167383,p131036-p131306
p131036,p131306,ENSG00000267242,p131036-p131306
p131036,p131306,ENSG00000167384,p131036-p131306
p131036,p131306,ENSG00000267614,p131036-p131306
p131036,p131306,ENSG00000216588,p131036-p131306
p131036,p131306,ENSG00000266903,p131036-p131306
p131036,p131306,ENSG00000073008,p131036-p131306
p131036,p131306,ENSG00000186567,p131036-p131306
p131036,p131306,ENSG00000213892,p131036-p131306
p131036,p131306,ENSG00000069399,p131036-p131306
p131036,p131306,ENSG00000142273,p131036-p131306
p131036,p131306,ENSG00000187244,p131036-p131306
p131036,p131306,ENSG00000130202,p131036-p131306
p131036,p131306,ENSG00000267282,p131036-p131306
p131036,p131306,ENSG00000130204,p131036-p131306
p131036,p131306,ENSG00000130203,p131036-p131306
p131036,p131306,ENSG00000130208,p131036-p131306
p131036,p131306,ENSG00000224916,p131036-p131306
p131036,p131306,ENSG00000267467,p131036-p131306
p131036,p131306,ENSG00000234906,p131036-p131306
p131036,p131306,ENSG00000267114,p131036-p131306
p131036,p131306,ENSG00000104853,p131036-p131306
p131036,p131306,ENSG00000104856,p131036-p131306
p131036,p131306,ENSG00000104859,p131036-p131306
p131036,p131306,ENSG00000170684,p131036-p131306
p131036,p131306,ENSG00000267348,p131036-p131306
p131036,p131306,ENSG00000142252,p131036-p131306
p131036,p131306,ENSG00000007047,p131036-p131306
p131036,p131306,ENSG00000104866,p131036-p131306
p131036,p131306,ENSG00000267044,p131036-p131306
p131036,p131306,ENSG00000267037,p131036-p131306
p131036,p131306,ENSG00000179846,p131036-p131306
p131036,p131306,ENSG00000007255,p131036-p131306
p131036,p131306,ENSG00000189114,p131036-p131306
p131036,p131306,ENSG00000267545,p131036-p131306
p131036,p131306,ENSG00000266958,p131036-p131306
p131036,p131306,ENSG00000130201,p131036-p131306
p131036,p131306,ENSG00000267045,p131036-p131306
p131036,p131306,ENSG00000104879,p131036-p131306
p131036,p131306,ENSG00000104892,p131036-p131306
p131036,p131306,ENSG00000268341,p131036-p131306
p131036,p131306,ENSG00000104884,p131036-p131306
p131036,p131306,ENSG00000104881,p131036-p131306
p131036,p131306,ENSG00000117877,p131036-p131306
p131036,p131306,ENSG00000012061,p131036-p131306
p131036,p131306,ENSG00000125740,p131036-p131306
p131036,p131306,ENSG00000125744,p131036-p131306
p131036,p131306,ENSG00000213889,p131036-p131306
p131036,p131306,ENSG00000125753,p131036-p131306
p131036,p131670,ENSG00000159915,p131036-p131670
p131036,p131670,ENSG00000062370,p131036-p131670
p131036,p131670,ENSG00000267173,p131036-p131670
p131036,p131670,ENSG00000267508,p131036-p131670
p131036,p131670,ENSG00000167383,p131036-p131670
p131036,p131670,ENSG00000267242,p131036-p131670
p131036,p131670,ENSG00000167384,p131036-p131670
p131036,p131670,ENSG00000267614,p131036-p131670
p131036,p131670,ENSG00000216588,p131036-p131670
p131036,p131670,ENSG00000266903,p131036-p131670
p131036,p131670,ENSG00000073008,p131036-p131670
p131036,p131670,ENSG00000186567,p131036-p131670
p131036,p131670,ENSG00000213892,p131036-p131670
p131036,p131670,ENSG00000069399,p131036-p131670
p131036,p131670,ENSG00000142273,p131036-p131670
p131036,p131670,ENSG00000187244,p131036-p131670
p131036,p131670,ENSG00000130202,p131036-p131670
p131036,p131670,ENSG00000267282,p131036-p131670
p131036,p131670,ENSG00000130204,p131036-p131670
p131036,p131670,ENSG00000130203,p131036-p131670
p131036,p131670,ENSG00000130208,p131036-p131670
p131036,p131670,ENSG00000224916,p131036-p131670
p131036,p131670,ENSG00000267467,p131036-p131670
p131036,p131670,ENSG00000234906,p131036-p131670
p131036,p131670,ENSG00000267114,p131036-p131670
p131036,p131670,ENSG00000104853,p131036-p131670
p131036,p131670,ENSG00000104856,p131036-p131670
p131036,p131670,ENSG00000104859,p131036-p131670
p131036,p131670,ENSG00000170684,p131036-p131670
p131036,p131670,ENSG00000267348,p131036-p131670
p131036,p131670,ENSG00000142252,p131036-p131670
p131036,p131670,ENSG00000007047,p131036-p131670
p131036,p131670,ENSG00000104866,p131036-p131670
p131036,p131670,ENSG00000267044,p131036-p131670
p131036,p131670,ENSG00000267037,p131036-p131670
p131036,p131670,ENSG00000179846,p131036-p131670
p131036,p131670,ENSG00000007255,p131036-p131670
p131036,p131670,ENSG00000189114,p131036-p131670
p131036,p131670,ENSG00000267545,p131036-p131670
p131036,p131670,ENSG00000266958,p131036-p131670
p131036,p131670,ENSG00000130201,p131036-p131670
p131036,p131670,ENSG00000267045,p131036-p131670
p131036,p131670,ENSG00000104879,p131036-p131670
p131036,p131670,ENSG00000104892,p131036-p131670
p131036,p131670,ENSG00000268341,p131036-p131670
p131036,p131670,ENSG00000104884,p131036-p131670
p131036,p131670,ENSG00000104881,p131036-p131670
p131036,p131670,ENSG00000117877,p131036-p131670
p131036,p131670,ENSG00000012061,p131036-p131670
p131036,p131670,ENSG00000125740,p131036-p131670
p131036,p131670,ENSG00000125744,p131036-p131670
p131036,p131670,ENSG00000213889,p131036-p131670
p131036,p131670,ENSG00000125753,p131036-p131670
p131036,p131820,ENSG00000159915,p131036-p131820
p131036,p131820,ENSG00000062370,p131036-p131820
p131036,p131820,ENSG00000267173,p131036-p131820
p131036,p131820,ENSG00000267508,p131036-p131820
p131036,p131820,ENSG00000167383,p131036-p131820
p131036,p131820,ENSG00000267242,p131036-p131820
p131036,p131820,ENSG00000167384,p131036-p131820
p131036,p131820,ENSG00000267614,p131036-p131820
p131036,p131820,ENSG00000216588,p131036-p131820
p131036,p131820,ENSG00000266903,p131036-p131820
p131036,p131820,ENSG00000073008,p131036-p131820
p131036,p131820,ENSG00000186567,p131036-p131820
p131036,p131820,ENSG00000213892,p131036-p131820
p131036,p131820,ENSG00000069399,p131036-p131820
p131036,p131820,ENSG00000142273,p131036-p131820
p131036,p131820,ENSG00000187244,p131036-p131820
p131036,p131820,ENSG00000130202,p131036-p131820
p131036,p131820,ENSG00000267282,p131036-p131820
p131036,p131820,ENSG00000130204,p131036-p131820
p131036,p131820,ENSG00000130203,p131036-p131820
p131036,p131820,ENSG00000130208,p131036-p131820
p131036,p131820,ENSG00000224916,p131036-p131820
p131036,p131820,ENSG00000267467,p131036-p131820
p131036,p131820,ENSG00000234906,p131036-p131820
p131036,p131820,ENSG00000267114,p131036-p131820
p131036,p131820,ENSG00000104853,p131036-p131820
p131036,p131820,ENSG00000104856,p131036-p131820
p131036,p131820,ENSG00000104859,p131036-p131820
p131036,p131820,ENSG00000170684,p131036-p131820
p131036,p131820,ENSG00000267348,p131036-p131820
p131036,p131820,ENSG00000142252,p131036-p131820
p131036,p131820,ENSG00000007047,p131036-p131820
p131036,p131820,ENSG00000104866,p131036-p131820
p131036,p131820,ENSG00000267044,p131036-p131820
p131036,p131820,ENSG00000267037,p131036-p131820
p131036,p131820,ENSG00000179846,p131036-p131820
p131036,p131820,ENSG00000007255,p131036-p131820
p131036,p131820,ENSG00000189114,p131036-p131820
p131036,p131820,ENSG00000267545,p131036-p131820
p131036,p131820,ENSG00000266958,p131036-p131820
p131036,p131820,ENSG00000130201,p131036-p131820
p131036,p131820,ENSG00000267045,p131036-p131820
p131036,p131820,ENSG00000104879,p131036-p131820
p131036,p131820,ENSG00000104892,p131036-p131820
p131036,p131820,ENSG00000268341,p131036-p131820
p131036,p131820,ENSG00000104884,p131036-p131820
p131036,p131820,ENSG00000104881,p131036-p131820
p131036,p131820,ENSG00000117877,p131036-p131820
p131036,p131820,ENSG00000012061,p131036-p131820
p131036,p131820,ENSG00000125740,p131036-p131820
p131036,p131820,ENSG00000125744,p131036-p131820
p131036,p131820,ENSG00000213889,p131036-p131820
p131036,p131820,ENSG00000125753,p131036-p131820
p131056,p131350,ENSG00000138792,p131056-p131350
p131056,p131350,ENSG00000250511,p131056-p131350
p131056,p131350,ENSG00000250103,p131056-p131350
p131056,p131350,ENSG00000164093,p131056-p131350
p131056,p131350,ENSG00000249519,p131056-p131350
p131056,p131350,ENSG00000251808,p131056-p131350
p131056,p131350,ENSG00000215961,p131056-p131350
p131056,p131350,ENSG00000248656,p131056-p131350
p131056,p131350,ENSG00000250855,p131056-p131350
p131056,p131350,ENSG00000248432,p131056-p131350
p131056,p131350,ENSG00000249815,p131056-p131350
p131056,p131350,ENSG00000174749,p131056-p131350
p131056,p131350,ENSG00000260526,p131056-p131350
p131056,p131350,ENSG00000138660,p131056-p131350
p131056,p131350,ENSG00000272567,p131056-p131350
p131056,p131350,ENSG00000145365,p131056-p131350
p131056,p131350,ENSG00000073331,p131056-p131350
p131056,p131350,ENSG00000178403,p131056-p131350
p131056,p131350,ENSG00000249509,p131056-p131350
p131056,p131350,ENSG00000138658,p131056-p131350
p131056,p131350,ENSG00000174720,p131056-p131350
p131056,p131350,ENSG00000249532,p131056-p131350
p131056,p131350,ENSG00000199169,p131056-p131350
p131056,p131350,ENSG00000199145,p131056-p131350
p131056,p131350,ENSG00000207927,p131056-p131350
p131056,p131350,ENSG00000199102,p131056-p131350
p131056,p131350,ENSG00000250046,p131056-p131350
p131056,p131350,ENSG00000251126,p131056-p131350
p131322,p131350,ENSG00000138792,p131322-p131350
p131322,p131350,ENSG00000250511,p131322-p131350
p131322,p131350,ENSG00000250103,p131322-p131350
p131322,p131350,ENSG00000164093,p131322-p131350
p131322,p131350,ENSG00000249519,p131322-p131350
p131322,p131350,ENSG00000251808,p131322-p131350
p131322,p131350,ENSG00000215961,p131322-p131350
p131322,p131350,ENSG00000248656,p131322-p131350
p131322,p131350,ENSG00000250855,p131322-p131350
p131322,p131350,ENSG00000248432,p131322-p131350
p131322,p131350,ENSG00000249815,p131322-p131350
p131322,p131350,ENSG00000174749,p131322-p131350
p131322,p131350,ENSG00000260526,p131322-p131350
p131322,p131350,ENSG00000138660,p131322-p131350
p131322,p131350,ENSG00000272567,p131322-p131350
p131322,p131350,ENSG00000145365,p131322-p131350
p131322,p131350,ENSG00000073331,p131322-p131350
p131322,p131350,ENSG00000178403,p131322-p131350
p131322,p131350,ENSG00000249509,p131322-p131350
p131322,p131350,ENSG00000138658,p131322-p131350
p131322,p131350,ENSG00000174720,p131322-p131350
p131322,p131350,ENSG00000249532,p131322-p131350
p131322,p131350,ENSG00000199169,p131322-p131350
p131322,p131350,ENSG00000199145,p131322-p131350
p131322,p131350,ENSG00000207927,p131322-p131350
p131322,p131350,ENSG00000199102,p131322-p131350
p131322,p131350,ENSG00000250046,p131322-p131350
p131322,p131350,ENSG00000251126,p131322-p131350
p131350,p131354,ENSG00000138792,p131350-p131354
p131350,p131354,ENSG00000250511,p131350-p131354
p131350,p131354,ENSG00000250103,p131350-p131354
p131350,p131354,ENSG00000164093,p131350-p131354
p131350,p131354,ENSG00000249519,p131350-p131354
p131350,p131354,ENSG00000251808,p131350-p131354
p131350,p131354,ENSG00000215961,p131350-p131354
p131350,p131354,ENSG00000248656,p131350-p131354
p131350,p131354,ENSG00000250855,p131350-p131354
p131350,p131354,ENSG00000248432,p131350-p131354
p131350,p131354,ENSG00000249815,p131350-p131354
p131350,p131354,ENSG00000174749,p131350-p131354
p131350,p131354,ENSG00000260526,p131350-p131354
p131350,p131354,ENSG00000138660,p131350-p131354
p131350,p131354,ENSG00000272567,p131350-p131354
p131350,p131354,ENSG00000145365,p131350-p131354
p131350,p131354,ENSG00000073331,p131350-p131354
p131350,p131354,ENSG00000178403,p131350-p131354
p131350,p131354,ENSG00000249509,p131350-p131354
p131350,p131354,ENSG00000138658,p131350-p131354
p131350,p131354,ENSG00000174720,p131350-p131354
p131350,p131354,ENSG00000249532,p131350-p131354
p131350,p131354,ENSG00000199169,p131350-p131354
p131350,p131354,ENSG00000199145,p131350-p131354
p131350,p131354,ENSG00000207927,p131350-p131354
p131350,p131354,ENSG00000199102,p131350-p131354
p131350,p131354,ENSG00000250046,p131350-p131354
p131350,p131354,ENSG00000251126,p131350-p131354
p131306,p131870,ENSG00000256481,p131306-p131870
p131306,p131870,ENSG00000126500,p131306-p131870
p131306,p131870,ENSG00000256341,p131306-p131870
p131306,p131870,ENSG00000168439,p131306-p131870
p131306,p131870,ENSG00000149781,p131306-p131870
p131306,p131870,ENSG00000149743,p131306-p131870
p131306,p131870,ENSG00000149761,p131306-p131870
p131306,p131870,ENSG00000256116,p131306-p131870
p131306,p131870,ENSG00000110011,p131306-p131870
p131306,p131870,ENSG00000173511,p131306-p131870
p131306,p131870,ENSG00000173486,p131306-p131870
p131306,p131870,ENSG00000173457,p131306-p131870
p131306,p131870,ENSG00000256940,p131306-p131870
p131306,p131870,ENSG00000257086,p131306-p131870
p131306,p131870,ENSG00000149782,p131306-p131870
p131306,p131870,ENSG00000002330,p131306-p131870
p131306,p131870,ENSG00000173264,p131306-p131870
p131306,p131870,ENSG00000182450,p131306-p131870
p131306,p131870,ENSG00000219435,p131306-p131870
p131306,p131870,ENSG00000173153,p131306-p131870
p131306,p131870,ENSG00000173113,p131306-p131870
p131306,p131870,ENSG00000126432,p131306-p131870
p131306,p131870,ENSG00000236935,p131306-p131870
p131306,p131870,ENSG00000168071,p131306-p131870
p131306,p131870,ENSG00000162302,p131306-p131870
p131306,p131870,ENSG00000221273,p131306-p131870
p131306,p131870,ENSG00000231680,p131306-p131870
p131306,p131870,ENSG00000231492,p131306-p131870
p131306,p131870,ENSG00000181908,p131306-p131870
p131306,p131870,ENSG00000232500,p131306-p131870
p131306,p131870,ENSG00000168065,p131306-p131870
p131306,p131870,ENSG00000197891,p131306-p131870
p131306,p131870,ENSG00000110076,p131306-p131870
p131306,p131870,ENSG00000237410,p131306-p131870
p131306,p131870,ENSG00000068831,p131306-p131870
p131306,p131870,ENSG00000068976,p131306-p131870
p131306,p131870,ENSG00000168066,p131306-p131870
p131306,p131870,ENSG00000269038,p131306-p131870
p131306,p131870,ENSG00000269290,p131306-p131870
p131306,p131870,ENSG00000168067,p131306-p131870
p131306,p131870,ENSG00000133895,p131306-p131870
p131306,p131870,ENSG00000171219,p131306-p131870
p131306,p131870,ENSG00000110047,p131306-p131870
p131306,p131870,ENSG00000267804,p131306-p131870
p131306,p131870,ENSG00000207648,p131306-p131870
p131306,p131870,ENSG00000229719,p131306-p131870
p131306,p131870,ENSG00000110046,p131306-p131870
p131306,p131870,ENSG00000068971,p131306-p131870
p131306,p131870,ENSG00000149735,p131306-p131870
p131306,p131870,ENSG00000168070,p131306-p131870
p131306,p131870,ENSG00000168062,p131306-p131870
p131306,p131870,ENSG00000213465,p131306-p131870
p131306,p131870,ENSG00000273003,p131306-p131870
p131306,p131870,ENSG00000110025,p131306-p131870
p131306,p131870,ENSG00000168061,p131306-p131870
p131306,p131870,ENSG00000168060,p131306-p131870
p131306,p131870,ENSG00000146670,p131306-p131870
p131306,p131870,ENSG00000162300,p131306-p131870
p131306,p131870,ENSG00000187066,p131306-p131870
p131306,p131870,ENSG00000149823,p131306-p131870
p131306,p131870,ENSG00000254501,p131306-p131870
p131306,p131870,ENSG00000149809,p131306-p131870
p131306,p131870,ENSG00000174276,p131306-p131870
p131306,p131870,ENSG00000255173,p131306-p131870
p131306,p131870,ENSG00000149806,p131306-p131870
p131306,p131870,ENSG00000162298,p131306-p131870
p131306,p131870,ENSG00000149792,p131306-p131870
p131306,p131870,ENSG00000204710,p131306-p131870
p131306,p131870,ENSG00000254614,p131306-p131870
p131306,p131870,ENSG00000014216,p131306-p131870
p131306,p131870,ENSG00000014138,p131306-p131870
p131306,p131870,ENSG00000149798,p131306-p131870
p131306,p131870,ENSG00000133884,p131306-p131870
p131306,p131870,ENSG00000173825,p131306-p131870
p131306,p131870,ENSG00000255478,p131306-p131870
p131306,p131870,ENSG00000162241,p131306-p131870
p131306,p131870,ENSG00000126391,p131306-p131870
p131306,p131870,ENSG00000245532,p131306-p131870
p131306,p131870,ENSG00000173727,p131306-p131870
p131306,p131870,ENSG00000251562,p131306-p131870
p131306,p131870,ENSG00000270117,p131306-p131870
p131306,p131870,ENSG00000142186,p131306-p131870
p131306,p131870,ENSG00000168056,p131306-p131870
p131306,p131870,ENSG00000260233,p131306-p131870
p131306,p131870,ENSG00000173465,p131306-p131870
p131306,p131870,ENSG00000176973,p131306-p131870
p131306,p131870,ENSG00000173442,p131306-p131870
p131306,p131870,ENSG00000269018,p131306-p131870
p131306,p131870,ENSG00000173338,p131306-p131870
p131306,p131870,ENSG00000173327,p131306-p131870
p131306,p131870,ENSG00000197136,p131306-p131870
p131306,p131870,ENSG00000266041,p131306-p131870
p131306,p131870,ENSG00000213445,p131306-p131870
p131306,p131870,ENSG00000265874,p131306-p131870
p131306,p131870,ENSG00000173039,p131306-p131870
p131306,p131870,ENSG00000172977,p131306-p131870
p131306,p131870,ENSG00000172922,p131306-p131870
p131306,p131870,ENSG00000255557,p131306-p131870
p131306,p131870,ENSG00000254470,p131306-p131870
p131306,p131870,ENSG00000172818,p131306-p131870
p131306,p131870,ENSG00000255120,p131306-p131870
p131306,p131870,ENSG00000255404,p131306-p131870
p131306,p131870,ENSG00000172757,p131306-p131870
p131306,p131870,ENSG00000172803,p131306-p131870
p131306,p131870,ENSG00000172732,p131306-p131870
p131306,p131870,ENSG00000172638,p131306-p131870
p131306,p131870,ENSG00000172543,p131306-p131870
p131306,p131870,ENSG00000172500,p131306-p131870
p131306,p131870,ENSG00000175602,p131306-p131870
p131306,p131870,ENSG00000175592,p131306-p131870
p131306,p131870,ENSG00000175573,p131306-p131870
p131306,p131870,ENSG00000175550,p131306-p131870
p131306,p131870,ENSG00000175467,p131306-p131870
p131306,p131870,ENSG00000175376,p131306-p131870
p131306,p131870,ENSG00000175334,p131306-p131870
p131306,p131870,ENSG00000175315,p131306-p131870
p131306,p131870,ENSG00000175294,p131306-p131870
p131306,p131870,ENSG00000175229,p131306-p131870
p131306,p131870,ENSG00000087365,p131306-p131870
p131306,p131870,ENSG00000255038,p131306-p131870
p131164,p131166,ENSG00000228740,p131164-p131166
p131164,p131166,ENSG00000258970,p131164-p131166
p131164,p131166,ENSG00000259168,p131164-p131166
p131164,p131166,ENSG00000258594,p131164-p131166
p131164,p131166,ENSG00000258853,p131164-p131166
p131164,p131166,ENSG00000104044,p131164-p131166
p131164,p131166,ENSG00000232394,p131164-p131166
p131164,p131166,ENSG00000128731,p131164-p131166
p131164,p131166,ENSG00000153684,p131164-p131166
p131164,p131166,ENSG00000221050,p131164-p131166
p131164,p131166,ENSG00000266039,p131164-p131166
p131164,p131166,ENSG00000263964,p131164-p131166
p131164,p131166,ENSG00000183629,p131164-p131166
p131164,p131166,ENSG00000238607,p131164-p131166
p131164,p131166,ENSG00000188626,p131164-p131166
p131164,p131166,ENSG00000238340,p131164-p131166
p131164,p131166,ENSG00000261480,p131164-p131166
p131164,p131166,ENSG00000259277,p131164-p131166
p130708,p131306,ENSG00000264941,p130708-p131306
p130708,p131306,ENSG00000252324,p130708-p131306
p130708,p131306,ENSG00000188352,p130708-p131306
p130708,p131306,ENSG00000227071,p130708-p131306
p130708,p131306,ENSG00000207609,p130708-p131306
p130708,p131306,ENSG00000188921,p130708-p131306
p130708,p131306,ENSG00000171855,p130708-p131306
p130708,p131306,ENSG00000177047,p130708-p131306
p130708,p131306,ENSG00000137080,p130708-p131306
p130708,p131306,ENSG00000236637,p130708-p131306
p130708,p131306,ENSG00000214042,p130708-p131306
p130708,p131306,ENSG00000186803,p130708-p131306
p130708,p131306,ENSG00000147885,p130708-p131306
p130708,p131306,ENSG00000234829,p130708-p131306
p130708,p131306,ENSG00000228083,p130708-p131306
p130708,p131306,ENSG00000147873,p130708-p131306
p130708,p131306,ENSG00000198642,p130708-p131306
p130708,p131306,ENSG00000120235,p130708-p131306
p130708,p131306,ENSG00000233816,p130708-p131306
p130708,p131306,ENSG00000188379,p130708-p131306
p130708,p131306,ENSG00000261696,p130708-p131306
p130708,p131306,ENSG00000120242,p130708-p131306
p130708,p131306,ENSG00000197919,p130708-p131306
p130708,p131306,ENSG00000184995,p130708-p131306
p130708,p131306,ENSG00000199177,p130708-p131306
p130708,p131306,ENSG00000099810,p130708-p131306
p130708,p131306,ENSG00000264545,p130708-p131306
p130708,p131306,ENSG00000266732,p130708-p131306
p130708,p131306,ENSG00000265194,p130708-p131306
p130708,p131306,ENSG00000224854,p130708-p131306
p130708,p131306,ENSG00000147889,p130708-p131306
p130708,p131306,ENSG00000240498,p130708-p131306
p130708,p131306,ENSG00000147883,p130708-p131306
p131304,p131306,ENSG00000264941,p131304-p131306
p131304,p131306,ENSG00000252324,p131304-p131306
p131304,p131306,ENSG00000188352,p131304-p131306
p131304,p131306,ENSG00000227071,p131304-p131306
p131304,p131306,ENSG00000207609,p131304-p131306
p131304,p131306,ENSG00000188921,p131304-p131306
p131304,p131306,ENSG00000171855,p131304-p131306
p131304,p131306,ENSG00000177047,p131304-p131306
p131304,p131306,ENSG00000137080,p131304-p131306
p131304,p131306,ENSG00000236637,p131304-p131306
p131304,p131306,ENSG00000214042,p131304-p131306
p131304,p131306,ENSG00000186803,p131304-p131306
p131304,p131306,ENSG00000147885,p131304-p131306
p131304,p131306,ENSG00000234829,p131304-p131306
p131304,p131306,ENSG00000228083,p131304-p131306
p131304,p131306,ENSG00000147873,p131304-p131306
p131304,p131306,ENSG00000198642,p131304-p131306
p131304,p131306,ENSG00000120235,p131304-p131306
p131304,p131306,ENSG00000233816,p131304-p131306
p131304,p131306,ENSG00000188379,p131304-p131306
p131304,p131306,ENSG00000261696,p131304-p131306
p131304,p131306,ENSG00000120242,p131304-p131306
p131304,p131306,ENSG00000197919,p131304-p131306
p131304,p131306,ENSG00000184995,p131304-p131306
p131304,p131306,ENSG00000199177,p131304-p131306
p131304,p131306,ENSG00000099810,p131304-p131306
p131304,p131306,ENSG00000264545,p131304-p131306
p131304,p131306,ENSG00000266732,p131304-p131306
p131304,p131306,ENSG00000265194,p131304-p131306
p131304,p131306,ENSG00000224854,p131304-p131306
p131304,p131306,ENSG00000147889,p131304-p131306
p131304,p131306,ENSG00000240498,p131304-p131306
p131304,p131306,ENSG00000147883,p131304-p131306
p131306,p131872,ENSG00000139437,p131306-p131872
p131306,p131872,ENSG00000139436,p131306-p131872
p131306,p131872,ENSG00000076513,p131306-p131872
p131306,p131872,ENSG00000174456,p131306-p131872
p131306,p131872,ENSG00000122970,p131306-p131872
p131306,p131872,ENSG00000174437,p131306-p131872
p131306,p131872,ENSG00000196510,p131306-p131872
p131306,p131872,ENSG00000111229,p131306-p131872
p131306,p131872,ENSG00000111231,p131306-p131872
p131306,p131872,ENSG00000204856,p131306-p131872
p131306,p131872,ENSG00000111237,p131306-p131872
p131306,p131872,ENSG00000151164,p131306-p131872
p131306,p131872,ENSG00000196850,p131306-p131872
p131306,p131872,ENSG00000204852,p131306-p131872
p131306,p131872,ENSG00000122986,p131306-p131872
p131306,p131872,ENSG00000221246,p131306-p131872
p131306,p131872,ENSG00000186298,p131306-p131872
p131306,p131872,ENSG00000257268,p131306-p131872
p131306,p131872,ENSG00000173093,p131306-p131872
p131306,p131872,ENSG00000111245,p131306-p131872
p131306,p131872,ENSG00000185847,p131306-p131872
p131306,p131872,ENSG00000258240,p131306-p131872
p131306,p131872,ENSG00000111249,p131306-p131872
p131306,p131872,ENSG00000221259,p131306-p131872
p131306,p131872,ENSG00000221386,p131306-p131872
p131306,p131872,ENSG00000198324,p131306-p131872
p131306,p131872,ENSG00000257595,p131306-p131872
p131306,p131872,ENSG00000111252,p131306-p131872
p131306,p131872,ENSG00000204842,p131306-p131872
p131306,p131872,ENSG00000266269,p131306-p131872
p131306,p131872,ENSG00000258099,p131306-p131872
p131306,p131872,ENSG00000089234,p131306-p131872
p131306,p131872,ENSG00000111271,p131306-p131872
p131306,p131872,ENSG00000257767,p131306-p131872
p131306,p131872,ENSG00000111275,p131306-p131872
p131306,p131872,ENSG00000257877,p131306-p131872
p131306,p131872,ENSG00000234608,p131306-p131872
p131306,p131872,ENSG00000089022,p131306-p131872
p131306,p131872,ENSG00000270018,p131306-p131872
p131306,p131872,ENSG00000198270,p131306-p131872
p131306,p131872,ENSG00000089248,p131306-p131872
p131306,p131872,ENSG00000111300,p131306-p131872
p131306,p131872,ENSG00000266370,p131306-p131872
p131306,p131872,ENSG00000258323,p131306-p131872
p131306,p131872,ENSG00000135148,p131306-p131872
p131306,p131872,ENSG00000173064,p131306-p131872
p131306,p131872,ENSG00000257494,p131306-p131872
p131306,p131872,ENSG00000089009,p131306-p131872
p131306,p131872,ENSG00000179295,p131306-p131872
p131306,p131872,ENSG00000221560,p131306-p131872
p131342,p131872,ENSG00000139437,p131342-p131872
p131342,p131872,ENSG00000139436,p131342-p131872
p131342,p131872,ENSG00000076513,p131342-p131872
p131342,p131872,ENSG00000174456,p131342-p131872
p131342,p131872,ENSG00000122970,p131342-p131872
p131342,p131872,ENSG00000174437,p131342-p131872
p131342,p131872,ENSG00000196510,p131342-p131872
p131342,p131872,ENSG00000111229,p131342-p131872
p131342,p131872,ENSG00000111231,p131342-p131872
p131342,p131872,ENSG00000204856,p131342-p131872
p131342,p131872,ENSG00000111237,p131342-p131872
p131342,p131872,ENSG00000151164,p131342-p131872
p131342,p131872,ENSG00000196850,p131342-p131872
p131342,p131872,ENSG00000204852,p131342-p131872
p131342,p131872,ENSG00000122986,p131342-p131872
p131342,p131872,ENSG00000221246,p131342-p131872
p131342,p131872,ENSG00000186298,p131342-p131872
p131342,p131872,ENSG00000257268,p131342-p131872
p131342,p131872,ENSG00000173093,p131342-p131872
p131342,p131872,ENSG00000111245,p131342-p131872
p131342,p131872,ENSG00000185847,p131342-p131872
p131342,p131872,ENSG00000258240,p131342-p131872
p131342,p131872,ENSG00000111249,p131342-p131872
p131342,p131872,ENSG00000221259,p131342-p131872
p131342,p131872,ENSG00000221386,p131342-p131872
p131342,p131872,ENSG00000198324,p131342-p131872
p131342,p131872,ENSG00000257595,p131342-p131872
p131342,p131872,ENSG00000111252,p131342-p131872
p131342,p131872,ENSG00000204842,p131342-p131872
p131342,p131872,ENSG00000266269,p131342-p131872
p131342,p131872,ENSG00000258099,p131342-p131872
p131342,p131872,ENSG00000089234,p131342-p131872
p131342,p131872,ENSG00000111271,p131342-p131872
p131342,p131872,ENSG00000257767,p131342-p131872
p131342,p131872,ENSG00000111275,p131342-p131872
p131342,p131872,ENSG00000257877,p131342-p131872
p131342,p131872,ENSG00000234608,p131342-p131872
p131342,p131872,ENSG00000089022,p131342-p131872
p131342,p131872,ENSG00000270018,p131342-p131872
p131342,p131872,ENSG00000198270,p131342-p131872
p131342,p131872,ENSG00000089248,p131342-p131872
p131342,p131872,ENSG00000111300,p131342-p131872
p131342,p131872,ENSG00000266370,p131342-p131872
p131342,p131872,ENSG00000258323,p131342-p131872
p131342,p131872,ENSG00000135148,p131342-p131872
p131342,p131872,ENSG00000173064,p131342-p131872
p131342,p131872,ENSG00000257494,p131342-p131872
p131342,p131872,ENSG00000089009,p131342-p131872
p131342,p131872,ENSG00000179295,p131342-p131872
p131342,p131872,ENSG00000221560,p131342-p131872
p131354,p131872,ENSG00000139437,p131354-p131872
p131354,p131872,ENSG00000139436,p131354-p131872
p131354,p131872,ENSG00000076513,p131354-p131872
p131354,p131872,ENSG00000174456,p131354-p131872
p131354,p131872,ENSG00000122970,p131354-p131872
p131354,p131872,ENSG00000174437,p131354-p131872
p131354,p131872,ENSG00000196510,p131354-p131872
p131354,p131872,ENSG00000111229,p131354-p131872
p131354,p131872,ENSG00000111231,p131354-p131872
p131354,p131872,ENSG00000204856,p131354-p131872
p131354,p131872,ENSG00000111237,p131354-p131872
p131354,p131872,ENSG00000151164,p131354-p131872
p131354,p131872,ENSG00000196850,p131354-p131872
p131354,p131872,ENSG00000204852,p131354-p131872
p131354,p131872,ENSG00000122986,p131354-p131872
p131354,p131872,ENSG00000221246,p131354-p131872
p131354,p131872,ENSG00000186298,p131354-p131872
p131354,p131872,ENSG00000257268,p131354-p131872
p131354,p131872,ENSG00000173093,p131354-p131872
p131354,p131872,ENSG00000111245,p131354-p131872
p131354,p131872,ENSG00000185847,p131354-p131872
p131354,p131872,ENSG00000258240,p131354-p131872
p131354,p131872,ENSG00000111249,p131354-p131872
p131354,p131872,ENSG00000221259,p131354-p131872
p131354,p131872,ENSG00000221386,p131354-p131872
p131354,p131872,ENSG00000198324,p131354-p131872
p131354,p131872,ENSG00000257595,p131354-p131872
p131354,p131872,ENSG00000111252,p131354-p131872
p131354,p131872,ENSG00000204842,p131354-p131872
p131354,p131872,ENSG00000266269,p131354-p131872
p131354,p131872,ENSG00000258099,p131354-p131872
p131354,p131872,ENSG00000089234,p131354-p131872
p131354,p131872,ENSG00000111271,p131354-p131872
p131354,p131872,ENSG00000257767,p131354-p131872
p131354,p131872,ENSG00000111275,p131354-p131872
p131354,p131872,ENSG00000257877,p131354-p131872
p131354,p131872,ENSG00000234608,p131354-p131872
p131354,p131872,ENSG00000089022,p131354-p131872
p131354,p131872,ENSG00000270018,p131354-p131872
p131354,p131872,ENSG00000198270,p131354-p131872
p131354,p131872,ENSG00000089248,p131354-p131872
p131354,p131872,ENSG00000111300,p131354-p131872
p131354,p131872,ENSG00000266370,p131354-p131872
p131354,p131872,ENSG00000258323,p131354-p131872
p131354,p131872,ENSG00000135148,p131354-p131872
p131354,p131872,ENSG00000173064,p131354-p131872
p131354,p131872,ENSG00000257494,p131354-p131872
p131354,p131872,ENSG00000089009,p131354-p131872
p131354,p131872,ENSG00000179295,p131354-p131872
p131354,p131872,ENSG00000221560,p131354-p131872
p131872,p131964,ENSG00000139437,p131872-p131964
p131872,p131964,ENSG00000139436,p131872-p131964
p131872,p131964,ENSG00000076513,p131872-p131964
p131872,p131964,ENSG00000174456,p131872-p131964
p131872,p131964,ENSG00000122970,p131872-p131964
p131872,p131964,ENSG00000174437,p131872-p131964
p131872,p131964,ENSG00000196510,p131872-p131964
p131872,p131964,ENSG00000111229,p131872-p131964
p131872,p131964,ENSG00000111231,p131872-p131964
p131872,p131964,ENSG00000204856,p131872-p131964
p131872,p131964,ENSG00000111237,p131872-p131964
p131872,p131964,ENSG00000151164,p131872-p131964
p131872,p131964,ENSG00000196850,p131872-p131964
p131872,p131964,ENSG00000204852,p131872-p131964
p131872,p131964,ENSG00000122986,p131872-p131964
p131872,p131964,ENSG00000221246,p131872-p131964
p131872,p131964,ENSG00000186298,p131872-p131964
p131872,p131964,ENSG00000257268,p131872-p131964
p131872,p131964,ENSG00000173093,p131872-p131964
p131872,p131964,ENSG00000111245,p131872-p131964
p131872,p131964,ENSG00000185847,p131872-p131964
p131872,p131964,ENSG00000258240,p131872-p131964
p131872,p131964,ENSG00000111249,p131872-p131964
p131872,p131964,ENSG00000221259,p131872-p131964
p131872,p131964,ENSG00000221386,p131872-p131964
p131872,p131964,ENSG00000198324,p131872-p131964
p131872,p131964,ENSG00000257595,p131872-p131964
p131872,p131964,ENSG00000111252,p131872-p131964
p131872,p131964,ENSG00000204842,p131872-p131964
p131872,p131964,ENSG00000266269,p131872-p131964
p131872,p131964,ENSG00000258099,p131872-p131964
p131872,p131964,ENSG00000089234,p131872-p131964
p131872,p131964,ENSG00000111271,p131872-p131964
p131872,p131964,ENSG00000257767,p131872-p131964
p131872,p131964,ENSG00000111275,p131872-p131964
p131872,p131964,ENSG00000257877,p131872-p131964
p131872,p131964,ENSG00000234608,p131872-p131964
p131872,p131964,ENSG00000089022,p131872-p131964
p131872,p131964,ENSG00000270018,p131872-p131964
p131872,p131964,ENSG00000198270,p131872-p131964
p131872,p131964,ENSG00000089248,p131872-p131964
p131872,p131964,ENSG00000111300,p131872-p131964
p131872,p131964,ENSG00000266370,p131872-p131964
p131872,p131964,ENSG00000258323,p131872-p131964
p131872,p131964,ENSG00000135148,p131872-p131964
p131872,p131964,ENSG00000173064,p131872-p131964
p131872,p131964,ENSG00000257494,p131872-p131964
p131872,p131964,ENSG00000089009,p131872-p131964
p131872,p131964,ENSG00000179295,p131872-p131964
p131872,p131964,ENSG00000221560,p131872-p131964
p130708,p131180,ENSG00000183638,p130708-p131180
p130708,p131180,ENSG00000263762,p130708-p131180
p130708,p131180,ENSG00000171060,p130708-p131180
p130708,p131180,ENSG00000171056,p130708-p131180
p130708,p131180,ENSG00000258724,p130708-p131180
p130708,p131180,ENSG00000248896,p130708-p131180
p130708,p131180,ENSG00000254093,p130708-p131180
p130708,p131180,ENSG00000253695,p130708-p131180
p130708,p131180,ENSG00000171044,p130708-p131180
p130708,p131180,ENSG00000207600,p130708-p131180
p130708,p131180,ENSG00000254839,p130708-p131180
p130708,p131180,ENSG00000215346,p130708-p131180
p130708,p131180,ENSG00000270076,p130708-p131180
p130708,p131180,ENSG00000236827,p130708-p131180
p130708,p131180,ENSG00000104643,p130708-p131180
p130708,p131180,ENSG00000246477,p130708-p131180
p130708,p131180,ENSG00000177710,p130708-p131180
p130708,p131180,ENSG00000255020,p130708-p131180
p130708,p131306,ENSG00000183638,p130708-p131306
p130708,p131306,ENSG00000263762,p130708-p131306
p130708,p131306,ENSG00000171060,p130708-p131306
p130708,p131306,ENSG00000171056,p130708-p131306
p130708,p131306,ENSG00000258724,p130708-p131306
p130708,p131306,ENSG00000248896,p130708-p131306
p130708,p131306,ENSG00000254093,p130708-p131306
p130708,p131306,ENSG00000253695,p130708-p131306
p130708,p131306,ENSG00000171044,p130708-p131306
p130708,p131306,ENSG00000207600,p130708-p131306
p130708,p131306,ENSG00000254839,p130708-p131306
p130708,p131306,ENSG00000215346,p130708-p131306
p130708,p131306,ENSG00000270076,p130708-p131306
p130708,p131306,ENSG00000236827,p130708-p131306
p130708,p131306,ENSG00000104643,p130708-p131306
p130708,p131306,ENSG00000246477,p130708-p131306
p130708,p131306,ENSG00000177710,p130708-p131306
p130708,p131306,ENSG00000255020,p130708-p131306
p130722,p130820,ENSG00000183638,p130722-p130820
p130722,p130820,ENSG00000263762,p130722-p130820
p130722,p130820,ENSG00000171060,p130722-p130820
p130722,p130820,ENSG00000171056,p130722-p130820
p130722,p130820,ENSG00000258724,p130722-p130820
p130722,p130820,ENSG00000248896,p130722-p130820
p130722,p130820,ENSG00000254093,p130722-p130820
p130722,p130820,ENSG00000253695,p130722-p130820
p130722,p130820,ENSG00000171044,p130722-p130820
p130722,p130820,ENSG00000207600,p130722-p130820
p130722,p130820,ENSG00000254839,p130722-p130820
p130722,p130820,ENSG00000215346,p130722-p130820
p130722,p130820,ENSG00000270076,p130722-p130820
p130722,p130820,ENSG00000236827,p130722-p130820
p130722,p130820,ENSG00000104643,p130722-p130820
p130722,p130820,ENSG00000246477,p130722-p130820
p130722,p130820,ENSG00000177710,p130722-p130820
p130722,p130820,ENSG00000255020,p130722-p130820
p130826,p131036,ENSG00000183638,p130826-p131036
p130826,p131036,ENSG00000263762,p130826-p131036
p130826,p131036,ENSG00000171060,p130826-p131036
p130826,p131036,ENSG00000171056,p130826-p131036
p130826,p131036,ENSG00000258724,p130826-p131036
p130826,p131036,ENSG00000248896,p130826-p131036
p130826,p131036,ENSG00000254093,p130826-p131036
p130826,p131036,ENSG00000253695,p130826-p131036
p130826,p131036,ENSG00000171044,p130826-p131036
p130826,p131036,ENSG00000207600,p130826-p131036
p130826,p131036,ENSG00000254839,p130826-p131036
p130826,p131036,ENSG00000215346,p130826-p131036
p130826,p131036,ENSG00000270076,p130826-p131036
p130826,p131036,ENSG00000236827,p130826-p131036
p130826,p131036,ENSG00000104643,p130826-p131036
p130826,p131036,ENSG00000246477,p130826-p131036
p130826,p131036,ENSG00000177710,p130826-p131036
p130826,p131036,ENSG00000255020,p130826-p131036
p131056,p131282,ENSG00000183638,p131056-p131282
p131056,p131282,ENSG00000263762,p131056-p131282
p131056,p131282,ENSG00000171060,p131056-p131282
p131056,p131282,ENSG00000171056,p131056-p131282
p131056,p131282,ENSG00000258724,p131056-p131282
p131056,p131282,ENSG00000248896,p131056-p131282
p131056,p131282,ENSG00000254093,p131056-p131282
p131056,p131282,ENSG00000253695,p131056-p131282
p131056,p131282,ENSG00000171044,p131056-p131282
p131056,p131282,ENSG00000207600,p131056-p131282
p131056,p131282,ENSG00000254839,p131056-p131282
p131056,p131282,ENSG00000215346,p131056-p131282
p131056,p131282,ENSG00000270076,p131056-p131282
p131056,p131282,ENSG00000236827,p131056-p131282
p131056,p131282,ENSG00000104643,p131056-p131282
p131056,p131282,ENSG00000246477,p131056-p131282
p131056,p131282,ENSG00000177710,p131056-p131282
p131056,p131282,ENSG00000255020,p131056-p131282
p131374,p131602,ENSG00000183638,p131374-p131602
p131374,p131602,ENSG00000263762,p131374-p131602
p131374,p131602,ENSG00000171060,p131374-p131602
p131374,p131602,ENSG00000171056,p131374-p131602
p131374,p131602,ENSG00000258724,p131374-p131602
p131374,p131602,ENSG00000248896,p131374-p131602
p131374,p131602,ENSG00000254093,p131374-p131602
p131374,p131602,ENSG00000253695,p131374-p131602
p131374,p131602,ENSG00000171044,p131374-p131602
p131374,p131602,ENSG00000207600,p131374-p131602
p131374,p131602,ENSG00000254839,p131374-p131602
p131374,p131602,ENSG00000215346,p131374-p131602
p131374,p131602,ENSG00000270076,p131374-p131602
p131374,p131602,ENSG00000236827,p131374-p131602
p131374,p131602,ENSG00000104643,p131374-p131602
p131374,p131602,ENSG00000246477,p131374-p131602
p131374,p131602,ENSG00000177710,p131374-p131602
p131374,p131602,ENSG00000255020,p131374-p131602
p131538,p131636,ENSG00000260902,p131538-p131636
p131538,p131636,ENSG00000154783,p131538-p131636
p131538,p131636,ENSG00000225733,p131538-p131636
p131538,p131636,ENSG00000177463,p131538-p131636
p131538,p131636,ENSG00000131368,p131538-p131636
p131538,p131636,ENSG00000131381,p131538-p131636
p131538,p131636,ENSG00000221424,p131538-p131636
p131538,p131636,ENSG00000131375,p131538-p131636
p131538,p131636,ENSG00000224660,p131538-p131636
p131538,p131636,ENSG00000131370,p131538-p131636
p131538,p131636,ENSG00000206562,p131538-p131636
p131538,p131636,ENSG00000144597,p131538-p131636
p131538,p131636,ENSG00000249786,p131538-p131636
p131538,p131636,ENSG00000206561,p131538-p131636
p131538,p131636,ENSG00000263573,p131538-p131636
p131538,p131636,ENSG00000131373,p131538-p131636
p131538,p131636,ENSG00000169814,p131538-p131636
p131538,p131636,ENSG00000206560,p131538-p131636
p131538,p131636,ENSG00000264354,p131538-p131636
p131538,p131636,ENSG00000207815,p131538-p131636
p131538,p131636,ENSG00000131386,p131538-p131636
p131304,p131306,ENSG00000112499,p131304-p131306
p131304,p131306,ENSG00000230234,p131304-p131306
p131304,p131306,ENSG00000146477,p131304-p131306
p131304,p131306,ENSG00000198670,p131304-p131306
p131304,p131306,ENSG00000224477,p131304-p131306
p131304,p131306,ENSG00000122194,p131304-p131306
p131304,p131306,ENSG00000224371,p131304-p131306
p131304,p131306,ENSG00000233342,p131304-p131306
p131304,p131306,ENSG00000231863,p131304-p131306
p131304,p131306,ENSG00000272841,p131304-p131306
p131304,p131306,ENSG00000085511,p131304-p131306
p131304,p131306,ENSG00000026652,p131304-p131306
p131304,p131306,ENSG00000221021,p131304-p131306
p131304,p131324,ENSG00000112499,p131304-p131324
p131304,p131324,ENSG00000230234,p131304-p131324
p131304,p131324,ENSG00000146477,p131304-p131324
p131304,p131324,ENSG00000198670,p131304-p131324
p131304,p131324,ENSG00000224477,p131304-p131324
p131304,p131324,ENSG00000122194,p131304-p131324
p131304,p131324,ENSG00000224371,p131304-p131324
p131304,p131324,ENSG00000233342,p131304-p131324
p131304,p131324,ENSG00000231863,p131304-p131324
p131304,p131324,ENSG00000272841,p131304-p131324
p131304,p131324,ENSG00000085511,p131304-p131324
p131304,p131324,ENSG00000026652,p131304-p131324
p131304,p131324,ENSG00000221021,p131304-p131324
p131304,p131354,ENSG00000112499,p131304-p131354
p131304,p131354,ENSG00000230234,p131304-p131354
p131304,p131354,ENSG00000146477,p131304-p131354
p131304,p131354,ENSG00000198670,p131304-p131354
p131304,p131354,ENSG00000224477,p131304-p131354
p131304,p131354,ENSG00000122194,p131304-p131354
p131304,p131354,ENSG00000224371,p131304-p131354
p131304,p131354,ENSG00000233342,p131304-p131354
p131304,p131354,ENSG00000231863,p131304-p131354
p131304,p131354,ENSG00000272841,p131304-p131354
p131304,p131354,ENSG00000085511,p131304-p131354
p131304,p131354,ENSG00000026652,p131304-p131354
p131304,p131354,ENSG00000221021,p131304-p131354
p131304,p131370,ENSG00000112499,p131304-p131370
p131304,p131370,ENSG00000230234,p131304-p131370
p131304,p131370,ENSG00000146477,p131304-p131370
p131304,p131370,ENSG00000198670,p131304-p131370
p131304,p131370,ENSG00000224477,p131304-p131370
p131304,p131370,ENSG00000122194,p131304-p131370
p131304,p131370,ENSG00000224371,p131304-p131370
p131304,p131370,ENSG00000233342,p131304-p131370
p131304,p131370,ENSG00000231863,p131304-p131370
p131304,p131370,ENSG00000272841,p131304-p131370
p131304,p131370,ENSG00000085511,p131304-p131370
p131304,p131370,ENSG00000026652,p131304-p131370
p131304,p131370,ENSG00000221021,p131304-p131370
p131304,p131380,ENSG00000112499,p131304-p131380
p131304,p131380,ENSG00000230234,p131304-p131380
p131304,p131380,ENSG00000146477,p131304-p131380
p131304,p131380,ENSG00000198670,p131304-p131380
p131304,p131380,ENSG00000224477,p131304-p131380
p131304,p131380,ENSG00000122194,p131304-p131380
p131304,p131380,ENSG00000224371,p131304-p131380
p131304,p131380,ENSG00000233342,p131304-p131380
p131304,p131380,ENSG00000231863,p131304-p131380
p131304,p131380,ENSG00000272841,p131304-p131380
p131304,p131380,ENSG00000085511,p131304-p131380
p131304,p131380,ENSG00000026652,p131304-p131380
p131304,p131380,ENSG00000221021,p131304-p131380
p131306,p131324,ENSG00000112499,p131306-p131324
p131306,p131324,ENSG00000230234,p131306-p131324
p131306,p131324,ENSG00000146477,p131306-p131324
p131306,p131324,ENSG00000198670,p131306-p131324
p131306,p131324,ENSG00000224477,p131306-p131324
p131306,p131324,ENSG00000122194,p131306-p131324
p131306,p131324,ENSG00000224371,p131306-p131324
p131306,p131324,ENSG00000233342,p131306-p131324
p131306,p131324,ENSG00000231863,p131306-p131324
p131306,p131324,ENSG00000272841,p131306-p131324
p131306,p131324,ENSG00000085511,p131306-p131324
p131306,p131324,ENSG00000026652,p131306-p131324
p131306,p131324,ENSG00000221021,p131306-p131324
p131306,p131354,ENSG00000112499,p131306-p131354
p131306,p131354,ENSG00000230234,p131306-p131354
p131306,p131354,ENSG00000146477,p131306-p131354
p131306,p131354,ENSG00000198670,p131306-p131354
p131306,p131354,ENSG00000224477,p131306-p131354
p131306,p131354,ENSG00000122194,p131306-p131354
p131306,p131354,ENSG00000224371,p131306-p131354
p131306,p131354,ENSG00000233342,p131306-p131354
p131306,p131354,ENSG00000231863,p131306-p131354
p131306,p131354,ENSG00000272841,p131306-p131354
p131306,p131354,ENSG00000085511,p131306-p131354
p131306,p131354,ENSG00000026652,p131306-p131354
p131306,p131354,ENSG00000221021,p131306-p131354
p131306,p131370,ENSG00000112499,p131306-p131370
p131306,p131370,ENSG00000230234,p131306-p131370
p131306,p131370,ENSG00000146477,p131306-p131370
p131306,p131370,ENSG00000198670,p131306-p131370
p131306,p131370,ENSG00000224477,p131306-p131370
p131306,p131370,ENSG00000122194,p131306-p131370
p131306,p131370,ENSG00000224371,p131306-p131370
p131306,p131370,ENSG00000233342,p131306-p131370
p131306,p131370,ENSG00000231863,p131306-p131370
p131306,p131370,ENSG00000272841,p131306-p131370
p131306,p131370,ENSG00000085511,p131306-p131370
p131306,p131370,ENSG00000026652,p131306-p131370
p131306,p131370,ENSG00000221021,p131306-p131370
p131306,p131380,ENSG00000112499,p131306-p131380
p131306,p131380,ENSG00000230234,p131306-p131380
p131306,p131380,ENSG00000146477,p131306-p131380
p131306,p131380,ENSG00000198670,p131306-p131380
p131306,p131380,ENSG00000224477,p131306-p131380
p131306,p131380,ENSG00000122194,p131306-p131380
p131306,p131380,ENSG00000224371,p131306-p131380
p131306,p131380,ENSG00000233342,p131306-p131380
p131306,p131380,ENSG00000231863,p131306-p131380
p131306,p131380,ENSG00000272841,p131306-p131380
p131306,p131380,ENSG00000085511,p131306-p131380
p131306,p131380,ENSG00000026652,p131306-p131380
p131306,p131380,ENSG00000221021,p131306-p131380
p131306,p131390,ENSG00000112499,p131306-p131390
p131306,p131390,ENSG00000230234,p131306-p131390
p131306,p131390,ENSG00000146477,p131306-p131390
p131306,p131390,ENSG00000198670,p131306-p131390
p131306,p131390,ENSG00000224477,p131306-p131390
p131306,p131390,ENSG00000122194,p131306-p131390
p131306,p131390,ENSG00000224371,p131306-p131390
p131306,p131390,ENSG00000233342,p131306-p131390
p131306,p131390,ENSG00000231863,p131306-p131390
p131306,p131390,ENSG00000272841,p131306-p131390
p131306,p131390,ENSG00000085511,p131306-p131390
p131306,p131390,ENSG00000026652,p131306-p131390
p131306,p131390,ENSG00000221021,p131306-p131390
p131324,p131354,ENSG00000112499,p131324-p131354
p131324,p131354,ENSG00000230234,p131324-p131354
p131324,p131354,ENSG00000146477,p131324-p131354
p131324,p131354,ENSG00000198670,p131324-p131354
p131324,p131354,ENSG00000224477,p131324-p131354
p131324,p131354,ENSG00000122194,p131324-p131354
p131324,p131354,ENSG00000224371,p131324-p131354
p131324,p131354,ENSG00000233342,p131324-p131354
p131324,p131354,ENSG00000231863,p131324-p131354
p131324,p131354,ENSG00000272841,p131324-p131354
p131324,p131354,ENSG00000085511,p131324-p131354
p131324,p131354,ENSG00000026652,p131324-p131354
p131324,p131354,ENSG00000221021,p131324-p131354
p131324,p131370,ENSG00000112499,p131324-p131370
p131324,p131370,ENSG00000230234,p131324-p131370
p131324,p131370,ENSG00000146477,p131324-p131370
p131324,p131370,ENSG00000198670,p131324-p131370
p131324,p131370,ENSG00000224477,p131324-p131370
p131324,p131370,ENSG00000122194,p131324-p131370
p131324,p131370,ENSG00000224371,p131324-p131370
p131324,p131370,ENSG00000233342,p131324-p131370
p131324,p131370,ENSG00000231863,p131324-p131370
p131324,p131370,ENSG00000272841,p131324-p131370
p131324,p131370,ENSG00000085511,p131324-p131370
p131324,p131370,ENSG00000026652,p131324-p131370
p131324,p131370,ENSG00000221021,p131324-p131370
p131324,p131380,ENSG00000112499,p131324-p131380
p131324,p131380,ENSG00000230234,p131324-p131380
p131324,p131380,ENSG00000146477,p131324-p131380
p131324,p131380,ENSG00000198670,p131324-p131380
p131324,p131380,ENSG00000224477,p131324-p131380
p131324,p131380,ENSG00000122194,p131324-p131380
p131324,p131380,ENSG00000224371,p131324-p131380
p131324,p131380,ENSG00000233342,p131324-p131380
p131324,p131380,ENSG00000231863,p131324-p131380
p131324,p131380,ENSG00000272841,p131324-p131380
p131324,p131380,ENSG00000085511,p131324-p131380
p131324,p131380,ENSG00000026652,p131324-p131380
p131324,p131380,ENSG00000221021,p131324-p131380
p131324,p131390,ENSG00000112499,p131324-p131390
p131324,p131390,ENSG00000230234,p131324-p131390
p131324,p131390,ENSG00000146477,p131324-p131390
p131324,p131390,ENSG00000198670,p131324-p131390
p131324,p131390,ENSG00000224477,p131324-p131390
p131324,p131390,ENSG00000122194,p131324-p131390
p131324,p131390,ENSG00000224371,p131324-p131390
p131324,p131390,ENSG00000233342,p131324-p131390
p131324,p131390,ENSG00000231863,p131324-p131390
p131324,p131390,ENSG00000272841,p131324-p131390
p131324,p131390,ENSG00000085511,p131324-p131390
p131324,p131390,ENSG00000026652,p131324-p131390
p131324,p131390,ENSG00000221021,p131324-p131390
p131164,p131166,ENSG00000254468,p131164-p131166
p131164,p131166,ENSG00000230724,p131164-p131166
p131164,p131166,ENSG00000255229,p131164-p131166
p131164,p131166,ENSG00000177951,p131164-p131166
p131164,p131166,ENSG00000188076,p131164-p131166
p131164,p131166,ENSG00000177947,p131164-p131166
p131164,p131166,ENSG00000254559,p131164-p131166
p131164,p131166,ENSG00000177963,p131164-p131166
p131164,p131166,ENSG00000142082,p131164-p131166
p131164,p131166,ENSG00000185627,p131164-p131166
p131164,p131166,ENSG00000174885,p131164-p131166
p131164,p131166,ENSG00000255026,p131164-p131166
p131164,p131166,ENSG00000142102,p131164-p131166
p131164,p131166,ENSG00000206013,p131164-p131166
p131164,p131166,ENSG00000185201,p131164-p131166
p131164,p131166,ENSG00000254910,p131164-p131166
p131164,p131166,ENSG00000185885,p131164-p131166
p131164,p131166,ENSG00000251661,p131164-p131166
p131164,p131166,ENSG00000142089,p131164-p131166
p131164,p131166,ENSG00000255089,p131164-p131166
p131164,p131166,ENSG00000270105,p131164-p131166
p131164,p131166,ENSG00000270030,p131164-p131166
p131164,p131166,ENSG00000255328,p131164-p131166
p131164,p131166,ENSG00000270972,p131164-p131166
p131164,p131166,ENSG00000182272,p131164-p131166
p131164,p131166,ENSG00000184363,p131164-p131166
p131164,p131166,ENSG00000185187,p131164-p131166
p131164,p131166,ENSG00000185101,p131164-p131166
p131164,p131166,ENSG00000174915,p131164-p131166
p131164,p131166,ENSG00000255237,p131164-p131166
p131164,p131166,ENSG00000023191,p131164-p131166
p131164,p131166,ENSG00000254739,p131164-p131166
p131164,p131166,ENSG00000174775,p131164-p131166
p131164,p131166,ENSG00000161328,p131164-p131166
p131164,p131166,ENSG00000185522,p131164-p131166
p131164,p131166,ENSG00000254815,p131164-p131166
p131164,p131166,ENSG00000099849,p131164-p131166
p131164,p131166,ENSG00000247095,p131164-p131166
p131164,p131166,ENSG00000199038,p131164-p131166
p131164,p131166,ENSG00000070047,p131164-p131166
p131164,p131166,ENSG00000185507,p131164-p131166
p131164,p131166,ENSG00000099834,p131164-p131166
p131164,p131166,ENSG00000070031,p131164-p131166
p131164,p131166,ENSG00000069696,p131164-p131166
p131164,p131166,ENSG00000177030,p131164-p131166
p131164,p131166,ENSG00000255158,p131164-p131166
p131164,p131166,ENSG00000177106,p131164-p131166
p131164,p131166,ENSG00000177042,p131164-p131166
p131164,p131166,ENSG00000269915,p131164-p131166
p131164,p131166,ENSG00000177156,p131164-p131166
p131164,p131166,ENSG00000177225,p131164-p131166
p131164,p131166,ENSG00000255284,p131164-p131166
p131164,p131166,ENSG00000255142,p131164-p131166
p131164,p131166,ENSG00000184524,p131164-p131166
p131164,p131166,ENSG00000177542,p131164-p131166
p131164,p131166,ENSG00000177595,p131164-p131166
p131164,p131166,ENSG00000177600,p131164-p131166
p131164,p131166,ENSG00000177666,p131164-p131166
p131164,p131166,ENSG00000255108,p131164-p131166
p131164,p131166,ENSG00000177685,p131164-p131166
p131164,p131166,ENSG00000177697,p131164-p131166
p131164,p131166,ENSG00000177700,p131164-p131166
p131164,p131166,ENSG00000214063,p131164-p131166
p131164,p131166,ENSG00000250397,p131164-p131166
p131164,p131166,ENSG00000177830,p131164-p131166
p131164,p131166,ENSG00000183020,p131164-p131166
p131164,p131166,ENSG00000264671,p131164-p131166
p131164,p131166,ENSG00000184956,p131164-p131166
p131164,p131166,ENSG00000254872,p131164-p131166
p131164,p131166,ENSG00000198788,p131164-p131166
p130826,p131344,ENSG00000215374,p130826-p131344
p130826,p131344,ENSG00000215372,p130826-p131344
p130826,p131344,ENSG00000177257,p130826-p131344
p130826,p131344,ENSG00000177243,p130826-p131344
p130826,p131344,ENSG00000164871,p130826-p131344
p130826,p131344,ENSG00000216194,p130826-p131344
p130826,p131344,ENSG00000177023,p130826-p131344
p130826,p131344,ENSG00000187082,p130826-p131344
p130826,p131344,ENSG00000186599,p130826-p131344
p130826,p131344,ENSG00000198129,p130826-p131344
p130826,p131344,ENSG00000255251,p130826-p131344
p130826,p131344,ENSG00000255378,p130826-p131344
p130826,p131344,ENSG00000186572,p130826-p131344
p130826,p131344,ENSG00000186562,p130826-p131344
p130826,p131344,ENSG00000186579,p130826-p131344
p130826,p131344,ENSG00000176782,p130826-p131344
p130826,p131344,ENSG00000178287,p130826-p131344
p130826,p131344,ENSG00000215977,p130826-p131344
p130826,p131344,ENSG00000176797,p130826-p131344
p130826,p131344,ENSG00000171711,p130826-p131344
p130826,p131344,ENSG00000215356,p130826-p131344
p130826,p131344,ENSG00000225725,p130826-p131344
p130826,p131344,ENSG00000221305,p130826-p131344
p130826,p131344,ENSG00000221027,p130826-p131344
p130826,p131344,ENSG00000253893,p130826-p131344
p130826,p131344,ENSG00000268955,p130826-p131344
p130826,p131344,ENSG00000182319,p130826-p131344
p130826,p131344,ENSG00000253505,p130826-p131344
p130826,p131344,ENSG00000254153,p130826-p131344
p130826,p131344,ENSG00000253343,p130826-p131344
p130826,p131344,ENSG00000253774,p130826-p131344
p130826,p131344,ENSG00000253130,p130826-p131344
p130826,p131344,ENSG00000264445,p130826-p131344
p130826,p131344,ENSG00000253958,p130826-p131344
p130826,p131344,ENSG00000254367,p130826-p131344
p130826,p131344,ENSG00000147324,p130826-p131344
p130826,p131344,ENSG00000104626,p130826-p131344
p130826,p131344,ENSG00000263407,p130826-p131344
p130826,p131344,ENSG00000173281,p130826-p131344
p130826,p131344,ENSG00000254340,p130826-p131344
p130826,p131344,ENSG00000253426,p130826-p131344
p130826,p131344,ENSG00000253252,p130826-p131344
p130826,p131344,ENSG00000248538,p130826-p131344
p130826,p131344,ENSG00000253887,p130826-p131344
p131304,p131322,ENSG00000215374,p131304-p131322
p131304,p131322,ENSG00000215372,p131304-p131322
p131304,p131322,ENSG00000177257,p131304-p131322
p131304,p131322,ENSG00000177243,p131304-p131322
p131304,p131322,ENSG00000164871,p131304-p131322
p131304,p131322,ENSG00000216194,p131304-p131322
p131304,p131322,ENSG00000177023,p131304-p131322
p131304,p131322,ENSG00000187082,p131304-p131322
p131304,p131322,ENSG00000186599,p131304-p131322
p131304,p131322,ENSG00000198129,p131304-p131322
p131304,p131322,ENSG00000255251,p131304-p131322
p131304,p131322,ENSG00000255378,p131304-p131322
p131304,p131322,ENSG00000186572,p131304-p131322
p131304,p131322,ENSG00000186562,p131304-p131322
p131304,p131322,ENSG00000186579,p131304-p131322
p131304,p131322,ENSG00000176782,p131304-p131322
p131304,p131322,ENSG00000178287,p131304-p131322
p131304,p131322,ENSG00000215977,p131304-p131322
p131304,p131322,ENSG00000176797,p131304-p131322
p131304,p131322,ENSG00000171711,p131304-p131322
p131304,p131322,ENSG00000215356,p131304-p131322
p131304,p131322,ENSG00000225725,p131304-p131322
p131304,p131322,ENSG00000221305,p131304-p131322
p131304,p131322,ENSG00000221027,p131304-p131322
p131304,p131322,ENSG00000253893,p131304-p131322
p131304,p131322,ENSG00000268955,p131304-p131322
p131304,p131322,ENSG00000182319,p131304-p131322
p131304,p131322,ENSG00000253505,p131304-p131322
p131304,p131322,ENSG00000254153,p131304-p131322
p131304,p131322,ENSG00000253343,p131304-p131322
p131304,p131322,ENSG00000253774,p131304-p131322
p131304,p131322,ENSG00000253130,p131304-p131322
p131304,p131322,ENSG00000264445,p131304-p131322
p131304,p131322,ENSG00000253958,p131304-p131322
p131304,p131322,ENSG00000254367,p131304-p131322
p131304,p131322,ENSG00000147324,p131304-p131322
p131304,p131322,ENSG00000104626,p131304-p131322
p131304,p131322,ENSG00000263407,p131304-p131322
p131304,p131322,ENSG00000173281,p131304-p131322
p131304,p131322,ENSG00000254340,p131304-p131322
p131304,p131322,ENSG00000253426,p131304-p131322
p131304,p131322,ENSG00000253252,p131304-p131322
p131304,p131322,ENSG00000248538,p131304-p131322
p131304,p131322,ENSG00000253887,p131304-p131322
p131390,p131546,ENSG00000215374,p131390-p131546
p131390,p131546,ENSG00000215372,p131390-p131546
p131390,p131546,ENSG00000177257,p131390-p131546
p131390,p131546,ENSG00000177243,p131390-p131546
p131390,p131546,ENSG00000164871,p131390-p131546
p131390,p131546,ENSG00000216194,p131390-p131546
p131390,p131546,ENSG00000177023,p131390-p131546
p131390,p131546,ENSG00000187082,p131390-p131546
p131390,p131546,ENSG00000186599,p131390-p131546
p131390,p131546,ENSG00000198129,p131390-p131546
p131390,p131546,ENSG00000255251,p131390-p131546
p131390,p131546,ENSG00000255378,p131390-p131546
p131390,p131546,ENSG00000186572,p131390-p131546
p131390,p131546,ENSG00000186562,p131390-p131546
p131390,p131546,ENSG00000186579,p131390-p131546
p131390,p131546,ENSG00000176782,p131390-p131546
p131390,p131546,ENSG00000178287,p131390-p131546
p131390,p131546,ENSG00000215977,p131390-p131546
p131390,p131546,ENSG00000176797,p131390-p131546
p131390,p131546,ENSG00000171711,p131390-p131546
p131390,p131546,ENSG00000215356,p131390-p131546
p131390,p131546,ENSG00000225725,p131390-p131546
p131390,p131546,ENSG00000221305,p131390-p131546
p131390,p131546,ENSG00000221027,p131390-p131546
p131390,p131546,ENSG00000253893,p131390-p131546
p131390,p131546,ENSG00000268955,p131390-p131546
p131390,p131546,ENSG00000182319,p131390-p131546
p131390,p131546,ENSG00000253505,p131390-p131546
p131390,p131546,ENSG00000254153,p131390-p131546
p131390,p131546,ENSG00000253343,p131390-p131546
p131390,p131546,ENSG00000253774,p131390-p131546
p131390,p131546,ENSG00000253130,p131390-p131546
p131390,p131546,ENSG00000264445,p131390-p131546
p131390,p131546,ENSG00000253958,p131390-p131546
p131390,p131546,ENSG00000254367,p131390-p131546
p131390,p131546,ENSG00000147324,p131390-p131546
p131390,p131546,ENSG00000104626,p131390-p131546
p131390,p131546,ENSG00000263407,p131390-p131546
p131390,p131546,ENSG00000173281,p131390-p131546
p131390,p131546,ENSG00000254340,p131390-p131546
p131390,p131546,ENSG00000253426,p131390-p131546
p131390,p131546,ENSG00000253252,p131390-p131546
p131390,p131546,ENSG00000248538,p131390-p131546
p131390,p131546,ENSG00000253887,p131390-p131546
p131416,p131900,ENSG00000215374,p131416-p131900
p131416,p131900,ENSG00000215372,p131416-p131900
p131416,p131900,ENSG00000177257,p131416-p131900
p131416,p131900,ENSG00000177243,p131416-p131900
p131416,p131900,ENSG00000164871,p131416-p131900
p131416,p131900,ENSG00000216194,p131416-p131900
p131416,p131900,ENSG00000177023,p131416-p131900
p131416,p131900,ENSG00000187082,p131416-p131900
p131416,p131900,ENSG00000186599,p131416-p131900
p131416,p131900,ENSG00000198129,p131416-p131900
p131416,p131900,ENSG00000255251,p131416-p131900
p131416,p131900,ENSG00000255378,p131416-p131900
p131416,p131900,ENSG00000186572,p131416-p131900
p131416,p131900,ENSG00000186562,p131416-p131900
p131416,p131900,ENSG00000186579,p131416-p131900
p131416,p131900,ENSG00000176782,p131416-p131900
p131416,p131900,ENSG00000178287,p131416-p131900
p131416,p131900,ENSG00000215977,p131416-p131900
p131416,p131900,ENSG00000176797,p131416-p131900
p131416,p131900,ENSG00000171711,p131416-p131900
p131416,p131900,ENSG00000215356,p131416-p131900
p131416,p131900,ENSG00000225725,p131416-p131900
p131416,p131900,ENSG00000221305,p131416-p131900
p131416,p131900,ENSG00000221027,p131416-p131900
p131416,p131900,ENSG00000253893,p131416-p131900
p131416,p131900,ENSG00000268955,p131416-p131900
p131416,p131900,ENSG00000182319,p131416-p131900
p131416,p131900,ENSG00000253505,p131416-p131900
p131416,p131900,ENSG00000254153,p131416-p131900
p131416,p131900,ENSG00000253343,p131416-p131900
p131416,p131900,ENSG00000253774,p131416-p131900
p131416,p131900,ENSG00000253130,p131416-p131900
p131416,p131900,ENSG00000264445,p131416-p131900
p131416,p131900,ENSG00000253958,p131416-p131900
p131416,p131900,ENSG00000254367,p131416-p131900
p131416,p131900,ENSG00000147324,p131416-p131900
p131416,p131900,ENSG00000104626,p131416-p131900
p131416,p131900,ENSG00000263407,p131416-p131900
p131416,p131900,ENSG00000173281,p131416-p131900
p131416,p131900,ENSG00000254340,p131416-p131900
p131416,p131900,ENSG00000253426,p131416-p131900
p131416,p131900,ENSG00000253252,p131416-p131900
p131416,p131900,ENSG00000248538,p131416-p131900
p131416,p131900,ENSG00000253887,p131416-p131900
p131164,p131166,ENSG00000171067,p131164-p131166
p131164,p131166,ENSG00000162337,p131164-p131166
p131164,p131166,ENSG00000110075,p131164-p131166
p131164,p131166,ENSG00000222339,p131164-p131166
p131164,p131166,ENSG00000212093,p131164-p131166
p131164,p131166,ENSG00000260808,p131164-p131166
p131164,p131166,ENSG00000266854,p131164-p131166
p131164,p131166,ENSG00000069482,p131164-p131166
p131164,p131166,ENSG00000132749,p131164-p131166
p131164,p131166,ENSG00000110090,p131164-p131166
p131164,p131166,ENSG00000250508,p131164-p131166
p131164,p131166,ENSG00000197345,p131164-p131166
p131164,p131166,ENSG00000132740,p131164-p131166
p131164,p131166,ENSG00000255741,p131164-p131166
p131164,p131166,ENSG00000172938,p131164-p131166
p131164,p131166,ENSG00000261276,p131164-p131166
p131164,p131166,ENSG00000172935,p131164-p131166
p131164,p131166,ENSG00000256508,p131164-p131166
p131164,p131166,ENSG00000162341,p131164-p131166
p131164,p131166,ENSG00000265539,p131164-p131166
p131164,p131166,ENSG00000260895,p131164-p131166
p131164,p131166,ENSG00000261070,p131164-p131166
p131164,p131166,ENSG00000259799,p131164-p131166
p131164,p131166,ENSG00000172927,p131164-p131166
p131164,p131166,ENSG00000260877,p131164-p131166
p131164,p131166,ENSG00000259854,p131164-p131166
p131164,p131166,ENSG00000255980,p131164-p131166
p131164,p131166,ENSG00000255606,p131164-p131166
p131164,p131166,ENSG00000261347,p131164-p131166
p131164,p131166,ENSG00000255774,p131164-p131166
p131164,p131166,ENSG00000110092,p131164-p131166
p131164,p131166,ENSG00000149716,p131164-p131166
p130070,p131164,ENSG00000228108,p130070-p131164
p130070,p131164,ENSG00000234943,p130070-p131164
p130070,p131164,ENSG00000238018,p130070-p131164
p130070,p131164,ENSG00000214595,p130070-p131164
p130070,p131164,ENSG00000231334,p130070-p131164
p130070,p131164,ENSG00000115310,p130070-p131164
p130070,p131164,ENSG00000266376,p130070-p131164
p130070,p131164,ENSG00000162994,p130070-p131164
p130070,p131164,ENSG00000203327,p130070-p131164
p130070,p131164,ENSG00000143947,p130070-p131164
p130070,p131164,ENSG00000085760,p130070-p131164
p130070,p131164,ENSG00000115355,p130070-p131164
p130070,p131164,ENSG00000240401,p130070-p131164
p130070,p131164,ENSG00000264849,p130070-p131164
p130070,p131164,ENSG00000163001,p130070-p131164
p130070,p131164,ENSG00000138041,p130070-p131164
p130070,p131164,ENSG00000272606,p130070-p131164
p130070,p131164,ENSG00000138035,p130070-p131164
p130070,p131164,ENSG00000115380,p130070-p131164
p130070,p131670,ENSG00000228108,p130070-p131670
p130070,p131670,ENSG00000234943,p130070-p131670
p130070,p131670,ENSG00000238018,p130070-p131670
p130070,p131670,ENSG00000214595,p130070-p131670
p130070,p131670,ENSG00000231334,p130070-p131670
p130070,p131670,ENSG00000115310,p130070-p131670
p130070,p131670,ENSG00000266376,p130070-p131670
p130070,p131670,ENSG00000162994,p130070-p131670
p130070,p131670,ENSG00000203327,p130070-p131670
p130070,p131670,ENSG00000143947,p130070-p131670
p130070,p131670,ENSG00000085760,p130070-p131670
p130070,p131670,ENSG00000115355,p130070-p131670
p130070,p131670,ENSG00000240401,p130070-p131670
p130070,p131670,ENSG00000264849,p130070-p131670
p130070,p131670,ENSG00000163001,p130070-p131670
p130070,p131670,ENSG00000138041,p130070-p131670
p130070,p131670,ENSG00000272606,p130070-p131670
p130070,p131670,ENSG00000138035,p130070-p131670
p130070,p131670,ENSG00000115380,p130070-p131670
p131164,p131670,ENSG00000228108,p131164-p131670
p131164,p131670,ENSG00000234943,p131164-p131670
p131164,p131670,ENSG00000238018,p131164-p131670
p131164,p131670,ENSG00000214595,p131164-p131670
p131164,p131670,ENSG00000231334,p131164-p131670
p131164,p131670,ENSG00000115310,p131164-p131670
p131164,p131670,ENSG00000266376,p131164-p131670
p131164,p131670,ENSG00000162994,p131164-p131670
p131164,p131670,ENSG00000203327,p131164-p131670
p131164,p131670,ENSG00000143947,p131164-p131670
p131164,p131670,ENSG00000085760,p131164-p131670
p131164,p131670,ENSG00000115355,p131164-p131670
p131164,p131670,ENSG00000240401,p131164-p131670
p131164,p131670,ENSG00000264849,p131164-p131670
p131164,p131670,ENSG00000163001,p131164-p131670
p131164,p131670,ENSG00000138041,p131164-p131670
p131164,p131670,ENSG00000272606,p131164-p131670
p131164,p131670,ENSG00000138035,p131164-p131670
p131164,p131670,ENSG00000115380,p131164-p131670
p131342,p131350,ENSG00000093217,p131342-p131350
p131342,p131350,ENSG00000229589,p131342-p131350
p131342,p131350,ENSG00000114739,p131342-p131350
p131342,p131350,ENSG00000157036,p131342-p131350
p131342,p131350,ENSG00000183873,p131342-p131350
p131342,p131350,ENSG00000185313,p131342-p131350
p131342,p131350,ENSG00000222719,p131342-p131350
p131342,p131350,ENSG00000231243,p131342-p131350
p131342,p131350,ENSG00000168356,p131342-p131350
p131342,p131350,ENSG00000215941,p131342-p131350
p131342,p131350,ENSG00000114742,p131342-p131350
p131342,p131350,ENSG00000114745,p131342-p131350
p131342,p131350,ENSG00000168026,p131342-p131350
p131342,p131350,ENSG00000144655,p131342-p131350
p131342,p131350,ENSG00000168334,p131342-p131350
p131342,p131350,ENSG00000168329,p131342-p131350
p131342,p131350,ENSG00000179934,p131342-p131350
p131342,p131350,ENSG00000144659,p131342-p131350
p131342,p131350,ENSG00000168028,p131342-p131350
p131342,p131350,ENSG00000264724,p131342-p131350
p131342,p131350,ENSG00000168314,p131342-p131350
p130820,p131670,ENSG00000164508,p130820-p131670
p130820,p131670,ENSG00000146047,p130820-p131670
p130820,p131670,ENSG00000146039,p130820-p131670
p130820,p131670,ENSG00000124568,p130820-p131670
p130820,p131670,ENSG00000124564,p130820-p131670
p130820,p131670,ENSG00000112337,p130820-p131670
p130820,p131670,ENSG00000112343,p130820-p131670
p130820,p131670,ENSG00000272558,p130820-p131670
p130820,p131670,ENSG00000272065,p130820-p131670
p130820,p131670,ENSG00000272462,p130820-p131670
p130820,p131670,ENSG00000272810,p130820-p131670
p130820,p131670,ENSG00000124610,p130820-p131670
p130820,p131670,ENSG00000198366,p130820-p131670
p130820,p131670,ENSG00000196176,p130820-p131670
p130820,p131670,ENSG00000124529,p130820-p131670
p130820,p131670,ENSG00000124693,p130820-p131670
p130820,p131670,ENSG00000137259,p130820-p131670
p130820,p131670,ENSG00000196226,p130820-p131670
p130820,p131670,ENSG00000196532,p130820-p131670
p130820,p131670,ENSG00000187837,p130820-p131670
p130820,p131670,ENSG00000010704,p130820-p131670
p130820,p131670,ENSG00000197061,p130820-p131670
p130820,p131670,ENSG00000187475,p130820-p131670
p130820,p131670,ENSG00000180596,p130820-p131670
p130820,p131670,ENSG00000180573,p130820-p131670
p130820,p131670,ENSG00000168298,p130820-p131670
p130820,p131670,ENSG00000158373,p130820-p131670
p130820,p131670,ENSG00000197697,p130820-p131670
p130820,p131670,ENSG00000188987,p130820-p131670
p130820,p131670,ENSG00000197409,p130820-p131670
p130820,p131670,ENSG00000196866,p130820-p131670
p130820,p131670,ENSG00000197846,p130820-p131670
p130820,p131670,ENSG00000198518,p130820-p131670
p130820,p131670,ENSG00000187990,p130820-p131670
p130820,p131670,ENSG00000168274,p130820-p131670
p130820,p131670,ENSG00000196966,p130820-p131670
p130820,p131670,ENSG00000124575,p130820-p131670
p130820,p131670,ENSG00000198327,p130820-p131670
p130820,p131670,ENSG00000124578,p130820-p131670
p130820,p131670,ENSG00000256316,p130820-p131670
p130820,p131670,ENSG00000197459,p130820-p131670
p130820,p131670,ENSG00000256018,p130820-p131670
p130820,p131670,ENSG00000168242,p130820-p131670
p130820,p131670,ENSG00000158406,p130820-p131670
p130820,p131670,ENSG00000186470,p130820-p131670
p130820,p131670,ENSG00000215979,p130820-p131670
p130820,p131670,ENSG00000124508,p130820-p131670
p130820,p131670,ENSG00000026950,p130820-p131670
p130820,p131670,ENSG00000111801,p130820-p131670
p130820,p131670,ENSG00000112763,p130820-p131670
p130820,p131670,ENSG00000124557,p130820-p131670
p130820,p131670,ENSG00000228223,p130820-p131670
p130820,p131670,ENSG00000261353,p130820-p131670
p130820,p131670,ENSG00000182952,p130820-p131670
p130820,p131670,ENSG00000146109,p130820-p131670
p130820,p131670,ENSG00000181315,p130820-p131670
p130820,p131670,ENSG00000261584,p130820-p131670
p130820,p131870,ENSG00000164508,p130820-p131870
p130820,p131870,ENSG00000146047,p130820-p131870
p130820,p131870,ENSG00000146039,p130820-p131870
p130820,p131870,ENSG00000124568,p130820-p131870
p130820,p131870,ENSG00000124564,p130820-p131870
p130820,p131870,ENSG00000112337,p130820-p131870
p130820,p131870,ENSG00000112343,p130820-p131870
p130820,p131870,ENSG00000272558,p130820-p131870
p130820,p131870,ENSG00000272065,p130820-p131870
p130820,p131870,ENSG00000272462,p130820-p131870
p130820,p131870,ENSG00000272810,p130820-p131870
p130820,p131870,ENSG00000124610,p130820-p131870
p130820,p131870,ENSG00000198366,p130820-p131870
p130820,p131870,ENSG00000196176,p130820-p131870
p130820,p131870,ENSG00000124529,p130820-p131870
p130820,p131870,ENSG00000124693,p130820-p131870
p130820,p131870,ENSG00000137259,p130820-p131870
p130820,p131870,ENSG00000196226,p130820-p131870
p130820,p131870,ENSG00000196532,p130820-p131870
p130820,p131870,ENSG00000187837,p130820-p131870
p130820,p131870,ENSG00000010704,p130820-p131870
p130820,p131870,ENSG00000197061,p130820-p131870
p130820,p131870,ENSG00000187475,p130820-p131870
p130820,p131870,ENSG00000180596,p130820-p131870
p130820,p131870,ENSG00000180573,p130820-p131870
p130820,p131870,ENSG00000168298,p130820-p131870
p130820,p131870,ENSG00000158373,p130820-p131870
p130820,p131870,ENSG00000197697,p130820-p131870
p130820,p131870,ENSG00000188987,p130820-p131870
p130820,p131870,ENSG00000197409,p130820-p131870
p130820,p131870,ENSG00000196866,p130820-p131870
p130820,p131870,ENSG00000197846,p130820-p131870
p130820,p131870,ENSG00000198518,p130820-p131870
p130820,p131870,ENSG00000187990,p130820-p131870
p130820,p131870,ENSG00000168274,p130820-p131870
p130820,p131870,ENSG00000196966,p130820-p131870
p130820,p131870,ENSG00000124575,p130820-p131870
p130820,p131870,ENSG00000198327,p130820-p131870
p130820,p131870,ENSG00000124578,p130820-p131870
p130820,p131870,ENSG00000256316,p130820-p131870
p130820,p131870,ENSG00000197459,p130820-p131870
p130820,p131870,ENSG00000256018,p130820-p131870
p130820,p131870,ENSG00000168242,p130820-p131870
p130820,p131870,ENSG00000158406,p130820-p131870
p130820,p131870,ENSG00000186470,p130820-p131870
p130820,p131870,ENSG00000215979,p130820-p131870
p130820,p131870,ENSG00000124508,p130820-p131870
p130820,p131870,ENSG00000026950,p130820-p131870
p130820,p131870,ENSG00000111801,p130820-p131870
p130820,p131870,ENSG00000112763,p130820-p131870
p130820,p131870,ENSG00000124557,p130820-p131870
p130820,p131870,ENSG00000228223,p130820-p131870
p130820,p131870,ENSG00000261353,p130820-p131870
p130820,p131870,ENSG00000182952,p130820-p131870
p130820,p131870,ENSG00000146109,p130820-p131870
p130820,p131870,ENSG00000181315,p130820-p131870
p130820,p131870,ENSG00000261584,p130820-p131870
