nsnps,PP.H0.abf,PP.H1.abf,PP.H2.abf,PP.H3.abf,PP.H4.abf,combo,region
49,4.383847726548294e-12,7.969371184158566e-09,2.2394742259298388e-06,0.0030742035697151,0.9969235489823044,K76-L89,19-45410941-45425351
1172,5.00450043313645e-11,0.00014511954578474238,3.4480217627881214e-07,0.9998507480648692,3.787537125447908e-06,H26-I25,16-69566411-69970299
5174,8.985304291024557e-133,3.3765259674255875e-29,8.896077286198205e-107,0.0023453413036192,0.9976546586963856,I25-I35,6-160241487-161661100
1383,3.2564253817990557e-127,3.7920105104477744e-08,1.7203889622229586e-121,0.0190524703266652,0.9809474917532076,I25-I65,9-21689958-22126913
1200,0.0,1.0528231533033104e-118,2.0345053427893374e-258,4.5474735088848014e-15,1.0,F03-F05,19-45224973-45523289
524,2.1841054417537784e-135,2.0745226156080752e-20,1.0526960206265388e-115,0.9998791250633802,0.00012087493663586383,F05-I25,19-45318631-45439554
1383,1.0048439252815069e-127,1.17011086675721e-08,2.5069699584233828e-121,0.0282211407410576,0.9717788475578086,I25-I50,9-21689958-22126913
494,4.057313456625652e-26,1.9555455742076257e-06,2.0745818685551694e-20,0.9999077143674882,9.0330086938866e-05,I25-L89,19-45318631-45429234
1064,3.101081960006488e-13,6.064312495277321e-06,5.113624306791724e-08,0.999993426990132,4.5756081995290644e-07,E11-H26,1-50932200-51533590
148,2.7022669353541484e-29,4.700667700579509e-09,8.037386751572147e-24,0.0003985240731412229,0.9996014712261924,G31-I67,19-45385467-45429234
2918,2.3452263682462256e-14,1.94693270470761e-06,1.1991595220088524e-08,0.9954997836198106,0.0044982574558649,E11-L89,19-45385467-46168469
1626,0.0,2.190315655472652e-06,0.0,0.0032352680924864,0.996762541591848,G30-K76,19-45221789-45652986
356,8.860309745045604e-41,4.008201508192342e-07,2.2105440860878613e-34,0.9999995930936454,6.086209264275789e-09,E11-I50,9-22002367-22140220
76,2.980925942541467e-16,7.552549241786244e-08,1.581612481268756e-11,0.0030102236202754,0.9969897008384122,I65-I70,6-160984526-161011118
1200,4.456209027153639e-261,2.1903157162831507e-06,8.610032690294582e-258,0.003235240419003,0.9967625692653146,F03-K76,19-45224973-45523289
356,4.184206697378089e-40,1.892839424084156e-06,2.2105407186692904e-34,0.9999980697191276,3.74414469955369e-08,E11-I65,9-22002367-22140220
3264,2.499219735851254e-28,2.0747731262193614e-20,1.2045749350312522e-08,0.999999987142779,8.11468214407728e-10,E11-I25,19-45318631-46168469
641,2.1189668368646794e-44,5.3810588746960834e-27,1.2916554879265733e-20,0.0022824065242954,0.9977175934757044,H25-H26,20-19454203-19616216
4749,3.296895126668656e-14,1.7471683143770131e-06,1.4922520684589825e-08,0.7905999635355506,0.2093982743735796,J84-M16,17-43571419-44866603
321,7.215807869221808e-14,4.980063548986149e-07,6.619398347742128e-10,0.0035720179388333,0.9964274833928012,H25-H26,11-185458-246702
2918,6.220407545917577e-12,0.0005163985469263422,1.201925526806284e-08,0.9977988467736292,0.0016847426539705,E11-K76,19-45385467-46168469
843,4.901499053047772e-18,1.6113801018804076e-08,2.97275012008597e-10,0.9772763310908774,0.0227236524980436,K57-M81,7-96076048-96372732
247,6.062354765166313e-15,1.2692890717055648e-11,2.1045903505944197e-05,0.0431074176037019,0.9568715364800906,E11-K57,9-136131908-136156000
2248,7.316186670390757e-33,7.243534548413986e-07,1.0100166670883574e-26,0.999986859452086,1.241619445586791e-05,I35-N18,6-160467180-161124451
512,5.511801608933178e-71,6.2940027363611714e-06,8.75713834279755e-66,0.9999897744183528,3.931578907891449e-06,H35-I25,10-124099331-124239997
3220,1.3151340519779666e-13,8.637514256604593e-07,1.2537256892507164e-07,0.823242993359934,0.1767560175159404,M16-M81,6-44605860-45401394
5917,7.988288601922786e-36,4.549049063236701e-15,1.756034830769338e-21,0.9999999999999432,4.885364593470942e-14,L57-M17,20-31927890-34639903
2248,1.0144570576596551e-37,1.0043831679116575e-11,2.570255346602616e-29,0.0015462781501214,0.9984537218398316,I35-I65,6-160467180-161124451
1200,4.2206273451738236e-275,2.0745226156084282e-20,2.034259667996797e-255,0.9998791250633232,0.00012087493663642728,F03-I25,19-45224973-45523289
3632,0.0,0.0,1.197644508267495e-08,0.994240807145742,0.00575918087784,E11-G30,19-45221789-46168469
1383,8.662960867284618e-128,2.248398394784248e-121,1.0087760291990042e-08,0.0252071377775341,0.9747928521347128,I24-I25,9-21689958-22126913
148,1.2593894830034558e-26,2.190742664150617e-06,2.4332846159874802e-23,0.0032360037481241,0.99676180550921,G31-K76,19-45385467-45429234
1626,0.0,4.5789309228895735e-09,0.0,0.0003622798190008313,0.9996377156020336,G30-I67,19-45221789-45652986
1200,9.315859427287511e-264,4.578930923109251e-09,2.770828403249759e-258,0.00036227977111520594,0.9996377156499922,F03-I67,19-45224973-45523289
49,1.1582011526165616e-14,3.440481532159563e-09,5.916632582877768e-09,0.0007583170274769751,0.9992416736153968,I67-L89,19-45410941-45425351
142,2.7797861417303124e-19,2.832762622421298e-10,2.348925850882609e-11,0.0229598708922661,0.9770401288009678,B97-J12,3-45840938-45910644
646,2.688577276978251e-11,2.006301523782584e-05,2.3620055163637027e-07,0.1754357892856271,0.8245439114716964,H26-L57,15-28185985-28570667
603,1.58064147259648e-11,1.9792173128459626e-07,4.25280978425742e-05,0.5320522710884314,0.4679050028761886,I25-I35,2-145633861-145853985
1433,1.898326699978803e-153,8.587595875134697e-120,2.210544985559093e-34,1.0,2.581827283766805e-30,E11-I25,9-21689958-22140220
5174,1.981406546115422e-113,8.51580617420886e-107,7.445791971306633e-10,0.0022022987847981,0.9977977004706508,I24-I25,6-160241487-161661100
1626,0.0,2.656070041999236e-09,0.0,0.0003584582130226072,0.9996415391308948,G30-L89,19-45221789-45652986
494,1.0732197693154597e-23,0.0005172708967333345,2.073592521947272e-20,0.9994309071990428,5.1821904226590384e-05,I25-K76,19-45318631-45429234
545,5.921687014469761e-13,8.613083778136438e-06,5.202399632296018e-09,0.0747435671207811,0.9252478145924488,H25-L57,15-28229318-28570667
1213,6.080111574484963e-27,4.057705239964688e-05,1.4983491328506378e-22,0.9999584789593344,9.439882668991644e-07,I48-K57,10-105295388-105695644
356,8.517113507195527e-41,3.852947378512981e-07,2.210544118963829e-34,0.9999996079653272,6.739936769667852e-09,E11-I24,9-22002367-22140220
5174,1.9275834094315882e-110,7.243533691814866e-07,2.661074799837472e-104,0.9999870635610107,1.2212085632599975e-05,I25-N18,6-160241487-161661100
98,2.078333234170669e-15,3.339630006971972e-06,1.1360811022130484e-11,0.0172727245983072,0.9827239357603196,H25-H26,3-181341947-181377530
1626,0.0,0.0,2.0345053427805482e-258,0.0,1.0,F03-G30,19-45221789-45652986
509,2.796372038135349e-124,2.6560700430779884e-09,1.4298384398163296e-118,0.0003584578101400519,0.9996415395337704,F05-L89,19-45323138-45439554
494,1.1925825769365555e-40,2.0745302125176067e-20,5.748014308327526e-21,0.9998827902900695,0.000117209709936626,G31-I25,19-45318631-45429234
2918,6.88588162279953e-29,5.716440985694215e-21,1.1978180582691291e-08,0.9943850261759112,0.0056149618459102,E11-G31,19-45385467-46168469
103,6.294539548296358e-15,1.6330009483046112e-08,1.5691696671403526e-08,0.0397489308630059,0.9602510371152796,I24-I50,9-22080397-22126503
1314,5.0712874523176645e-11,2.8288365667493775e-07,0.00014706858952663504,0.8201899333389435,0.1796627151371586,E11-H26,16-69555583-70007767
509,6.2414656524092286e-139,5.928313442627113e-24,1.085720126783561e-118,3.127771581118561e-05,0.999968722284186,F05-G31,19-45323138-45439554
1626,0.0,2.0745226156084282e-20,0.0,0.9998791250633232,0.00012087493663642728,G30-I25,19-45221789-45652986
3249,1.2609078679347408e-123,1.0467658051152374e-115,1.19764450846676e-08,0.9942408071447812,0.0057591808787769,E11-F05,19-45323138-46168469
103,2.2903680281981958e-14,5.94193289805685e-08,1.209502401986605e-08,0.030408693932555,0.9695912345530688,I24-I65,9-22080397-22126503
744,1.4417761328182383e-19,1.0615303661139746e-11,4.584082221899228e-10,0.0327838105380025,0.9672161889929772,I44-I48,3-38578207-38799836
1314,2.600118369545957e-08,0.0001450383160253886,0.00017914872679623595,0.9993168243222048,0.00035896263378940946,E11-I25,16-69555583-70007767
1346,9.978858907571091e-25,1.2988549994571374e-13,2.038297233967781e-13,0.0255561703140825,0.974443829685584,H25-H26,11-68593165-68969149
13,9.829977874950563e-10,1.819504451290748e-06,1.444929900337537e-06,0.0016762087751859,0.9983205258074644,I25-I65,7-19048388-19053733
3618,2.4366141508299643e-263,2.0227999512326616e-255,1.1976445082715797e-08,0.994240807145742,0.0057591808778596,E11-F03,19-45224973-46168469
1314,4.36582423029506e-08,0.00024353191063967137,0.00017919329101648626,0.9995657573961212,1.1473743981102626e-05,E11-K57,16-69555583-70007767
509,2.3060151943158745e-121,2.19031580668688e-06,4.455507460190237e-118,0.0032351992781893,0.9967626104059836,F05-K76,19-45323138-45439554
2081,3.517297303592729e-17,1.0200250532984432e-10,3.448183490279478e-07,0.999981856028469,1.7799051176882387e-05,H26-M17,16-69546741-70383554
4749,2.954084259209628e-16,1.4324420912634434e-08,1.5654979055721937e-08,0.7588723223953927,0.2411276476252042,G20-J84,17-43571419-44866603
2159,3.1450233006787866e-261,1.0092803725539244e-11,3.764776277126174e-251,0.1199366823879053,0.8800633176019464,I48-I50,4-111312489-112077097
4528,3.569016731341708e-14,1.7304291802978138e-06,1.6143519941994775e-08,0.7824971815192715,0.2175010719079942,G20-M16,17-43571419-44569241
1200,1.2061185372648783e-278,5.928313442601502e-24,2.098076388019138e-258,3.1277715806667885e-05,0.9999687222842428,F03-G31,19-45224973-45523289
49,8.726483030604447e-12,2.5922356958176933e-06,1.5863822546114032e-08,0.0037161288719605,0.9962812630197958,I67-K76,19-45410941-45425351
1626,0.0,5.928313442601502e-24,0.0,3.1277715806667885e-05,0.9999687222842428,G30-G31,19-45221789-45652986
2081,2.4845679117773508e-14,1.0197938397325909e-10,0.0002435746914290652,0.9997552023144296,1.2228921384393406e-06,K57-M17,16-69546741-70383554
151,6.502459574621042e-11,6.198175853952315e-07,1.2530159470345885e-05,0.1185566547078706,0.8814301952500505,M15-M16,2-70697234-70731714
494,6.974996117142346e-26,3.361811438236031e-06,2.074581990581193e-20,0.9999077746481736,8.886354038835239e-05,I25-I67,19-45318631-45429234
333,3.293406454001518e-18,1.4154464840501125e-11,8.344261484190977e-10,0.0025888013589487,0.997411197792469,I24-I65,6-160984526-161112700
5174,1.3308095528779806e-111,5.0009580838337546e-08,7.071811078806417e-107,0.0016591266336072,0.9983408233568024,I25-I70,6-160241487-161661100
3,3.0892783809885164e-11,6.12843630903418e-08,5.040888926107031e-07,1.2364289304384905e-11,0.9999994345834864,H25-H26,7-127014083-127016083
2918,4.0319827328927455e-14,3.34722445294504e-06,1.1992381829102704e-08,0.9955651521794038,0.00443148860372,E11-I67,19-45385467-46168469
1787,1.0104547789712647e-13,3.2870629061513727e-10,0.0003073084342121105,0.99969060839109,2.0828458909583843e-06,K31-K63,20-6280204-6715972
2081,1.4073056895069296e-14,1.0197900639687844e-10,0.00013796525643076728,0.9997513913227988,0.00011064331877775368,I25-M17,16-69546741-70383554
1626,0.0,0.0,1.0528231533034302e-118,4.5474735088863515e-15,1.0,F05-G30,19-45221789-45652986
1200,5.403788692939766e-264,2.65607004283174e-09,2.7630605650374843e-258,0.00035845789973533145,0.9996415394442172,F03-L89,19-45224973-45523289
333,1.4359434144103742e-14,6.171424892765883e-08,7.627280036190495e-10,0.00228034731738,0.99771959020563,I24-I70,6-160984526-161112700
2081,3.2407013719246768e-15,1.808168841296353e-11,3.177022583840878e-05,0.1764403599404987,0.8235278698155797,E11-M17,16-69546741-70383554
2248,7.737218330108092e-36,3.3253453339841004e-29,7.66038522630623e-10,0.0022946181882262,0.9977053810457392,I24-I35,6-160467180-161124451
148,1.5586616058245586e-29,2.7113347577827933e-09,7.969733494275633e-24,0.00038674382061051096,0.9996132534680572,G31-L89,19-45385467-45429234
1172,3.5344415514315155e-08,0.00024351744098063087,0.00014503441671969076,0.9992638785042672,0.0003475342936176891,I25-K57,16-69566411-69970299
646,2.827469220026368e-15,4.112553409166436e-08,2.1099470910365634e-09,0.0297188951137923,0.9702810616507254,H25-H26,15-28185985-28570667
2248,6.121333521260837e-34,6.060546681109944e-08,3.2527856142123344e-29,0.0022227071589688,0.99777723223557,I35-I70,6-160467180-161124451
616,8.647461357835961e-11,0.0002507457143571613,3.447811827863423e-07,0.9997431604500774,5.748967907994103e-06,H26-K57,16-69732665-69941355
103,2.8008045155719575e-14,6.98214294422023e-08,1.479054783935392e-08,0.0359073558630749,0.964092559524921,I50-I65,9-22080397-22126503
4065,1.8843295922998638e-34,4.364867158259207e-31,0.0004315132042370088,0.9995585711447338,9.915651026811844e-06,I35-I48,1-169626908-170710460
509,4.8208044936491585e-124,4.578930923531689e-09,1.4338581699768001e-118,0.0003622796827196197,0.9996377157383516,F05-I67,19-45323138-45439554
5174,4.726958932694835e-115,1.7763115267160888e-11,1.1976348722403755e-106,0.00350401408548,0.9964959858967756,I25-I65,6-160241487-161661100
14,2.306294234209284e-19,1.3762549580307419e-11,3.0398516993103217e-11,0.0008148118773429438,0.9991851880784955,H25-H26,7-46212277-46215253
