nsnps,hit1,hit2,PP.H0.abf,PP.H1.abf,PP.H2.abf,PP.H3.abf,PP.H4.abf,idx1,idx2,combo,region
5917,20:32665748:A:G,20:34025756:A:G,4.647055197105646e-36,2.613885605101993e-15,1.7778341898494014e-21,0.9999999999999716,2.1786203396121158e-14,1,1,L57-M17,20-31927890-34639903
1383,9:22103813:A:G,9:22124140:A:T,8.112550467095214e-122,2.7660307674235942e-08,1.7079031285854733e-115,0.0563448402859307,0.943655132053739,1,1,I25-I50,9-21689958-22126913
1383,9:22103813:A:G,9:21741166:A:AT,1.1548127197642147e-114,0.3937414659466117,1.7586902859413647e-114,0.5996244735502534,0.0066340605031135,1,2,I25-I50,9-21689958-22126913
5174,6:161013013:T:C,6:160766334:C:T,6.950597104930118e-58,0.0434966616952681,1.5274300443079472e-56,0.9558605907936356,0.0006427475111033386,2,2,I25-N18,6-160241487-161661100
5174,6:161017363:G:A,6:160766334:C:T,3.838550596620792e-06,0.0434807805543827,8.435415575614333e-05,0.9555110399431062,0.0009199867961578694,4,2,I25-N18,6-160241487-161661100
5174,6:161010118:A:G,6:160766334:C:T,1.0487469095551502e-121,0.0433634997816723,2.3046761513387292e-120,0.9529281569477184,0.0037083432706045,1,2,I25-N18,6-160241487-161661100
5174,6:160891897:C:A,6:160766334:C:T,4.1471233774353503e-16,0.0434213286403273,9.113520390433047e-15,0.9542016389652562,0.0023770323944039,3,2,I25-N18,6-160241487-161661100
5174,6:160575366:G:A,6:160766334:C:T,0.0014275440669925,0.0419671746567403,0.0313710270438686,0.9222446198914372,0.002989634340961,5,2,I25-N18,6-160241487-161661100
5174,6:161013013:T:C,6:160661168:T:G,2.7805101380664077e-59,0.0017400362442235,1.5951426081031774e-56,0.9982361806732034,2.378308257603889e-05,2,1,I25-N18,6-160241487-161661100
5174,6:161017363:G:A,6:160661168:T:G,1.5359579754611652e-07,0.0017398403379279,8.811591719704254e-05,0.9981237430439028,4.814710517529537e-05,4,1,I25-N18,6-160241487-161661100
5174,6:161010118:A:G,6:160661168:T:G,4.2072274849348734e-123,0.0017396009128818,2.4136318481001355e-120,0.9979859353666732,0.00027446372046299885,1,1,I25-N18,6-160241487-161661100
5174,6:160891897:C:A,6:160661168:T:G,1.661791648757089e-17,0.0017399337985709,9.533483185088516e-15,0.9981772909464902,8.277525492981784e-05,3,1,I25-N18,6-160241487-161661100
5174,6:160575366:G:A,6:160661168:T:G,5.719491741573534e-05,0.0016814255644806,0.0328119824084604,0.9646103632760084,0.0008390338336341868,5,1,I25-N18,6-160241487-161661100
494,19:45425178:G:A,19:45411941:T:C,8.845252687234158e-06,0.000383805865782201,0.0225112875769034,0.9767905020166188,0.000305559288008315,3,1,I25-K76,19-45318631-45429234
494,19:45412079:C:T,19:45411941:T:C,4.2640046648433084e-16,0.0003927660371090755,1.0851949473199334e-12,0.9995948454253168,1.2388536487701132e-05,1,1,I25-K76,19-45318631-45429234
494,19:45422160:C:G,19:45411941:T:C,7.599458977302646e-10,0.000384303133661,1.934072575607038e-06,0.9780134660123182,0.0216002960214988,2,1,I25-K76,19-45318631-45429234
494,19:45421877:A:G,19:45411941:T:C,7.694997446339387e-05,0.0002771913074210167,0.195838724503697,0.7052585246624602,0.098548609551959,4,1,I25-K76,19-45318631-45429234
2918,19:46164766:G:A,19:45411941:T:C,1.4032675175097578e-08,3.052648895501997e-06,0.0045754868065166,0.9953449663426122,7.648016930227002e-05,3,1,E11-I67,19-45385467-46168469
2918,19:46161036:T:A,19:45411941:T:C,4.125361029706947e-16,3.0669155275005066e-06,1.345113082717023e-10,0.9999968898640692,4.3085891368116344e-08,1,1,E11-I67,19-45385467-46168469
494,19:45425178:G:A,19:45411941:T:C,4.448383005429135e-08,1.9302054459039124e-06,0.0225208612451144,0.977205983441775,0.000271180623834893,3,1,I25-L89,19-45318631-45429234
494,19:45412079:C:T,19:45411941:T:C,2.1443708143913946e-18,1.9752230428008198e-06,1.0856321838753838e-12,0.9999976167627316,4.080131374303615e-07,1,1,I25-L89,19-45318631-45429234
494,19:45422160:C:G,19:45411941:T:C,2.729412526342758e-12,1.380258502690947e-06,1.3818216801795525e-06,0.6981808510162495,0.30181638690084,2,1,I25-L89,19-45318631-45429234
494,19:45421877:A:G,19:45411941:T:C,4.225331963548385e-07,1.522060662698408e-06,0.2139161910057703,0.7705436909211076,0.0155381734792631,4,1,I25-L89,19-45318631-45429234
14,7:46214253:A:G,7:46214253:A:G,1.6678172500379969e-19,1.4983035359431438e-11,4.034485106275667e-11,0.0016276832229689,0.998372316721704,1,1,H25-H26,7-46212277-46215253
148,19:45413234:GGT:G,19:45411941:T:C,8.265399073128459e-20,3.4408476039577104e-08,2.695010739399353e-14,0.0092376811382326,0.9907622844532612,1,1,G31-I67,19-45385467-45429234
148,19:45427125:T:A,19:45411941:T:C,1.3322341849534617e-07,2.8905390866500404e-06,0.0434387426920156,0.942459129051652,0.0140991044938266,2,1,G31-I67,19-45385467-45429234
98,3:181368028:G:GT,3:181363464:A:ACT,2.526555806920801e-16,6.616964415412932e-07,1.2802624882975202e-11,0.0315928296061879,0.968406508684568,1,1,H25-H26,3-181341947-181377530
1383,9:22103813:A:G,9:22100176:G:C,2.177721875547509e-121,7.425094900904399e-08,1.1499272669648564e-115,0.0372821380924906,0.962717787656537,1,1,I25-I65,9-21689958-22126913
333,6:161010118:A:G,6:160985526:G:A,9.373877056773952e-23,4.342638539233842e-12,1.531973747612354e-13,0.0051073936784292,0.9948926063170732,1,1,I24-I65,6-160984526-161112700
333,6:161111700:C:T,6:160985526:G:A,2.41043592151067e-16,6.11882112666547e-10,3.939378049968796e-07,0.9999996026789624,2.7713502346342806e-09,2,1,I24-I65,6-160984526-161112700
333,6:161015762:G:A,6:160985526:G:A,1.025885715166885e-10,5.077771415359704e-10,0.1676606140839523,0.8298557678262163,0.0024836174794651,3,1,I24-I65,6-160984526-161112700
333,6:161010118:A:G,6:161013013:T:C,5.756606818892603e-12,0.2666864785566409,1.5769055447951503e-11,0.7305278835673243,0.002785637854509,1,2,I24-I65,6-160984526-161112700
333,6:161111700:C:T,6:161013013:T:C,8.304688785807622e-10,0.002108120972622,2.274900858463938e-09,0.0037865586965316,0.994105317225475,2,2,I24-I65,6-160984526-161112700
333,6:161015762:G:A,6:161013013:T:C,0.0447198983521635,0.2213476785895858,0.1225010807456322,0.6063268097319597,0.0051045325806585,3,2,I24-I65,6-160984526-161112700
1064,1:51371609:T:A,1:51458372:A:G,6.262189389586157e-13,3.5197675943341013e-06,1.779141549859443e-07,0.9999960685338584,2.3378376648025087e-07,1,1,E11-H26,1-50932200-51533590
744,3:38686894:C:G,3:38634142:C:A,1.4120332372853944e-05,0.00017320226419153476,0.0752991395793011,0.9236295689479356,0.0008839688761984635,3,2,I44-I48,3-38578207-38799836
744,3:38774832:T:C,3:38634142:C:A,8.100081171305909e-14,0.00018748766834454688,4.319509814757693e-10,0.999810747045447,1.7648541781606816e-06,1,2,I44-I48,3-38578207-38799836
744,3:38579207:G:A,3:38634142:C:A,6.1936469571147995e-09,0.00018327392033070609,3.3028704595176545e-05,0.9772952261063262,0.0224884650751004,2,2,I44-I48,3-38578207-38799836
744,3:38686894:C:G,3:38767315:C:T,1.83863859754708e-12,2.2553036268277097e-11,0.075319997521744,0.9238855949418364,0.0007944075120283003,3,1,I44-I48,3-38578207-38799836
744,3:38774832:T:C,3:38767315:C:T,1.0242300658111469e-21,2.3707232412382635e-12,4.1957677882706365e-11,0.0953075084036801,0.9046924915519908,1,1,I44-I48,3-38578207-38799836
744,3:38579207:G:A,3:38767315:C:T,8.249299210432114e-16,2.4410196718431907e-11,3.379332930978364e-05,0.9999659301036552,2.765426234870871e-07,2,1,I44-I48,3-38578207-38799836
744,3:38686894:C:G,3:38699265:A:AT,7.55747275752333e-07,9.270117434950423e-06,0.0751864506798977,0.9222439576194396,0.0025595658359511,3,3,I44-I48,3-38578207-38799836
744,3:38774832:T:C,3:38699265:A:AT,4.34259441633811e-15,1.005154003356755e-05,4.3202836633684956e-10,0.9999898684626576,7.956527348520916e-08,1,3,I44-I48,3-38578207-38799836
744,3:38579207:G:A,3:38699265:A:AT,3.3967448447012795e-10,1.0051182257593768e-05,3.3792935407420966e-05,0.9999542710684114,1.884474249864266e-06,2,3,I44-I48,3-38578207-38799836
494,19:45413234:GGT:G,19:45425178:G:A,6.507882762605314e-14,0.02252068777109,2.823846493063639e-12,0.9771984368112576,0.0002808754147645275,1,3,G31-I25,19-45318631-45429234
494,19:45427125:T:A,19:45425178:G:A,0.0011591810665605,0.0211544685950515,0.0502982230786593,0.917898169699401,0.0094899575603273,2,3,G31-I25,19-45318631-45429234
494,19:45413234:GGT:G,19:45412079:C:T,3.1371971762098486e-24,1.0856347703086646e-12,2.889735352986542e-12,0.9999999999944222,1.6048951028429436e-12,1,1,G31-I25,19-45318631-45429234
494,19:45427125:T:A,19:45412079:C:T,5.5986116828318e-14,1.0217183357882724e-12,0.0515699371088568,0.9411106490922844,0.0073194137977798,2,1,G31-I25,19-45318631-45429234
494,19:45413234:GGT:G,19:45422160:C:G,5.6520988841797815e-18,1.9559226689415862e-06,2.8582551987450943e-12,0.989084388167457,0.0109136559070191,1,2,G31-I25,19-45318631-45429234
494,19:45427125:T:A,19:45422160:C:G,1.272397278797679e-09,2.322060724699395e-08,0.000643448780977996,0.0097634288472149,0.989593097878804,2,2,G31-I25,19-45318631-45429234
494,19:45413234:GGT:G,19:45421877:A:G,6.196202885869133e-13,0.2144211192014811,2.2320131890323045e-12,0.7723672101147542,0.0132116706809129,1,4,G31-I25,19-45318631-45429234
494,19:45427125:T:A,19:45421877:A:G,0.0112153986849447,0.2046753575484227,0.0404004165876194,0.7372743146464584,0.0064345125325549,2,4,G31-I25,19-45318631-45429234
616,16:69939705:G:T,16:69885727:C:CA,1.6881752141290262e-11,0.00011418941245862548,1.478221091420277e-07,0.9998796004920942,6.062256455766031e-06,1,1,H26-K57,16-69732665-69941355
2081,16:69885727:C:CA,16:69970529:A:G,3.961910416678827e-14,3.5898958129147307e-10,0.00011035049980937549,0.9998883228153572,1.326325803902295e-06,1,1,K57-M17,16-69546741-70383554
2918,19:46164766:G:A,19:45411941:T:C,1.5539171396669134e-23,3.3803700156359218e-21,0.0045754851318622,0.9953445951615232,7.99197066172807e-05,3,1,E11-G31,19-45385467-46168469
2918,19:46161036:T:A,19:45411941:T:C,4.568260444805587e-31,3.396180065441664e-21,1.345117265915658e-10,0.9999999998639596,1.5223661257937837e-12,1,1,E11-G31,19-45385467-46168469
843,7:96078564:C:T,7:96117918:G:C,2.0816552305304445e-14,0.000121494719734662,6.605538185543098e-11,0.3842976226265913,0.6155808825875991,1,1,K57-M81,7-96076048-96372732
2248,6:161010118:A:G,6:161010118:A:G,9.4960714689578e-40,6.887314315681791e-11,8.763820811488869e-32,0.0043649571957105,0.995635042735416,1,1,I35-I70,6-160467180-161124451
2248,6:161013013:T:C,6:161010118:A:G,1.3730731641966758e-16,1.0835537887417809e-08,1.267194250951068e-08,0.9999999763251498,1.6736912938064302e-10,2,1,I35-I70,6-160467180-161124451
2248,6:161010118:A:G,6:161111700:C:T,1.0911268528400536e-31,0.0079137289755622,1.3677624996600429e-29,0.9920111541414732,7.51168829682053e-05,1,2,I35-I70,6-160467180-161124451
2248,6:161013013:T:C,6:161111700:C:T,4.864625583047767e-12,0.0003838894837337732,6.097964164350883e-10,0.046214975551929,0.953401134349675,2,2,I35-I70,6-160467180-161124451
103,9:22090935:C:T,9:22100176:G:C,4.2102917293804754e-14,1.1581898223502783e-07,2.222257280982481e-08,0.0592495546878054,0.9407503072705976,1,1,I24-I65,9-22080397-22126503
76,6:160985526:G:A,6:161010118:A:G,4.249599754913587e-16,1.985129262814064e-07,1.727865167066692e-11,0.0060835999745533,0.9939162014952412,1,1,I65-I70,6-160984526-161011118
5174,6:161010118:A:G,6:161013013:T:C,1.11547953931345e-64,1.597961035431038e-56,6.980642873846818e-09,0.999999992965428,5.392651206770545e-11,1,2,I24-I25,6-160241487-161661100
5174,6:161111700:C:T,6:161013013:T:C,3.049280599322889e-64,8.274450089813755e-59,1.9082321222246395e-08,0.0031844990708571,0.9968154818468192,2,2,I24-I25,6-160241487-161661100
5174,6:161010118:A:G,6:161017363:G:A,6.16068285436815e-13,8.825380301450957e-05,6.978449092002217e-09,0.9996852735879496,0.00022646562997140807,1,4,I24-I25,6-160241487-161661100
5174,6:161111700:C:T,6:161017363:G:A,3.252983455713649e-10,8.827212967304201e-05,3.684782998807917e-06,0.9998932903227616,1.4752439268804032e-05,2,4,I24-I25,6-160241487-161661100
5174,6:161010118:A:G,6:161010118:A:G,1.029446392774709e-130,1.4747157305382163e-122,4.256546362292952e-11,0.0041058540159591,0.995894145941472,1,1,I24-I25,6-160241487-161661100
5174,6:161111700:C:T,6:161010118:A:G,8.912571066767013e-126,2.4184925611718243e-120,3.6851624542266858e-06,0.9999962878286632,2.7008859976660416e-08,2,1,I24-I25,6-160241487-161661100
5174,6:161010118:A:G,6:160891897:C:A,6.667135238698266e-23,9.550889957108808e-15,6.9806428201336465e-09,0.9999999852554424,7.763901767404676e-09,1,3,I24-I25,6-160241487-161661100
5174,6:161111700:C:T,6:160891897:C:A,3.519636886484265e-20,9.550796918443015e-15,3.68514018112388e-06,0.9999902317440044,6.083115801693112e-06,2,3,I24-I25,6-160241487-161661100
5174,6:161010118:A:G,6:160575366:G:A,2.2956169914916658e-10,0.0328854665226303,6.748692489043388e-09,0.9667716536407114,0.00034287285840489977,1,5,I24-I25,6-160241487-161661100
5174,6:161111700:C:T,6:160575366:G:A,1.211166331362532e-07,0.0328659007686841,3.5606066489938803e-06,0.9661952718510204,0.0009351456570134914,2,5,I24-I25,6-160241487-161661100
1346,11:68944155:A:G,11:68942162:A:ATTT,9.243137482454882e-26,5.010540869124124e-14,9.628578585853304e-14,0.0502954073557056,0.9497045926441468,1,1,H25-H26,11-68593165-68969149
1346,11:68629509:A:AC,11:68942162:A:ATTT,1.9872798940034447e-16,9.597685341879228e-13,0.0002070149953716411,0.9997911140684044,1.8709352627740384e-06,2,1,H25-H26,11-68593165-68969149
1346,11:68944155:A:G,11:68633427:T:C,2.5813147807662443e-19,1.3992849537999476e-07,1.844738207109029e-12,0.9999998590392736,1.0303885713824312e-09,1,2,H25-H26,11-68593165-68969149
1346,11:68629509:A:AC,11:68633427:T:C,4.535330887864672e-12,2.1903647752074233e-08,3.241177028491721e-05,0.1548443078286674,0.8451232584928645,2,2,H25-H26,11-68593165-68969149
103,9:22124140:A:T,9:22100176:G:C,3.3920115388003294e-14,1.356384423514076e-07,1.7903563039762955e-08,0.069731537154602,0.93026830930336,1,1,I50-I65,9-22080397-22126503
4528,17:44330398:A:G,17:43900760:G:A,2.1283514838527853e-14,1.031555605815848e-06,1.809880493542201e-08,0.8769550620968094,0.1230438882487596,1,1,G20-M16,17-43571419-44569241
356,9:22132729:A:G,9:22100176:G:C,9.00662744284246e-38,1.8937878388931608e-06,4.7558707812303565e-32,0.9999980909306492,1.5281511216595927e-08,1,1,E11-I65,9-22002367-22140220
356,9:22137685:T:G,9:22100176:G:C,1.0365251907188086e-17,1.893787837483748e-06,5.473280536841004e-12,0.999998090184936,1.6021750916319636e-08,2,1,E11-I65,9-22002367-22140220
356,9:22057530:A:C,9:22100176:G:C,6.763650829836052e-07,1.2075783328487302e-06,0.3571486614739974,0.637640750655743,0.0052087039268433,4,1,E11-I65,9-22002367-22140220
356,9:22072264:A:G,9:22100176:G:C,1.8528091891483853e-09,4.4322843577411947e-07,0.0009783596736721376,0.2325098730438987,0.7665113222011826,3,1,E11-I65,9-22002367-22140220
1383,9:22090935:C:T,9:22103813:A:G,5.478260730150681e-122,1.5076680885644373e-115,1.8678512747657435e-08,0.0495040049955579,0.950495976325954,1,1,I24-I25,9-21689958-22126913
49,19:45411941:T:C,19:45411941:T:C,7.206702479489807e-12,1.7163732645096535e-08,3.656097972694185e-06,0.0067209389961969,0.9932753877348924,1,1,K76-L89,19-45410941-45425351
641,20:19476765:G:A,20:19457268:A:G,3.1007235629446573e-43,9.012937928010668e-26,2.226117981988964e-20,0.0044796629487127,0.9955203370512904,1,1,H25-H26,20-19454203-19616216
603,2:145829816:A:G,2:145852959:T:A,1.5539970175586057e-07,0.0049387943961824,2.28761841342024e-05,0.7264962935974529,0.2685418804225292,1,1,I25-I35,2-145633861-145853985
2081,16:69965021:C:T,16:69970529:A:G,5.257130979258548e-12,3.5367859806047217e-10,0.0146426084921637,0.9850951987175492,0.00026219243135006164,2,1,I25-M17,16-69546741-70383554
1433,9:22132729:A:G,9:22103813:A:G,1.148869140576172e-145,2.6272958079458446e-114,4.3728199051722014e-32,1.0,1.7034928836938275e-34,1,1,E11-I25,9-21689958-22140220
1433,9:22137685:T:G,9:22103813:A:G,1.1585350352613347e-125,2.6272958079343452e-114,4.4096101845763284e-12,0.9999999999955662,3.938400169396404e-14,2,1,E11-I25,9-21689958-22140220
1433,9:22072264:A:G,9:22103813:A:G,2.4749124563681163e-117,6.0742363195686e-115,0.0009419999258869102,0.2296584761580136,0.7693995239161092,3,1,E11-I25,9-21689958-22140220
2248,6:161010118:A:G,6:160985526:G:A,5.663536286773376e-41,4.107651745544263e-12,6.867912062559351e-32,0.0029871361371585,0.9970128638587286,1,1,I35-I65,6-160467180-161124451
2248,6:161013013:T:C,6:160985526:G:A,1.0449756242681686e-17,8.246372635802207e-10,1.2671942637239821e-08,0.9999999864049656,9.845253858707544e-11,2,1,I35-I65,6-160467180-161124451
2248,6:161010118:A:G,6:161010118:A:G,4.8140489051887526e-40,8.888412068846102e-32,3.491535215323904e-11,0.0044555018793879,0.9955444980857012,1,1,I24-I35,6-160467180-161124451
2248,6:161111700:C:T,6:161010118:A:G,4.728854722832885e-35,1.3787723670799656e-29,3.429745546441308e-06,0.9999965451420104,2.5112440216117593e-08,2,1,I24-I35,6-160467180-161124451
2248,6:161010118:A:G,6:161013013:T:C,6.863245180910079e-17,1.2671942578667913e-08,5.4160954512498725e-09,0.999999981782736,1.2922256747873826e-10,1,2,I24-I35,6-160467180-161124451
2248,6:161111700:C:T,6:161013013:T:C,2.4108107710702043e-16,7.029100000388847e-11,1.902479207261269e-08,0.0035540871612434,0.9964458937436738,2,2,I24-I35,6-160467180-161124451
247,9:136142203:A:C,9:136145404:C:A,2.1602033376222715e-15,1.071109384829947e-11,1.667078698043124e-05,0.0808216562785473,0.9191616729237612,1,1,E11-K57,9-136131908-136156000
356,9:22132729:A:G,9:22090935:C:T,1.728095912158729e-38,3.633598751203978e-07,4.75587811674443e-32,0.9999996333641368,3.275990875225414e-09,1,1,E11-I24,9-22002367-22140220
356,9:22137685:T:G,9:22090935:C:T,1.988774287927759e-18,3.633598673435162e-07,5.473288865827053e-12,0.999999611918551,2.4716107594263316e-08,2,1,E11-I24,9-22002367-22140220
356,9:22057530:A:C,9:22090935:C:T,1.297801395036119e-07,2.3170871536910202e-07,0.3571668222293516,0.6376732730854597,0.0051595431963333,4,1,E11-I24,9-22002367-22140220
356,9:22072264:A:G,9:22090935:C:T,4.0564786385360573e-10,9.70389553462796e-08,0.0011163800488339,0.2655935067124397,0.7332900157941238,3,1,E11-I24,9-22002367-22140220
3220,6:44755194:C:CCTGT,6:44683123:C:T,8.969188697456609e-14,3.6556605641196564e-07,1.5604495717400285e-07,0.6352783566922071,0.3647211216966911,1,1,M16-M81,6-44605860-45401394
13,7:19049388:G:A,7:19052733:G:A,9.791262828384803e-10,3.548538206263019e-06,1.4648154316549565e-06,0.0033154080748014,0.996679577592434,1,1,I25-I65,7-19048388-19053733
49,19:45411941:T:C,19:45411941:T:C,1.296306672312132e-11,4.220951623438116e-06,3.087328943152849e-08,0.0080689111485477,0.9919268370135748,1,1,I67-K76,19-45410941-45425351
4065,1:170645489:T:C,1:170193825:G:C,1.1856813353119452e-40,8.580619667394925e-37,0.00013816197651478896,0.9998600242416024,1.8137818778454917e-06,1,1,I35-I48,1-169626908-170710460
4065,1:170645489:T:C,1:170185304:T:C,1.7822045748127951e-31,1.2897579788532672e-27,0.000138161725643671,0.9998582050815342,3.6331928199698177e-06,1,2,I35-I48,1-169626908-170710460
4065,1:170645489:T:C,1:170674261:T:C,1.7877986761813914e-14,1.2938063563384494e-10,0.00013816092824384972,0.99985242283822,9.416104138328924e-06,1,4,I35-I48,1-169626908-170710460
4065,1:170645489:T:C,1:170635002:G:T,2.4876436444919508e-15,1.8002749428269954e-11,0.00013816206830371674,0.9998606898373884,1.1480763018722324e-06,1,3,I35-I48,1-169626908-170710460
356,9:22132729:A:G,9:22124140:A:T,1.1883019213352988e-38,2.498595330871097e-07,4.7558786553246587e-32,0.99999974660874,3.531722353649037e-09,1,1,E11-I50,9-22002367-22140220
356,9:22137685:T:G,9:22124140:A:T,1.3675539328883157e-18,2.498595334099836e-07,5.473289609866413e-12,0.9999997479035548,2.231435549119499e-09,2,1,E11-I50,9-22002367-22140220
356,9:22057530:A:C,9:22124140:A:T,8.92389661628851e-08,1.5932673743114144e-07,0.3571564488597241,0.6376546944009788,0.005188608173592,4,1,E11-I50,9-22002367-22140220
356,9:22072264:A:G,9:22124140:A:T,2.8424442429927256e-10,6.79968624386998e-08,0.0011376165990718,0.2706839308933468,0.7281783842264754,3,1,E11-I50,9-22002367-22140220
148,19:45413234:GGT:G,19:45411941:T:C,2.101854258978715e-20,8.749922571056021e-09,1.6583905871966633e-14,0.0049136309892511,0.9950863602608128,1,1,G31-L89,19-45385467-45429234
148,19:45427125:T:A,19:45411941:T:C,5.515527849984205e-08,1.1967001758360624e-06,0.0435182383876574,0.9441875538334816,0.0122929559234053,2,1,G31-L89,19-45385467-45429234
4749,17:44330398:A:G,17:44184194:G:GAACTGAGGAGATATGGA,3.3653075065296283e-16,1.6312578644130225e-08,1.7809610058124615e-08,0.8630071979243316,0.1369927679534806,1,1,G20-J84,17-43571419-44866603
494,19:45425178:G:A,19:45411941:T:C,6.3104860909585e-08,2.738193767084121e-06,0.0225209799984085,0.9772111485070444,0.0002650701959176879,3,1,I25-I67,19-45318631-45429234
494,19:45412079:C:T,19:45411941:T:C,3.0419918591183087e-18,2.8020398225053825e-06,1.085631706132469e-12,0.999997177479206,2.04798875023175e-08,1,1,I25-I67,19-45318631-45429234
494,19:45422160:C:G,19:45411941:T:C,3.180958819595402e-12,1.6086045678625829e-06,1.1352264931620844e-06,0.5732282486493501,0.426769007516409,2,1,I25-I67,19-45318631-45429234
494,19:45421877:A:G,19:45411941:T:C,5.996633579678353e-07,2.160123786482284e-06,0.2140089732536094,0.7708787710327959,0.0151094959264508,4,1,I25-I67,19-45318631-45429234
3,7:127015083:G:A,7:127015083:G:A,6.102101387127018e-11,1.2085441729085341e-07,1.009825685586483e-06,8.296182607374646e-11,0.9999988691759149,1,1,H25-H26,7-127014083-127016083
333,6:161010118:A:G,6:161010118:A:G,7.03767233449909e-19,3.260344350709201e-08,1.366941054578547e-13,0.0043413141848166,0.9956586532116016,1,1,I24-I70,6-160984526-161112700
333,6:161111700:C:T,6:161010118:A:G,2.0281714415950447e-12,5.148453918473686e-06,3.939357613524578e-07,0.9999944148673952,4.27408983192997e-08,2,1,I24-I70,6-160984526-161112700
333,6:161015762:G:A,6:161010118:A:G,8.632200791841618e-07,4.272634055083643e-06,0.1676649479102755,0.8298772806974407,0.0024526355381488,3,1,I24-I70,6-160984526-161112700
333,6:161010118:A:G,6:161111700:C:T,3.152054963844406e-13,0.0146025334884058,2.1267581940649692e-11,0.9852635714132638,0.00013389507674891815,1,2,I24-I70,6-160984526-161112700
333,6:161111700:C:T,6:161111700:C:T,2.076916592360981e-11,5.272192058810633e-05,1.4013395806416684e-09,0.001560485981179,0.9983867906761256,2,2,I24-I70,6-160984526-161112700
333,6:161015762:G:A,6:161111700:C:T,0.0024491647704808,0.0121224992990866,0.165250330466398,0.8179261800652895,0.0022518253987446,3,2,I24-I70,6-160984526-161112700
5174,6:161013013:T:C,6:161010118:A:G,7.32780181015412e-85,4.585719924410037e-29,1.5979610466718284e-56,1.0,1.8766891326352128e-31,2,1,I25-I35,6-160241487-161661100
5174,6:161017363:G:A,6:161010118:A:G,4.047984273818731e-33,4.585311863609461e-29,8.827369182036369e-05,0.999911013462418,7.128457561336451e-07,4,1,I25-I35,6-160241487-161661100
5174,6:161010118:A:G,6:161010118:A:G,4.902825849457491e-151,2.0272163447204656e-31,1.069150739747424e-122,0.0024255666985356,0.9975744333014532,1,1,I25-I35,6-160241487-161661100
5174,6:160891897:C:A,6:161010118:A:G,4.3797707017258494e-43,4.5857199244099066e-29,9.550890097783971e-15,0.9999999999999858,5.194899015454649e-17,3,1,I25-I35,6-160241487-161661100
5174,6:160575366:G:A,6:161010118:A:G,1.5080555436349616e-30,4.433406425423046e-29,0.0328859059971696,0.9667846001433208,0.0003294938595098096,5,1,I25-I35,6-160241487-161661100
5174,6:161013013:T:C,6:161013013:T:C,1.1015504526172214e-67,6.893474999978805e-12,3.445957745382042e-59,0.00015678525207677772,0.9998432147410368,2,2,I25-I35,6-160241487-161661100
5174,6:161017363:G:A,6:161013013:T:C,2.821796713313539e-13,3.196360724505648e-09,8.827368929887079e-05,0.9999109848496396,7.382644195696637e-07,4,2,I25-I35,6-160241487-161661100
5174,6:161010118:A:G,6:161013013:T:C,7.731091479186911e-129,3.196645259360178e-09,2.418501531152178e-120,0.9999999967826056,2.0726444393044253e-11,1,2,I25-I35,6-160241487-161661100
5174,6:160891897:C:A,6:161013013:T:C,3.053080741934774e-23,3.19664524528776e-09,9.550890025009764e-15,0.9999999923714852,4.431857607381487e-09,3,2,I25-I35,6-160241487-161661100
5174,6:160575366:G:A,6:161013013:T:C,1.0512320457806529e-10,3.090429212667449e-09,0.0328854770269012,0.9667719630793112,0.0003425566982351508,5,2,I25-I35,6-160241487-161661100
3264,19:46164766:G:A,19:45412079:C:T,6.326574886440255e-18,1.140645907367591e-15,0.0055154492387325,0.9944043498391998,8.020092206710022e-05,3,1,E11-I25,19-45318631-46168469
3264,19:46161036:T:A,19:45412079:C:T,1.6644401734366735e-25,1.1470642937085536e-15,1.4510434875548414e-10,0.9999999998532942,1.6030903703671942e-12,1,1,E11-I25,19-45318631-46168469
3264,19:46164766:G:A,19:45742902:C:T,3.668556863066319e-07,6.614201913219398e-05,0.0055017816240226,0.9919353233253992,0.0024963861757605,3,3,E11-I25,19-45318631-46168469
3264,19:46161036:T:A,19:45742902:C:T,9.674825434370376e-15,6.667495161881129e-05,1.4509459380699094e-10,0.9999327716196668,5.532836086084905e-07,1,3,E11-I25,19-45318631-46168469
3264,19:46164766:G:A,19:45411941:T:C,2.080558384909853e-11,3.751129875777154e-09,0.0055153726452717,0.9943905126485312,9.411093426271502e-05,3,2,E11-I25,19-45318631-46168469
3264,19:46161036:T:A,19:45411941:T:C,5.473756494087531e-19,3.772289762664761e-09,1.4510434820446956e-10,0.9999999960558696,2.6738436375039885e-11,1,2,E11-I25,19-45318631-46168469
151,2:70698234:T:C,2:70711721:T:A,3.3588162502273745e-11,5.34665630066067e-07,1.291940376482938e-05,0.2040627831358839,0.7959237627611337,1,1,M15-M16,2-70697234-70731714
148,19:45413234:GGT:G,19:45411941:T:C,9.01808037930244e-18,3.754185368532487e-06,2.2951027729821013e-14,0.0075695538593238,0.992426691955284,1,1,G31-K76,19-45385467-45429234
148,19:45427125:T:A,19:45411941:T:C,1.7139777675105898e-05,0.0003718805437207426,0.0436207592036067,0.9464173809574516,0.0095728395175451,2,1,G31-K76,19-45385467-45429234
1213,10:105334141:G:GT,10:105595430:C:G,2.584151205819047e-27,1.386299303612287e-05,1.8640375274070708e-22,0.9999855725994804,5.644074811774525e-07,1,1,I48-K57,10-105295388-105695644
1213,10:105335156:T:C,10:105595430:C:G,8.896041008527707e-07,1.2963480012891553e-05,0.0641702166959385,0.9350991586903726,0.0007167715295751431,4,1,I48-K57,10-105295388-105695644
1213,10:105481879:T:C,10:105595430:C:G,3.403837545784888e-14,1.3862997916144726e-05,2.455305598315097e-09,0.999985925322672,2.092240731308654e-07,2,1,I48-K57,10-105295388-105695644
1213,10:105338726:G:A,10:105595430:C:G,2.108490987828768e-11,1.3862978000322092e-05,1.5209273817499871e-06,0.9999844888896662,1.2718386678292018e-07,3,1,I48-K57,10-105295388-105695644
142,3:45841938:C:T,3:45864732:T:C,1.4501087079918665e-18,2.3901479909708267e-09,2.8410639816056115e-11,0.0449177963596009,0.9550822012218378,1,1,B97-J12,3-45840938-45910644
1787,20:6671448:CAAAAA:C,20:6711572:C:T,3.1361001224525393e-09,1.6549281484643303e-05,0.0001894611850288921,0.999791570382474,2.4160149124937843e-06,1,2,K31-K63,20-6280204-6715972
1787,20:6671448:CAAAAA:C,20:6376017:G:A,1.660224820250014e-12,8.761049330472891e-09,0.000189464439529,0.9998087457336478,1.7810641132239993e-06,1,1,K31-K63,20-6280204-6715972
512,10:124214448:G:T,10:124238188:T:G,1.5985814960840236e-70,1.727199229278962e-05,9.255149671721945e-66,0.9999795015683356,3.226439379498161e-06,1,1,H35-I25,10-124099331-124239997
2918,19:46164766:G:A,19:45411941:T:C,9.232280339817448e-09,2.008377592344046e-06,0.0045754729846703,0.9953419514014692,8.055800398619508e-05,3,1,E11-L89,19-45385467-46168469
2918,19:46161036:T:A,19:45411941:T:C,2.714140036208957e-16,2.017772059443571e-06,1.3451145280681358e-10,0.999997964431739,1.766169304752286e-08,1,1,E11-L89,19-45385467-46168469
103,9:22090935:C:T,9:22124140:A:T,7.130185836259035e-15,1.961410086952917e-08,2.8511910689086034e-08,0.0765852767801839,0.923414675093797,1,1,I24-I50,9-22080397-22126503
2081,16:69939705:G:T,16:69970529:A:G,5.307061597291825e-17,3.5902779643697645e-10,1.4781679497721217e-07,0.9999947553497506,5.0964744275192e-06,1,1,H26-M17,16-69546741-70383554
4749,17:44184194:G:GAACTGAGGAGATATGGA,17:43900760:G:A,1.9591738999038376e-14,1.0368182736835262e-06,1.6672083730714166e-08,0.8820707665097094,0.1179281799999149,1,1,J84-M16,17-43571419-44866603
5174,6:161013013:T:C,6:161010118:A:G,6.438080809211858e-63,4.028934761971104e-07,1.5979603975683721e-56,0.9999995937860404,3.320470997688724e-09,2,1,I25-I70,6-160241487-161661100
5174,6:161017363:G:A,6:161010118:A:G,3.5563667527842627e-11,4.028437256626097e-07,8.827061042860458e-05,0.9998760401724468,3.528633783601284e-05,4,1,I25-I70,6-160241487-161661100
5174,6:161010118:A:G,6:161010118:A:G,5.10872205173168e-129,2.112350134779986e-09,1.2680076194711254e-122,0.0032494462302245,0.9967505516574312,1,1,I25-I70,6-160241487-161661100
5174,6:160891897:C:A,6:161010118:A:G,3.847990823277914e-21,4.028934249982266e-07,9.550885004435748e-15,0.9999994664534884,1.3065307834618974e-07,3,1,I25-I70,6-160241487-161661100
5174,6:160575366:G:A,6:161010118:A:G,1.3249502304759218e-08,3.8951104221261916e-07,0.0328858562014356,0.9667831340138252,0.00033060702419580667,5,1,I25-I70,6-160241487-161661100
5174,6:161013013:T:C,6:161111700:C:T,8.264031086963866e-60,0.0005171609848798174,7.953867088636812e-58,0.0478718780732165,0.9516109609419028,2,2,I25-I70,6-160241487-161661100
5174,6:161017363:G:A,6:161111700:C:T,9.070191724626356e-07,0.0102741648452372,8.729771062930037e-05,0.9888541229723958,0.0007835074525654112,4,2,I25-I70,6-160241487-161661100
5174,6:161010118:A:G,6:161111700:C:T,2.4867271785856395e-122,0.0102820988060329,2.3933958205180352e-120,0.989619110899855,9.879029412046684e-05,1,2,I25-I70,6-160241487-161661100
5174,6:160891897:C:A,6:161111700:C:T,9.768758449803962e-17,0.0102281131389736,9.402119318416624e-15,0.9844126412328644,0.0053592456281539,3,2,I25-I70,6-160241487-161661100
5174,6:160575366:G:A,6:161111700:C:T,0.0003379408014803429,0.0099348391179564,0.0325257273419764,0.956194654264761,0.0010068384738254,5,2,I25-I70,6-160241487-161661100
5174,6:161013013:T:C,6:160985526:G:A,1.3506000751924397e-65,8.452021268011615e-10,1.5979610452938377e-56,0.9999999991376284,1.7159773853084497e-11,2,1,I25-I65,6-160241487-161661100
5174,6:161017363:G:A,6:160985526:G:A,7.460910926906974e-14,8.451268847002431e-10,8.827368843368258e-05,0.9999109750249552,7.504414113162597e-07,4,1,I25-I65,6-160241487-161661100
5174,6:161010118:A:G,6:160985526:G:A,1.4479081517679217e-131,5.986798554639097e-12,1.7130909928010114e-122,0.0050934612774656,0.994906538716566,1,1,I25-I65,6-160241487-161661100
5174,6:160891897:C:A,6:160985526:G:A,8.072432623371807e-24,8.45202126788646e-10,9.550890089406674e-15,0.9999999991227853,3.200093934853343e-11,3,1,I25-I65,6-160241487-161661100
5174,6:160575366:G:A,6:160985526:G:A,2.7795079065775964e-11,8.171242938992263e-10,0.0328857182920295,0.9667790705238491,0.0003352103392029742,5,1,I25-I65,6-160241487-161661100
49,19:45411941:T:C,19:45411941:T:C,2.1411616108955887e-14,6.971914725574237e-09,1.0862522279898794e-08,0.0015400658228919,0.9984599163426512,1,1,I67-L89,19-45410941-45425351
2159,4:111718067:A:G,4:111710169:C:T,0.0,2.6847309059346943e-10,0.0,0.8925144139786747,0.1074855857528106,1,1,I48-I50,4-111312489-112077097
2159,4:111584419:C:T,4:111710169:C:T,1.0751394158232276e-48,3.0073289283069907e-10,3.575064255106698e-39,0.9999999996936566,5.614786073195817e-12,3,1,I48-I50,4-111312489-112077097
2159,4:111658394:C:T,4:111710169:C:T,2.4036614803636818e-29,3.000505240123409e-10,7.992679008280294e-20,0.9977264329936548,0.0022735667062998,5,1,I48-I50,4-111312489-112077097
2159,4:111770426:G:A,4:111710169:C:T,1.1642995702662785e-15,3.007317164377346e-10,3.871540485480111e-06,0.9999960878594932,4.029929015732751e-08,7,1,I48-I50,4-111312489-112077097
2159,4:111762856:G:A,4:111710169:C:T,7.566763676911313e-39,3.0073289281838664e-10,2.5161077670519657e-29,0.9999999996526155,4.6650099979443335e-11,2,1,I48-I50,4-111312489-112077097
2159,4:111910151:G:A,4:111710169:C:T,9.023296610946351e-31,3.007328928309982e-10,3.000435543730791e-21,0.9999999996946372,4.6290949242853956e-12,6,1,I48-I50,4-111312489-112077097
2159,4:111726847:C:T,4:111710169:C:T,7.160110703979855e-32,3.00732892831135e-10,2.3808871169331203e-22,0.999999999695092,4.172875309963744e-12,9,1,I48-I50,4-111312489-112077097
2159,4:111722809:G:A,4:111710169:C:T,1.2662402747237225e-64,3.007328928316436e-10,4.210514727594703e-55,0.9999999996967972,2.468586158780543e-12,4,1,I48-I50,4-111312489-112077097
2159,4:111604642:C:T,4:111710169:C:T,4.924133918305013e-13,3.002332000122051e-10,0.0016373778971921,0.9983383676664098,2.425413567230031e-05,8,1,I48-I50,4-111312489-112077097
2248,6:161010118:A:G,6:160766334:C:T,4.558812824508163e-31,0.0330641749394866,1.329259509348621e-29,0.9640801295718118,0.0028556954887047,1,2,I35-N18,6-160467180-161124451
2248,6:161013013:T:C,6:160766334:C:T,4.199862556673477e-10,0.0331430043506876,1.2245967220682484e-08,0.9663834032725768,0.0004735797107808917,2,2,I35-N18,6-160467180-161124451
2248,6:161010118:A:G,6:160661168:T:G,9.381229198762694e-33,0.000680402147040933,1.3776782705299248e-29,0.9992027848054778,0.00011681304747988148,1,1,I35-N18,6-160467180-161124451
2248,6:161013013:T:C,6:160661168:T:G,8.622946627120157e-12,0.0006804755006191262,1.2663208567262732e-08,0.999310724085728,8.78774182152975e-06,2,1,I35-N18,6-160467180-161124451
2918,19:46164766:G:A,19:45411941:T:C,1.796786059701364e-06,0.0003908703730514886,0.0045730904790993,0.9948234038488992,0.00021083851288988977,3,1,E11-K76,19-45385467-46168469
2918,19:46161036:T:A,19:45411941:T:C,5.2829054951545784e-14,0.00039274683540990073,1.3445788212475504e-10,0.9995996890281578,7.56400192115721e-06,1,1,E11-K76,19-45385467-46168469
